file_path,true_label_num,score_fake_a,pred_label_num_a,score_fake_b,pred_label_num_b
D:/Final_Year_Project/Deepfake_Dissertation/dataset/standardized/tamil/real/ta_real_000001.wav,0,0.0,0,2.842904080549436e-12,0
D:/Final_Year_Project/Deepfake_Dissertation/dataset/standardized/tamil/real/ta_real_000002.wav,0,0.0,0,0.0064109857194125,0
D:/Final_Year_Project/Deepfake_Dissertation/dataset/standardized/tamil/real/ta_real_000003.wav,0,0.0,0,0.001504139159806,0
D:/Final_Year_Project/Deepfake_Dissertation/dataset/standardized/tamil/real/ta_real_000004.wav,0,0.0,0,0.0102743990719318,0
D:/Final_Year_Project/Deepfake_Dissertation/dataset/standardized/tamil/real/ta_real_000005.wav,0,0.0033333333333333,0,0.0129141127690672,0
D:/Final_Year_Project/Deepfake_Dissertation/dataset/standardized/tamil/real/ta_real_000006.wav,0,0.0033333333333333,0,1.056506334862206e-06,0
D:/Final_Year_Project/Deepfake_Dissertation/dataset/standardized/tamil/real/ta_real_000007.wav,0,0.0,0,0.0014438624493777,0
D:/Final_Year_Project/Deepfake_Dissertation/dataset/standardized/tamil/real/ta_real_000008.wav,0,0.0133333333333333,0,4.857518433709629e-05,0
D:/Final_Year_Project/Deepfake_Dissertation/dataset/standardized/tamil/real/ta_real_000009.wav,0,0.0033333333333333,0,0.0048006153665483,0
D:/Final_Year_Project/Deepfake_Dissertation/dataset/standardized/tamil/real/ta_real_000010.wav,0,0.0,0,0.0026348398532718,0
D:/Final_Year_Project/Deepfake_Dissertation/dataset/standardized/tamil/real/ta_real_000011.wav,0,0.0033333333333333,0,4.647715741157299e-06,0
D:/Final_Year_Project/Deepfake_Dissertation/dataset/standardized/tamil/real/ta_real_000012.wav,0,0.0,0,0.0005602393648587,0
D:/Final_Year_Project/Deepfake_Dissertation/dataset/standardized/tamil/real/ta_real_000013.wav,0,0.0,0,0.0248749665915966,0
D:/Final_Year_Project/Deepfake_Dissertation/dataset/standardized/tamil/real/ta_real_000014.wav,0,0.0,0,0.0088266562670469,0
D:/Final_Year_Project/Deepfake_Dissertation/dataset/standardized/tamil/real/ta_real_000015.wav,0,0.0,0,0.0408660545945167,0
D:/Final_Year_Project/Deepfake_Dissertation/dataset/standardized/tamil/real/ta_real_000016.wav,0,0.0,0,0.0230049714446067,0
D:/Final_Year_Project/Deepfake_Dissertation/dataset/standardized/tamil/real/ta_real_000017.wav,0,0.0,0,0.0106267668306827,0
D:/Final_Year_Project/Deepfake_Dissertation/dataset/standardized/tamil/real/ta_real_000018.wav,0,0.0,0,1.1470725439721718e-05,0
D:/Final_Year_Project/Deepfake_Dissertation/dataset/standardized/tamil/real/ta_real_000019.wav,0,0.0,0,0.0047980672679841,0
D:/Final_Year_Project/Deepfake_Dissertation/dataset/standardized/tamil/real/ta_real_000020.wav,0,0.0,0,0.0002574611571617,0
D:/Final_Year_Project/Deepfake_Dissertation/dataset/standardized/tamil/real/ta_real_000021.wav,0,0.0,0,6.638561558247602e-07,0
D:/Final_Year_Project/Deepfake_Dissertation/dataset/standardized/tamil/real/ta_real_000022.wav,0,0.0066666666666666,0,2.0832311841290782e-13,0
D:/Final_Year_Project/Deepfake_Dissertation/dataset/standardized/tamil/real/ta_real_000023.wav,0,0.0066666666666666,0,3.3073572092839898e-12,0
D:/Final_Year_Project/Deepfake_Dissertation/dataset/standardized/tamil/real/ta_real_000024.wav,0,0.0,0,8.739500234611342e-10,0
D:/Final_Year_Project/Deepfake_Dissertation/dataset/standardized/tamil/real/ta_real_000025.wav,0,0.0,0,4.625880841574448e-13,0
D:/Final_Year_Project/Deepfake_Dissertation/dataset/standardized/tamil/real/ta_real_000026.wav,0,0.0,0,3.972016725944938e-12,0
D:/Final_Year_Project/Deepfake_Dissertation/dataset/standardized/tamil/real/ta_real_000027.wav,0,0.0033333333333333,0,6.875341767263732e-13,0
D:/Final_Year_Project/Deepfake_Dissertation/dataset/standardized/tamil/real/ta_real_000028.wav,0,0.0,0,6.695792358069053e-12,0
D:/Final_Year_Project/Deepfake_Dissertation/dataset/standardized/tamil/real/ta_real_000029.wav,0,0.0033333333333333,0,9.811706114248864e-09,0
D:/Final_Year_Project/Deepfake_Dissertation/dataset/standardized/tamil/real/ta_real_000030.wav,0,0.0066666666666666,0,0.0027441368438303,0
D:/Final_Year_Project/Deepfake_Dissertation/dataset/standardized/tamil/real/ta_real_000031.wav,0,0.0,0,7.934207069126842e-09,0
D:/Final_Year_Project/Deepfake_Dissertation/dataset/standardized/tamil/real/ta_real_000032.wav,0,0.0033333333333333,0,3.6428954786060796e-07,0
D:/Final_Year_Project/Deepfake_Dissertation/dataset/standardized/tamil/real/ta_real_000033.wav,0,0.0166666666666666,0,2.9616083452310704e-07,0
D:/Final_Year_Project/Deepfake_Dissertation/dataset/standardized/tamil/real/ta_real_000034.wav,0,0.0066666666666666,0,0.0198989287018775,0
D:/Final_Year_Project/Deepfake_Dissertation/dataset/standardized/tamil/real/ta_real_000035.wav,0,0.0033333333333333,0,1.065014998857805e-06,0
D:/Final_Year_Project/Deepfake_Dissertation/dataset/standardized/tamil/real/ta_real_000036.wav,0,0.01,0,2.489459234311653e-07,0
D:/Final_Year_Project/Deepfake_Dissertation/dataset/standardized/tamil/real/ta_real_000037.wav,0,0.0066666666666666,0,4.421548638333661e-08,0
D:/Final_Year_Project/Deepfake_Dissertation/dataset/standardized/tamil/real/ta_real_000038.wav,0,0.0,0,2.4667518461890525e-12,0
D:/Final_Year_Project/Deepfake_Dissertation/dataset/standardized/tamil/real/ta_real_000039.wav,0,0.0,0,9.977928178790329e-14,0
D:/Final_Year_Project/Deepfake_Dissertation/dataset/standardized/tamil/real/ta_real_000040.wav,0,0.0,0,6.201017477280857e-10,0
D:/Final_Year_Project/Deepfake_Dissertation/dataset/standardized/tamil/real/ta_real_000041.wav,0,0.0,0,5.234109586721436e-12,0
D:/Final_Year_Project/Deepfake_Dissertation/dataset/standardized/tamil/real/ta_real_000042.wav,0,0.0,0,7.431688185850771e-14,0
D:/Final_Year_Project/Deepfake_Dissertation/dataset/standardized/tamil/real/ta_real_000043.wav,0,0.0133333333333333,0,8.12828802736476e-05,0
D:/Final_Year_Project/Deepfake_Dissertation/dataset/standardized/tamil/real/ta_real_000044.wav,0,0.0066666666666666,0,5.590528598986566e-05,0
D:/Final_Year_Project/Deepfake_Dissertation/dataset/standardized/tamil/real/ta_real_000045.wav,0,0.0,0,0.0001095649859053,0
D:/Final_Year_Project/Deepfake_Dissertation/dataset/standardized/tamil/real/ta_real_000046.wav,0,0.0,0,1.3508637541903568e-09,0
D:/Final_Year_Project/Deepfake_Dissertation/dataset/standardized/tamil/real/ta_real_000047.wav,0,0.0,0,2.6216835234856017e-13,0
D:/Final_Year_Project/Deepfake_Dissertation/dataset/standardized/tamil/real/ta_real_000048.wav,0,0.0,0,1.7976362043890806e-13,0
D:/Final_Year_Project/Deepfake_Dissertation/dataset/standardized/tamil/real/ta_real_000049.wav,0,0.0,0,9.16166881942404e-12,0
D:/Final_Year_Project/Deepfake_Dissertation/dataset/standardized/tamil/real/ta_real_000050.wav,0,0.0033333333333333,0,3.4489739623305704e-12,0
D:/Final_Year_Project/Deepfake_Dissertation/dataset/standardized/tamil/real/ta_real_000051.wav,0,0.0,0,1.0420633106411614e-11,0
D:/Final_Year_Project/Deepfake_Dissertation/dataset/standardized/tamil/real/ta_real_000052.wav,0,0.0,0,1.3055078719459434e-11,0
D:/Final_Year_Project/Deepfake_Dissertation/dataset/standardized/tamil/real/ta_real_000053.wav,0,0.0,0,4.800139886268484e-12,0
D:/Final_Year_Project/Deepfake_Dissertation/dataset/standardized/tamil/real/ta_real_000054.wav,0,0.0,0,8.768078303910294e-19,0
D:/Final_Year_Project/Deepfake_Dissertation/dataset/standardized/tamil/real/ta_real_000055.wav,0,0.0,0,3.752717537761074e-13,0
D:/Final_Year_Project/Deepfake_Dissertation/dataset/standardized/tamil/real/ta_real_000056.wav,0,0.0,0,1.100651213508004e-14,0
D:/Final_Year_Project/Deepfake_Dissertation/dataset/standardized/tamil/real/ta_real_000057.wav,0,0.0,0,2.61184946071094e-18,0
D:/Final_Year_Project/Deepfake_Dissertation/dataset/standardized/tamil/real/ta_real_000058.wav,0,0.0,0,2.291932453625024e-15,0
D:/Final_Year_Project/Deepfake_Dissertation/dataset/standardized/tamil/real/ta_real_000059.wav,0,0.0,0,7.636082738349259e-11,0
D:/Final_Year_Project/Deepfake_Dissertation/dataset/standardized/tamil/real/ta_real_000060.wav,0,0.0,0,6.039765042265e-14,0
D:/Final_Year_Project/Deepfake_Dissertation/dataset/standardized/tamil/real/ta_real_000061.wav,0,0.0,0,3.836965467574061e-13,0
D:/Final_Year_Project/Deepfake_Dissertation/dataset/standardized/tamil/real/ta_real_000062.wav,0,0.0,0,5.115307591570252e-13,0
D:/Final_Year_Project/Deepfake_Dissertation/dataset/standardized/tamil/real/ta_real_000063.wav,0,0.0,0,5.319782801934108e-15,0
D:/Final_Year_Project/Deepfake_Dissertation/dataset/standardized/tamil/real/ta_real_000064.wav,0,0.0,0,1.232693718523643e-15,0
D:/Final_Year_Project/Deepfake_Dissertation/dataset/standardized/tamil/real/ta_real_000065.wav,0,0.0,0,6.788994921791414e-10,0
D:/Final_Year_Project/Deepfake_Dissertation/dataset/standardized/tamil/real/ta_real_000066.wav,0,0.0,0,2.959512357847416e-06,0
D:/Final_Year_Project/Deepfake_Dissertation/dataset/standardized/tamil/real/ta_real_000067.wav,0,0.0033333333333333,0,7.986028549566981e-08,0
D:/Final_Year_Project/Deepfake_Dissertation/dataset/standardized/tamil/real/ta_real_000068.wav,0,0.0,0,1.1072791616169742e-15,0
D:/Final_Year_Project/Deepfake_Dissertation/dataset/standardized/tamil/real/ta_real_000069.wav,0,0.0133333333333333,0,3.6284861835156335e-06,0
D:/Final_Year_Project/Deepfake_Dissertation/dataset/standardized/tamil/real/ta_real_000070.wav,0,0.0,0,3.9952083308314457e-11,0
D:/Final_Year_Project/Deepfake_Dissertation/dataset/standardized/tamil/real/ta_real_000071.wav,0,0.0,0,2.8237978622058785e-10,0
D:/Final_Year_Project/Deepfake_Dissertation/dataset/standardized/tamil/real/ta_real_000072.wav,0,0.0,0,1.5031377184615554e-11,0
D:/Final_Year_Project/Deepfake_Dissertation/dataset/standardized/tamil/real/ta_real_000073.wav,0,0.0,0,3.2589535237104166e-11,0
D:/Final_Year_Project/Deepfake_Dissertation/dataset/standardized/tamil/real/ta_real_000074.wav,0,0.0,0,1.4672678003146977e-11,0
D:/Final_Year_Project/Deepfake_Dissertation/dataset/standardized/tamil/real/ta_real_000075.wav,0,0.0,0,1.0574312536704156e-09,0
D:/Final_Year_Project/Deepfake_Dissertation/dataset/standardized/tamil/real/ta_real_000076.wav,0,0.0,0,4.796122266698122e-12,0
D:/Final_Year_Project/Deepfake_Dissertation/dataset/standardized/tamil/real/ta_real_000077.wav,0,0.0,0,2.610409458037033e-11,0
D:/Final_Year_Project/Deepfake_Dissertation/dataset/standardized/tamil/real/ta_real_000078.wav,0,0.0,0,5.5702279594394e-11,0
D:/Final_Year_Project/Deepfake_Dissertation/dataset/standardized/tamil/real/ta_real_000079.wav,0,0.0,0,1.6227402754864784e-10,0
D:/Final_Year_Project/Deepfake_Dissertation/dataset/standardized/tamil/real/ta_real_000080.wav,0,0.0,0,1.931601101290425e-09,0
D:/Final_Year_Project/Deepfake_Dissertation/dataset/standardized/tamil/real/ta_real_000081.wav,0,0.0,0,1.337996269334951e-09,0
D:/Final_Year_Project/Deepfake_Dissertation/dataset/standardized/tamil/real/ta_real_000082.wav,0,0.0,0,5.947962955499264e-11,0
D:/Final_Year_Project/Deepfake_Dissertation/dataset/standardized/tamil/real/ta_real_000083.wav,0,0.0,0,3.77838125370511e-12,0
D:/Final_Year_Project/Deepfake_Dissertation/dataset/standardized/tamil/real/ta_real_000084.wav,0,0.0,0,2.0297955316550546e-08,0
D:/Final_Year_Project/Deepfake_Dissertation/dataset/standardized/tamil/real/ta_real_000085.wav,0,0.0033333333333333,0,1.341945933884634e-15,0
D:/Final_Year_Project/Deepfake_Dissertation/dataset/standardized/tamil/real/ta_real_000086.wav,0,0.0033333333333333,0,8.433246323491517e-10,0
D:/Final_Year_Project/Deepfake_Dissertation/dataset/standardized/tamil/real/ta_real_000087.wav,0,0.0,0,1.9260890105066156e-10,0
D:/Final_Year_Project/Deepfake_Dissertation/dataset/standardized/tamil/real/ta_real_000088.wav,0,0.0,0,2.1169903607898277e-09,0
D:/Final_Year_Project/Deepfake_Dissertation/dataset/standardized/tamil/real/ta_real_000089.wav,0,0.0,0,3.009301696721422e-10,0
D:/Final_Year_Project/Deepfake_Dissertation/dataset/standardized/tamil/real/ta_real_000090.wav,0,0.0,0,7.0014589681477454e-09,0
D:/Final_Year_Project/Deepfake_Dissertation/dataset/standardized/tamil/real/ta_real_000091.wav,0,0.2633333333333333,0,4.586466568947539e-14,0
D:/Final_Year_Project/Deepfake_Dissertation/dataset/standardized/tamil/real/ta_real_000092.wav,0,0.0,0,6.073613156463639e-14,0
D:/Final_Year_Project/Deepfake_Dissertation/dataset/standardized/tamil/real/ta_real_000093.wav,0,0.0,0,3.17731296468169e-16,0
D:/Final_Year_Project/Deepfake_Dissertation/dataset/standardized/tamil/real/ta_real_000094.wav,0,0.0,0,6.7287619703523815e-15,0
D:/Final_Year_Project/Deepfake_Dissertation/dataset/standardized/tamil/real/ta_real_000095.wav,0,0.0,0,9.060745318097141e-14,0
D:/Final_Year_Project/Deepfake_Dissertation/dataset/standardized/tamil/real/ta_real_000096.wav,0,0.0033333333333333,0,4.5659287304820537e-14,0
D:/Final_Year_Project/Deepfake_Dissertation/dataset/standardized/tamil/real/ta_real_000097.wav,0,0.2233333333333333,0,1.6745878017587754e-09,0
D:/Final_Year_Project/Deepfake_Dissertation/dataset/standardized/tamil/real/ta_real_000098.wav,0,0.0,0,3.138260245950735e-16,0
D:/Final_Year_Project/Deepfake_Dissertation/dataset/standardized/tamil/real/ta_real_000099.wav,0,0.0,0,0.0036388863809406,0
D:/Final_Year_Project/Deepfake_Dissertation/dataset/standardized/tamil/real/ta_real_000100.wav,0,0.0,0,3.0471476036852962e-12,0
D:/Final_Year_Project/Deepfake_Dissertation/dataset/standardized/tamil/real/ta_real_000101.wav,0,0.0066666666666666,0,2.277506405690133e-09,0
D:/Final_Year_Project/Deepfake_Dissertation/dataset/standardized/tamil/real/ta_real_000102.wav,0,0.0,0,1.2290760423305793e-11,0
D:/Final_Year_Project/Deepfake_Dissertation/dataset/standardized/tamil/real/ta_real_000103.wav,0,0.0,0,0.0004359749436844,0
D:/Final_Year_Project/Deepfake_Dissertation/dataset/standardized/tamil/real/ta_real_000104.wav,0,0.4233333333333333,0,1.168677615348123e-14,0
D:/Final_Year_Project/Deepfake_Dissertation/dataset/standardized/tamil/real/ta_real_000105.wav,0,0.3933333333333333,0,8.32778965786929e-08,0
D:/Final_Year_Project/Deepfake_Dissertation/dataset/standardized/tamil/real/ta_real_000106.wav,0,0.0,0,5.0719216153349844e-12,0
D:/Final_Year_Project/Deepfake_Dissertation/dataset/standardized/tamil/real/ta_real_000107.wav,0,0.0,0,3.665326289009618e-12,0
D:/Final_Year_Project/Deepfake_Dissertation/dataset/standardized/tamil/real/ta_real_000108.wav,0,0.0,0,4.7328040791994035e-11,0
D:/Final_Year_Project/Deepfake_Dissertation/dataset/standardized/tamil/real/ta_real_000109.wav,0,0.0,0,1.4442520956947646e-08,0
D:/Final_Year_Project/Deepfake_Dissertation/dataset/standardized/tamil/real/ta_real_000110.wav,0,0.0033333333333333,0,3.751277621866223e-10,0
D:/Final_Year_Project/Deepfake_Dissertation/dataset/standardized/tamil/real/ta_real_000111.wav,0,0.0066666666666666,0,3.17642266656204e-12,0
D:/Final_Year_Project/Deepfake_Dissertation/dataset/standardized/tamil/real/ta_real_000112.wav,0,0.0,0,6.134762952569872e-05,0
D:/Final_Year_Project/Deepfake_Dissertation/dataset/standardized/tamil/real/ta_real_000113.wav,0,0.0,0,6.009108346916037e-06,0
D:/Final_Year_Project/Deepfake_Dissertation/dataset/standardized/tamil/real/ta_real_000114.wav,0,0.0,0,6.534150998049881e-07,0
D:/Final_Year_Project/Deepfake_Dissertation/dataset/standardized/tamil/real/ta_real_000115.wav,0,0.0,0,0.0008158812415786,0
D:/Final_Year_Project/Deepfake_Dissertation/dataset/standardized/tamil/real/ta_real_000116.wav,0,0.0,0,4.980357516615186e-06,0
D:/Final_Year_Project/Deepfake_Dissertation/dataset/standardized/tamil/real/ta_real_000117.wav,0,0.0033333333333333,0,1.7075147979994654e-06,0
D:/Final_Year_Project/Deepfake_Dissertation/dataset/standardized/tamil/real/ta_real_000118.wav,0,0.0,0,1.498214601269865e-07,0
D:/Final_Year_Project/Deepfake_Dissertation/dataset/standardized/tamil/real/ta_real_000119.wav,0,0.0,0,5.627160959420507e-09,0
D:/Final_Year_Project/Deepfake_Dissertation/dataset/standardized/tamil/real/ta_real_000120.wav,0,0.0033333333333333,0,4.7123379772529006e-05,0
D:/Final_Year_Project/Deepfake_Dissertation/dataset/standardized/tamil/real/ta_real_000121.wav,0,0.0066666666666666,0,2.973240043502301e-05,0
D:/Final_Year_Project/Deepfake_Dissertation/dataset/standardized/tamil/real/ta_real_000122.wav,0,0.0,0,7.300546712940559e-05,0
D:/Final_Year_Project/Deepfake_Dissertation/dataset/standardized/tamil/real/ta_real_000123.wav,0,0.0,0,2.2907968741492368e-05,0
D:/Final_Year_Project/Deepfake_Dissertation/dataset/standardized/tamil/real/ta_real_000124.wav,0,0.0,0,1.588951636222191e-05,0
D:/Final_Year_Project/Deepfake_Dissertation/dataset/standardized/tamil/real/ta_real_000125.wav,0,0.0,0,1.642686811464955e-06,0
D:/Final_Year_Project/Deepfake_Dissertation/dataset/standardized/tamil/real/ta_real_000126.wav,0,0.0,0,9.469204087508842e-06,0
D:/Final_Year_Project/Deepfake_Dissertation/dataset/standardized/tamil/real/ta_real_000127.wav,0,0.0066666666666666,0,1.246102328877896e-05,0
D:/Final_Year_Project/Deepfake_Dissertation/dataset/standardized/tamil/real/ta_real_000128.wav,0,0.0,0,4.728534258902073e-05,0
D:/Final_Year_Project/Deepfake_Dissertation/dataset/standardized/tamil/real/ta_real_000129.wav,0,0.0,0,2.6135330699617043e-06,0
D:/Final_Year_Project/Deepfake_Dissertation/dataset/standardized/tamil/real/ta_real_000130.wav,0,0.0033333333333333,0,1.0674859822756844e-06,0
D:/Final_Year_Project/Deepfake_Dissertation/dataset/standardized/tamil/real/ta_real_000131.wav,0,0.0,0,1.32600762299262e-05,0
D:/Final_Year_Project/Deepfake_Dissertation/dataset/standardized/tamil/real/ta_real_000132.wav,0,0.0,0,0.1570279747247696,0
D:/Final_Year_Project/Deepfake_Dissertation/dataset/standardized/tamil/real/ta_real_000133.wav,0,0.0,0,7.598347906423443e-08,0
D:/Final_Year_Project/Deepfake_Dissertation/dataset/standardized/tamil/real/ta_real_000134.wav,0,0.0,0,0.0171280279755592,0
D:/Final_Year_Project/Deepfake_Dissertation/dataset/standardized/tamil/real/ta_real_000135.wav,0,0.0133333333333333,0,0.0001129417069023,0
D:/Final_Year_Project/Deepfake_Dissertation/dataset/standardized/tamil/real/ta_real_000136.wav,0,0.0033333333333333,0,0.0096233803778886,0
D:/Final_Year_Project/Deepfake_Dissertation/dataset/standardized/tamil/real/ta_real_000137.wav,0,0.0,0,0.0049285730347037,0
D:/Final_Year_Project/Deepfake_Dissertation/dataset/standardized/tamil/real/ta_real_000138.wav,0,0.0066666666666666,0,0.0007468057447113,0
D:/Final_Year_Project/Deepfake_Dissertation/dataset/standardized/tamil/real/ta_real_000139.wav,0,0.0066666666666666,0,0.0009974435670301,0
D:/Final_Year_Project/Deepfake_Dissertation/dataset/standardized/tamil/real/ta_real_000140.wav,0,0.2,0,6.113856814106346e-16,0
D:/Final_Year_Project/Deepfake_Dissertation/dataset/standardized/tamil/real/ta_real_000141.wav,0,0.0,0,3.2490272587892832e-06,0
D:/Final_Year_Project/Deepfake_Dissertation/dataset/standardized/tamil/real/ta_real_000142.wav,0,0.0,0,7.403947165585123e-06,0
D:/Final_Year_Project/Deepfake_Dissertation/dataset/standardized/tamil/real/ta_real_000143.wav,0,0.0,0,8.527031241101213e-07,0
D:/Final_Year_Project/Deepfake_Dissertation/dataset/standardized/tamil/real/ta_real_000144.wav,0,0.0,0,2.659322415055065e-11,0
D:/Final_Year_Project/Deepfake_Dissertation/dataset/standardized/tamil/real/ta_real_000145.wav,0,0.0,0,2.4858578940418173e-15,0
D:/Final_Year_Project/Deepfake_Dissertation/dataset/standardized/tamil/real/ta_real_000146.wav,0,0.0,0,1.5486168378774402e-16,0
D:/Final_Year_Project/Deepfake_Dissertation/dataset/standardized/tamil/real/ta_real_000147.wav,0,0.0,0,3.956087708941944e-15,0
D:/Final_Year_Project/Deepfake_Dissertation/dataset/standardized/tamil/real/ta_real_000148.wav,0,0.0,0,5.507438038607204e-13,0
D:/Final_Year_Project/Deepfake_Dissertation/dataset/standardized/tamil/real/ta_real_000149.wav,0,0.0,0,3.5177454699164556e-11,0
D:/Final_Year_Project/Deepfake_Dissertation/dataset/standardized/tamil/real/ta_real_000150.wav,0,0.0,0,1.0336979177087615e-14,0
D:/Final_Year_Project/Deepfake_Dissertation/dataset/standardized/tamil/real/ta_real_000151.wav,0,0.0,0,2.9372329763723004e-13,0
D:/Final_Year_Project/Deepfake_Dissertation/dataset/standardized/tamil/real/ta_real_000152.wav,0,0.43,0,2.09662677302068e-15,0
D:/Final_Year_Project/Deepfake_Dissertation/dataset/standardized/tamil/real/ta_real_000153.wav,0,0.0,0,1.7745558620659306e-17,0
D:/Final_Year_Project/Deepfake_Dissertation/dataset/standardized/tamil/real/ta_real_000154.wav,0,0.0,0,1.5163521993599718e-07,0
D:/Final_Year_Project/Deepfake_Dissertation/dataset/standardized/tamil/real/ta_real_000155.wav,0,0.0,0,1.8901254179581883e-06,0
D:/Final_Year_Project/Deepfake_Dissertation/dataset/standardized/tamil/real/ta_real_000156.wav,0,0.0033333333333333,0,0.0020589651539921,0
D:/Final_Year_Project/Deepfake_Dissertation/dataset/standardized/tamil/real/ta_real_000157.wav,0,0.0,0,4.6011718950467184e-05,0
D:/Final_Year_Project/Deepfake_Dissertation/dataset/standardized/tamil/real/ta_real_000158.wav,0,0.0,0,5.358687533421266e-14,0
D:/Final_Year_Project/Deepfake_Dissertation/dataset/standardized/tamil/real/ta_real_000159.wav,0,0.0,0,4.065587927079562e-13,0
D:/Final_Year_Project/Deepfake_Dissertation/dataset/standardized/tamil/real/ta_real_000160.wav,0,0.0033333333333333,0,0.0248877145349979,0
D:/Final_Year_Project/Deepfake_Dissertation/dataset/standardized/tamil/real/ta_real_000161.wav,0,0.0066666666666666,0,1.3033925824856851e-05,0
D:/Final_Year_Project/Deepfake_Dissertation/dataset/standardized/tamil/real/ta_real_000162.wav,0,0.0,0,3.2151561754290015e-05,0
D:/Final_Year_Project/Deepfake_Dissertation/dataset/standardized/tamil/real/ta_real_000163.wav,0,0.0,0,1.7284532987105194e-06,0
D:/Final_Year_Project/Deepfake_Dissertation/dataset/standardized/tamil/real/ta_real_000164.wav,0,0.0,0,9.62438207352534e-07,0
D:/Final_Year_Project/Deepfake_Dissertation/dataset/standardized/tamil/real/ta_real_000165.wav,0,0.0,0,1.7234891913631145e-07,0
D:/Final_Year_Project/Deepfake_Dissertation/dataset/standardized/tamil/real/ta_real_000166.wav,0,0.0,0,8.297711673321828e-08,0
D:/Final_Year_Project/Deepfake_Dissertation/dataset/standardized/tamil/real/ta_real_000167.wav,0,0.0066666666666666,0,9.712311111798044e-06,0
D:/Final_Year_Project/Deepfake_Dissertation/dataset/standardized/tamil/real/ta_real_000168.wav,0,0.0,0,3.1858085094427224e-06,0
D:/Final_Year_Project/Deepfake_Dissertation/dataset/standardized/tamil/real/ta_real_000169.wav,0,0.0033333333333333,0,8.416513446718454e-05,0
D:/Final_Year_Project/Deepfake_Dissertation/dataset/standardized/tamil/real/ta_real_000170.wav,0,0.0033333333333333,0,0.0008124758023768,0
D:/Final_Year_Project/Deepfake_Dissertation/dataset/standardized/tamil/real/ta_real_000171.wav,0,0.0,0,0.003452155040577,0
D:/Final_Year_Project/Deepfake_Dissertation/dataset/standardized/tamil/real/ta_real_000172.wav,0,0.0,0,0.0032460901420563,0
D:/Final_Year_Project/Deepfake_Dissertation/dataset/standardized/tamil/real/ta_real_000173.wav,0,0.0,0,9.068107465282084e-05,0
D:/Final_Year_Project/Deepfake_Dissertation/dataset/standardized/tamil/real/ta_real_000174.wav,0,0.0,0,0.0180181562900543,0
D:/Final_Year_Project/Deepfake_Dissertation/dataset/standardized/tamil/real/ta_real_000175.wav,0,0.0,0,1.576505383127369e-05,0
D:/Final_Year_Project/Deepfake_Dissertation/dataset/standardized/tamil/real/ta_real_000176.wav,0,0.0,0,5.230142414802685e-05,0
D:/Final_Year_Project/Deepfake_Dissertation/dataset/standardized/tamil/real/ta_real_000177.wav,0,0.0,0,5.436132414615713e-05,0
D:/Final_Year_Project/Deepfake_Dissertation/dataset/standardized/tamil/real/ta_real_000178.wav,0,0.0,0,4.678533116475592e-10,0
D:/Final_Year_Project/Deepfake_Dissertation/dataset/standardized/tamil/real/ta_real_000179.wav,0,0.0,0,8.757179009721838e-12,0
D:/Final_Year_Project/Deepfake_Dissertation/dataset/standardized/tamil/real/ta_real_000180.wav,0,0.0,0,0.0154411736875772,0
D:/Final_Year_Project/Deepfake_Dissertation/dataset/standardized/tamil/real/ta_real_000181.wav,0,0.0,0,1.596046246277183e-07,0
D:/Final_Year_Project/Deepfake_Dissertation/dataset/standardized/tamil/real/ta_real_000182.wav,0,0.0,0,1.955147297394433e-07,0
D:/Final_Year_Project/Deepfake_Dissertation/dataset/standardized/tamil/real/ta_real_000183.wav,0,0.0,0,2.719110803184321e-08,0
D:/Final_Year_Project/Deepfake_Dissertation/dataset/standardized/tamil/real/ta_real_000184.wav,0,0.0033333333333333,0,0.0005444399430416,0
D:/Final_Year_Project/Deepfake_Dissertation/dataset/standardized/tamil/real/ta_real_000185.wav,0,0.0,0,1.015468882314963e-07,0
D:/Final_Year_Project/Deepfake_Dissertation/dataset/standardized/tamil/real/ta_real_000186.wav,0,0.0,0,3.926767476514215e-06,0
D:/Final_Year_Project/Deepfake_Dissertation/dataset/standardized/tamil/real/ta_real_000187.wav,0,0.0,0,1.0530846594747345e-07,0
D:/Final_Year_Project/Deepfake_Dissertation/dataset/standardized/tamil/real/ta_real_000188.wav,0,0.0,0,3.156161028528004e-06,0
D:/Final_Year_Project/Deepfake_Dissertation/dataset/standardized/tamil/real/ta_real_000189.wav,0,0.0,0,8.47573573992122e-07,0
D:/Final_Year_Project/Deepfake_Dissertation/dataset/standardized/tamil/real/ta_real_000190.wav,0,0.0033333333333333,0,1.0878704603811682e-09,0
D:/Final_Year_Project/Deepfake_Dissertation/dataset/standardized/tamil/real/ta_real_000191.wav,0,0.0,0,1.7987748877207332e-13,0
D:/Final_Year_Project/Deepfake_Dissertation/dataset/standardized/tamil/real/ta_real_000192.wav,0,0.0066666666666666,0,1.0387858921569877e-13,0
D:/Final_Year_Project/Deepfake_Dissertation/dataset/standardized/tamil/real/ta_real_000193.wav,0,0.0033333333333333,0,3.159496319085631e-13,0
D:/Final_Year_Project/Deepfake_Dissertation/dataset/standardized/tamil/real/ta_real_000194.wav,0,0.0,0,9.508247731911461e-14,0
D:/Final_Year_Project/Deepfake_Dissertation/dataset/standardized/tamil/real/ta_real_000195.wav,0,0.0,0,3.149612298400384e-12,0
D:/Final_Year_Project/Deepfake_Dissertation/dataset/standardized/tamil/real/ta_real_000196.wav,0,0.0,0,5.434614997607001e-12,0
D:/Final_Year_Project/Deepfake_Dissertation/dataset/standardized/tamil/real/ta_real_000197.wav,0,0.0,0,1.0592333260506236e-10,0
D:/Final_Year_Project/Deepfake_Dissertation/dataset/standardized/tamil/real/ta_real_000198.wav,0,0.0,0,1.2150580888659056e-11,0
D:/Final_Year_Project/Deepfake_Dissertation/dataset/standardized/tamil/real/ta_real_000199.wav,0,0.0,0,0.0013362246099859,0
D:/Final_Year_Project/Deepfake_Dissertation/dataset/standardized/tamil/real/ta_real_000200.wav,0,0.0,0,9.991761196204152e-09,0
D:/Final_Year_Project/Deepfake_Dissertation/dataset/standardized/tamil/real/ta_real_000201.wav,0,0.0,0,2.011315154959448e-05,0
D:/Final_Year_Project/Deepfake_Dissertation/dataset/standardized/tamil/real/ta_real_000202.wav,0,0.0,0,0.0104077933356165,0
D:/Final_Year_Project/Deepfake_Dissertation/dataset/standardized/tamil/real/ta_real_000203.wav,0,0.0166666666666666,0,1.9238078152739038e-07,0
D:/Final_Year_Project/Deepfake_Dissertation/dataset/standardized/tamil/real/ta_real_000204.wav,0,0.0,0,1.0248393245149146e-08,0
D:/Final_Year_Project/Deepfake_Dissertation/dataset/standardized/tamil/real/ta_real_000205.wav,0,0.0,0,6.838913577666972e-07,0
D:/Final_Year_Project/Deepfake_Dissertation/dataset/standardized/tamil/real/ta_real_000206.wav,0,0.0033333333333333,0,2.879051237414388e-07,0
D:/Final_Year_Project/Deepfake_Dissertation/dataset/standardized/tamil/real/ta_real_000207.wav,0,0.0066666666666666,0,1.9611507013905798e-06,0
D:/Final_Year_Project/Deepfake_Dissertation/dataset/standardized/tamil/real/ta_real_000208.wav,0,0.19,0,1.227620305144228e-05,0
D:/Final_Year_Project/Deepfake_Dissertation/dataset/standardized/tamil/real/ta_real_000209.wav,0,0.0,0,2.6511785822247447e-11,0
D:/Final_Year_Project/Deepfake_Dissertation/dataset/standardized/tamil/real/ta_real_000210.wav,0,0.0,0,3.3633327234383614e-08,0
D:/Final_Year_Project/Deepfake_Dissertation/dataset/standardized/tamil/real/ta_real_000211.wav,0,0.0033333333333333,0,2.8864990909635573e-13,0
D:/Final_Year_Project/Deepfake_Dissertation/dataset/standardized/tamil/real/ta_real_000212.wav,0,0.0066666666666666,0,0.0001220894628204,0
D:/Final_Year_Project/Deepfake_Dissertation/dataset/standardized/tamil/real/ta_real_000213.wav,0,0.0,0,3.508964800857939e-05,0
D:/Final_Year_Project/Deepfake_Dissertation/dataset/standardized/tamil/real/ta_real_000214.wav,0,0.0033333333333333,0,0.0011303998762741,0
D:/Final_Year_Project/Deepfake_Dissertation/dataset/standardized/tamil/real/ta_real_000215.wav,0,0.0,0,0.0036324367392808,0
D:/Final_Year_Project/Deepfake_Dissertation/dataset/standardized/tamil/real/ta_real_000216.wav,0,0.0,0,5.808157948195003e-05,0
D:/Final_Year_Project/Deepfake_Dissertation/dataset/standardized/tamil/real/ta_real_000217.wav,0,0.0,0,0.0053108520805835,0
D:/Final_Year_Project/Deepfake_Dissertation/dataset/standardized/tamil/real/ta_real_000218.wav,0,0.0,0,0.0149236684665083,0
D:/Final_Year_Project/Deepfake_Dissertation/dataset/standardized/tamil/real/ta_real_000219.wav,0,0.0,0,1.2754104413217893e-13,0
D:/Final_Year_Project/Deepfake_Dissertation/dataset/standardized/tamil/real/ta_real_000220.wav,0,0.0033333333333333,0,3.71369460481219e-05,0
D:/Final_Year_Project/Deepfake_Dissertation/dataset/standardized/tamil/real/ta_real_000221.wav,0,0.0,0,1.495030228088057e-13,0
D:/Final_Year_Project/Deepfake_Dissertation/dataset/standardized/tamil/real/ta_real_000222.wav,0,0.0,0,7.29347485184384e-12,0
D:/Final_Year_Project/Deepfake_Dissertation/dataset/standardized/tamil/real/ta_real_000223.wav,0,0.0,0,5.145889372215606e-05,0
D:/Final_Year_Project/Deepfake_Dissertation/dataset/standardized/tamil/real/ta_real_000224.wav,0,0.0,0,0.0007087248959578,0
D:/Final_Year_Project/Deepfake_Dissertation/dataset/standardized/tamil/real/ta_real_000225.wav,0,0.02,0,8.163688325513676e-17,0
D:/Final_Year_Project/Deepfake_Dissertation/dataset/standardized/tamil/real/ta_real_000226.wav,0,0.0,0,2.0218296980199782e-14,0
D:/Final_Year_Project/Deepfake_Dissertation/dataset/standardized/tamil/real/ta_real_000227.wav,0,0.0,0,2.4759623604847518e-12,0
D:/Final_Year_Project/Deepfake_Dissertation/dataset/standardized/tamil/real/ta_real_000228.wav,0,0.0,0,2.811694358785012e-14,0
D:/Final_Year_Project/Deepfake_Dissertation/dataset/standardized/tamil/real/ta_real_000229.wav,0,0.0,0,2.5910991966393224e-14,0
D:/Final_Year_Project/Deepfake_Dissertation/dataset/standardized/tamil/real/ta_real_000230.wav,0,0.0,0,4.610835368026868e-13,0
D:/Final_Year_Project/Deepfake_Dissertation/dataset/standardized/tamil/real/ta_real_000231.wav,0,0.0,0,1.067373914812519e-14,0
D:/Final_Year_Project/Deepfake_Dissertation/dataset/standardized/tamil/real/ta_real_000232.wav,0,0.0,0,4.3089446941091395e-12,0
D:/Final_Year_Project/Deepfake_Dissertation/dataset/standardized/tamil/real/ta_real_000233.wav,0,0.0,0,2.9336704913214204e-14,0
D:/Final_Year_Project/Deepfake_Dissertation/dataset/standardized/tamil/real/ta_real_000234.wav,0,0.0,0,3.8952128274513166e-16,0
D:/Final_Year_Project/Deepfake_Dissertation/dataset/standardized/tamil/real/ta_real_000235.wav,0,0.0,0,9.19254602993469e-12,0
D:/Final_Year_Project/Deepfake_Dissertation/dataset/standardized/tamil/real/ta_real_000236.wav,0,0.0,0,1.568618515075226e-15,0
D:/Final_Year_Project/Deepfake_Dissertation/dataset/standardized/tamil/real/ta_real_000237.wav,0,0.0,0,5.3245565102182444e-14,0
D:/Final_Year_Project/Deepfake_Dissertation/dataset/standardized/tamil/real/ta_real_000238.wav,0,0.0,0,3.1463411520257778e-15,0
D:/Final_Year_Project/Deepfake_Dissertation/dataset/standardized/tamil/real/ta_real_000239.wav,0,0.0,0,4.3030941316633364e-17,0
D:/Final_Year_Project/Deepfake_Dissertation/dataset/standardized/tamil/real/ta_real_000240.wav,0,0.0,0,1.7217977260966524e-12,0
D:/Final_Year_Project/Deepfake_Dissertation/dataset/standardized/tamil/real/ta_real_000241.wav,0,0.0,0,4.812985139324155e-07,0
D:/Final_Year_Project/Deepfake_Dissertation/dataset/standardized/tamil/real/ta_real_000242.wav,0,0.0,0,1.7498723581255147e-09,0
D:/Final_Year_Project/Deepfake_Dissertation/dataset/standardized/tamil/real/ta_real_000243.wav,0,0.0,0,1.0900310876138521e-08,0
D:/Final_Year_Project/Deepfake_Dissertation/dataset/standardized/tamil/real/ta_real_000244.wav,0,0.0433333333333333,0,0.0004740467993542,0
D:/Final_Year_Project/Deepfake_Dissertation/dataset/standardized/tamil/real/ta_real_000245.wav,0,0.0,0,6.899789984152195e-13,0
D:/Final_Year_Project/Deepfake_Dissertation/dataset/standardized/tamil/real/ta_real_000246.wav,0,0.0,0,5.752385821502929e-15,0
D:/Final_Year_Project/Deepfake_Dissertation/dataset/standardized/tamil/real/ta_real_000247.wav,0,0.0,0,4.2826895711851233e-17,0
D:/Final_Year_Project/Deepfake_Dissertation/dataset/standardized/tamil/real/ta_real_000248.wav,0,0.0,0,5.74708127767075e-14,0
D:/Final_Year_Project/Deepfake_Dissertation/dataset/standardized/tamil/real/ta_real_000249.wav,0,0.0,0,4.149931622437564e-15,0
D:/Final_Year_Project/Deepfake_Dissertation/dataset/standardized/tamil/real/ta_real_000250.wav,0,0.0,0,2.260369456053013e-06,0
D:/Final_Year_Project/Deepfake_Dissertation/dataset/standardized/tamil/real/ta_real_000251.wav,0,0.0,0,4.572887889649224e-16,0
D:/Final_Year_Project/Deepfake_Dissertation/dataset/standardized/tamil/real/ta_real_000252.wav,0,0.0,0,3.219685721693638e-17,0
D:/Final_Year_Project/Deepfake_Dissertation/dataset/standardized/tamil/real/ta_real_000253.wav,0,0.0033333333333333,0,1.133911215790706e-12,0
D:/Final_Year_Project/Deepfake_Dissertation/dataset/standardized/tamil/real/ta_real_000254.wav,0,0.0,0,7.396713797014343e-11,0
D:/Final_Year_Project/Deepfake_Dissertation/dataset/standardized/tamil/real/ta_real_000255.wav,0,0.0,0,1.642169877413835e-06,0
D:/Final_Year_Project/Deepfake_Dissertation/dataset/standardized/tamil/real/ta_real_000256.wav,0,0.0,0,1.1312088190607028e-06,0
D:/Final_Year_Project/Deepfake_Dissertation/dataset/standardized/tamil/real/ta_real_000257.wav,0,0.0033333333333333,0,5.813229563500499e-06,0
D:/Final_Year_Project/Deepfake_Dissertation/dataset/standardized/tamil/real/ta_real_000258.wav,0,0.0,0,3.1849913284531794e-06,0
D:/Final_Year_Project/Deepfake_Dissertation/dataset/standardized/tamil/real/ta_real_000259.wav,0,0.0,0,5.597495328402147e-05,0
D:/Final_Year_Project/Deepfake_Dissertation/dataset/standardized/tamil/real/ta_real_000260.wav,0,0.0,0,1.2050047591694035e-11,0
D:/Final_Year_Project/Deepfake_Dissertation/dataset/standardized/tamil/real/ta_real_000261.wav,0,0.0,0,2.018238046730403e-05,0
D:/Final_Year_Project/Deepfake_Dissertation/dataset/standardized/tamil/real/ta_real_000262.wav,0,0.0,0,4.080708427417479e-12,0
D:/Final_Year_Project/Deepfake_Dissertation/dataset/standardized/tamil/real/ta_real_000263.wav,0,0.0,0,0.0021179765462875,0
D:/Final_Year_Project/Deepfake_Dissertation/dataset/standardized/tamil/real/ta_real_000264.wav,0,0.0033333333333333,0,1.2632141426632826e-12,0
D:/Final_Year_Project/Deepfake_Dissertation/dataset/standardized/tamil/real/ta_real_000265.wav,0,0.0033333333333333,0,6.306783030931087e-14,0
D:/Final_Year_Project/Deepfake_Dissertation/dataset/standardized/tamil/real/ta_real_000266.wav,0,0.0,0,2.8549268504818315e-10,0
D:/Final_Year_Project/Deepfake_Dissertation/dataset/standardized/tamil/real/ta_real_000267.wav,0,0.0033333333333333,0,1.693525580132481e-17,0
D:/Final_Year_Project/Deepfake_Dissertation/dataset/standardized/tamil/real/ta_real_000268.wav,0,0.0066666666666666,0,4.621412193900332e-12,0
D:/Final_Year_Project/Deepfake_Dissertation/dataset/standardized/tamil/real/ta_real_000269.wav,0,0.0033333333333333,0,6.239515740018299e-14,0
D:/Final_Year_Project/Deepfake_Dissertation/dataset/standardized/tamil/real/ta_real_000270.wav,0,0.0,0,3.308970935797517e-13,0
D:/Final_Year_Project/Deepfake_Dissertation/dataset/standardized/tamil/real/ta_real_000271.wav,0,0.0033333333333333,0,0.012777779251337,0
D:/Final_Year_Project/Deepfake_Dissertation/dataset/standardized/tamil/real/ta_real_000272.wav,0,0.0,0,7.622148897289127e-13,0
D:/Final_Year_Project/Deepfake_Dissertation/dataset/standardized/tamil/real/ta_real_000273.wav,0,0.0,0,8.705927029950544e-06,0
D:/Final_Year_Project/Deepfake_Dissertation/dataset/standardized/tamil/real/ta_real_000274.wav,0,0.0,0,6.989838766457979e-06,0
D:/Final_Year_Project/Deepfake_Dissertation/dataset/standardized/tamil/real/ta_real_000275.wav,0,0.0,0,5.603650151897455e-06,0
D:/Final_Year_Project/Deepfake_Dissertation/dataset/standardized/tamil/real/ta_real_000276.wav,0,0.0,0,3.685706178657711e-05,0
D:/Final_Year_Project/Deepfake_Dissertation/dataset/standardized/tamil/real/ta_real_000277.wav,0,0.0,0,2.1490273866220377e-05,0
D:/Final_Year_Project/Deepfake_Dissertation/dataset/standardized/tamil/real/ta_real_000278.wav,0,0.0,0,2.313432105438551e-06,0
D:/Final_Year_Project/Deepfake_Dissertation/dataset/standardized/tamil/real/ta_real_000279.wav,0,0.0,0,3.981297595601063e-06,0
D:/Final_Year_Project/Deepfake_Dissertation/dataset/standardized/tamil/real/ta_real_000280.wav,0,0.0,0,1.228641667694319e-05,0
D:/Final_Year_Project/Deepfake_Dissertation/dataset/standardized/tamil/real/ta_real_000281.wav,0,0.0,0,1.434094997421198e-06,0
D:/Final_Year_Project/Deepfake_Dissertation/dataset/standardized/tamil/real/ta_real_000282.wav,0,0.0,0,6.387523171724752e-05,0
D:/Final_Year_Project/Deepfake_Dissertation/dataset/standardized/tamil/real/ta_real_000283.wav,0,0.0,0,5.137578227731865e-06,0
D:/Final_Year_Project/Deepfake_Dissertation/dataset/standardized/tamil/real/ta_real_000284.wav,0,0.0,0,4.170024476479739e-05,0
D:/Final_Year_Project/Deepfake_Dissertation/dataset/standardized/tamil/real/ta_real_000285.wav,0,0.0,0,7.88189299782971e-06,0
D:/Final_Year_Project/Deepfake_Dissertation/dataset/standardized/tamil/real/ta_real_000286.wav,0,0.0,0,5.645435066981008e-06,0
D:/Final_Year_Project/Deepfake_Dissertation/dataset/standardized/tamil/real/ta_real_000287.wav,0,0.0,0,2.945276492027915e-06,0
D:/Final_Year_Project/Deepfake_Dissertation/dataset/standardized/tamil/real/ta_real_000288.wav,0,0.0,0,0.0007138575310818,0
D:/Final_Year_Project/Deepfake_Dissertation/dataset/standardized/tamil/real/ta_real_000289.wav,0,0.0,0,5.645013900767991e-10,0
D:/Final_Year_Project/Deepfake_Dissertation/dataset/standardized/tamil/real/ta_real_000290.wav,0,0.0,0,1.2765819512594591e-08,0
D:/Final_Year_Project/Deepfake_Dissertation/dataset/standardized/tamil/real/ta_real_000291.wav,0,0.0,0,5.855775391493123e-13,0
D:/Final_Year_Project/Deepfake_Dissertation/dataset/standardized/tamil/real/ta_real_000292.wav,0,0.0,0,4.980460141523757e-11,0
D:/Final_Year_Project/Deepfake_Dissertation/dataset/standardized/tamil/real/ta_real_000293.wav,0,0.0,0,2.2006705080457325e-07,0
D:/Final_Year_Project/Deepfake_Dissertation/dataset/standardized/tamil/real/ta_real_000294.wav,0,0.0033333333333333,0,0.000780569796916,0
D:/Final_Year_Project/Deepfake_Dissertation/dataset/standardized/tamil/real/ta_real_000295.wav,0,0.0033333333333333,0,1.19228013772954e-06,0
D:/Final_Year_Project/Deepfake_Dissertation/dataset/standardized/tamil/real/ta_real_000296.wav,0,0.0,0,1.0464276556376717e-06,0
D:/Final_Year_Project/Deepfake_Dissertation/dataset/standardized/tamil/real/ta_real_000297.wav,0,0.0,0,2.8729161272167403e-09,0
D:/Final_Year_Project/Deepfake_Dissertation/dataset/standardized/tamil/real/ta_real_000298.wav,0,0.0033333333333333,0,6.0186324844835326e-05,0
D:/Final_Year_Project/Deepfake_Dissertation/dataset/standardized/tamil/real/ta_real_000299.wav,0,0.0,0,8.000522987161586e-13,0
D:/Final_Year_Project/Deepfake_Dissertation/dataset/standardized/tamil/real/ta_real_000300.wav,0,0.0033333333333333,0,2.2367813443359083e-16,0
D:/Final_Year_Project/Deepfake_Dissertation/dataset/standardized/tamil/real/ta_real_000301.wav,0,0.0,0,1.4628771971558764e-08,0
D:/Final_Year_Project/Deepfake_Dissertation/dataset/standardized/tamil/real/ta_real_000302.wav,0,0.0,0,6.436091243289255e-11,0
D:/Final_Year_Project/Deepfake_Dissertation/dataset/standardized/tamil/real/ta_real_000303.wav,0,0.0,0,1.2380087973281044e-16,0
D:/Final_Year_Project/Deepfake_Dissertation/dataset/standardized/tamil/real/ta_real_000304.wav,0,0.0,0,1.9326558582666298e-12,0
D:/Final_Year_Project/Deepfake_Dissertation/dataset/standardized/tamil/real/ta_real_000305.wav,0,0.0,0,1.787976098557506e-13,0
D:/Final_Year_Project/Deepfake_Dissertation/dataset/standardized/tamil/real/ta_real_000306.wav,0,0.0,0,1.307263408634185e-09,0
D:/Final_Year_Project/Deepfake_Dissertation/dataset/standardized/tamil/real/ta_real_000307.wav,0,0.0,0,1.4462358448406184e-13,0
D:/Final_Year_Project/Deepfake_Dissertation/dataset/standardized/tamil/real/ta_real_000308.wav,0,0.0,0,6.359707140253523e-13,0
D:/Final_Year_Project/Deepfake_Dissertation/dataset/standardized/tamil/real/ta_real_000309.wav,0,0.0,0,3.695631474454064e-12,0
D:/Final_Year_Project/Deepfake_Dissertation/dataset/standardized/tamil/real/ta_real_000310.wav,0,0.0,0,2.199749583875477e-11,0
D:/Final_Year_Project/Deepfake_Dissertation/dataset/standardized/tamil/real/ta_real_000311.wav,0,0.0,0,9.681053295173063e-14,0
D:/Final_Year_Project/Deepfake_Dissertation/dataset/standardized/tamil/real/ta_real_000312.wav,0,0.0,0,1.107868137506518e-12,0
D:/Final_Year_Project/Deepfake_Dissertation/dataset/standardized/tamil/real/ta_real_000313.wav,0,0.0,0,3.1685954180555795e-14,0
D:/Final_Year_Project/Deepfake_Dissertation/dataset/standardized/tamil/real/ta_real_000314.wav,0,0.0,0,4.0509161997048786e-11,0
D:/Final_Year_Project/Deepfake_Dissertation/dataset/standardized/tamil/real/ta_real_000315.wav,0,0.0,0,6.536934188394737e-11,0
D:/Final_Year_Project/Deepfake_Dissertation/dataset/standardized/tamil/real/ta_real_000316.wav,0,0.0,0,3.0481969726103836e-10,0
D:/Final_Year_Project/Deepfake_Dissertation/dataset/standardized/tamil/real/ta_real_000317.wav,0,0.0,0,5.021727478293768e-10,0
D:/Final_Year_Project/Deepfake_Dissertation/dataset/standardized/tamil/real/ta_real_000318.wav,0,0.0,0,2.854318097433861e-07,0
D:/Final_Year_Project/Deepfake_Dissertation/dataset/standardized/tamil/real/ta_real_000319.wav,0,0.0,0,7.683167495997623e-06,0
D:/Final_Year_Project/Deepfake_Dissertation/dataset/standardized/tamil/real/ta_real_000320.wav,0,0.0,0,3.067509533138946e-05,0
D:/Final_Year_Project/Deepfake_Dissertation/dataset/standardized/tamil/real/ta_real_000321.wav,0,0.0,0,1.2777337587976945e-06,0
D:/Final_Year_Project/Deepfake_Dissertation/dataset/standardized/tamil/real/ta_real_000322.wav,0,0.0,0,0.0017428311984986,0
D:/Final_Year_Project/Deepfake_Dissertation/dataset/standardized/tamil/real/ta_real_000323.wav,0,0.2133333333333333,0,1.1620522855082528e-05,0
D:/Final_Year_Project/Deepfake_Dissertation/dataset/standardized/tamil/real/ta_real_000324.wav,0,0.01,0,0.0203565116971731,0
D:/Final_Year_Project/Deepfake_Dissertation/dataset/standardized/tamil/real/ta_real_000325.wav,0,0.0066666666666666,0,7.084162145787332e-10,0
D:/Final_Year_Project/Deepfake_Dissertation/dataset/standardized/tamil/real/ta_real_000326.wav,0,0.01,0,7.860859113861807e-06,0
D:/Final_Year_Project/Deepfake_Dissertation/dataset/standardized/tamil/real/ta_real_000327.wav,0,0.0233333333333333,0,0.0001061604561982,0
D:/Final_Year_Project/Deepfake_Dissertation/dataset/standardized/tamil/real/ta_real_000328.wav,0,0.0,0,2.26643919631897e-06,0
D:/Final_Year_Project/Deepfake_Dissertation/dataset/standardized/tamil/real/ta_real_000329.wav,0,0.0,0,1.9345634427736517e-05,0
D:/Final_Year_Project/Deepfake_Dissertation/dataset/standardized/tamil/real/ta_real_000330.wav,0,0.0,0,1.5625373634975404e-05,0
D:/Final_Year_Project/Deepfake_Dissertation/dataset/standardized/tamil/real/ta_real_000331.wav,0,0.0,0,2.209538649822207e-07,0
D:/Final_Year_Project/Deepfake_Dissertation/dataset/standardized/tamil/real/ta_real_000332.wav,0,0.0,0,1.4926867208941985e-07,0
D:/Final_Year_Project/Deepfake_Dissertation/dataset/standardized/tamil/real/ta_real_000333.wav,0,0.0,0,5.561586260971474e-11,0
D:/Final_Year_Project/Deepfake_Dissertation/dataset/standardized/tamil/real/ta_real_000334.wav,0,0.0,0,1.2837824336572878e-12,0
D:/Final_Year_Project/Deepfake_Dissertation/dataset/standardized/tamil/real/ta_real_000335.wav,0,0.0,0,7.277334388312158e-14,0
D:/Final_Year_Project/Deepfake_Dissertation/dataset/standardized/tamil/real/ta_real_000336.wav,0,0.0,0,6.040231651539818e-16,0
D:/Final_Year_Project/Deepfake_Dissertation/dataset/standardized/tamil/real/ta_real_000337.wav,0,0.0,0,5.5171816280060605e-14,0
D:/Final_Year_Project/Deepfake_Dissertation/dataset/standardized/tamil/real/ta_real_000338.wav,0,0.0,0,1.7527782881793938e-13,0
D:/Final_Year_Project/Deepfake_Dissertation/dataset/standardized/tamil/real/ta_real_000339.wav,0,0.0,0,4.540541794995079e-06,0
D:/Final_Year_Project/Deepfake_Dissertation/dataset/standardized/tamil/real/ta_real_000340.wav,0,0.0033333333333333,0,2.955194304377073e-06,0
D:/Final_Year_Project/Deepfake_Dissertation/dataset/standardized/tamil/real/ta_real_000341.wav,0,0.0,0,2.510310535830396e-11,0
D:/Final_Year_Project/Deepfake_Dissertation/dataset/standardized/tamil/real/ta_real_000342.wav,0,0.0,0,1.5296376432161196e-06,0
D:/Final_Year_Project/Deepfake_Dissertation/dataset/standardized/tamil/real/ta_real_000343.wav,0,0.0,0,2.5455660761508625e-06,0
D:/Final_Year_Project/Deepfake_Dissertation/dataset/standardized/tamil/real/ta_real_000344.wav,0,0.0,0,2.169435475235393e-16,0
D:/Final_Year_Project/Deepfake_Dissertation/dataset/standardized/tamil/real/ta_real_000345.wav,0,0.0,0,2.69554154387966e-13,0
D:/Final_Year_Project/Deepfake_Dissertation/dataset/standardized/tamil/real/ta_real_000346.wav,0,0.0,0,7.763119032160037e-13,0
D:/Final_Year_Project/Deepfake_Dissertation/dataset/standardized/tamil/real/ta_real_000347.wav,0,0.0,0,3.378325885705635e-08,0
D:/Final_Year_Project/Deepfake_Dissertation/dataset/standardized/tamil/real/ta_real_000348.wav,0,0.0,0,7.623182085580993e-09,0
D:/Final_Year_Project/Deepfake_Dissertation/dataset/standardized/tamil/real/ta_real_000349.wav,0,0.0,0,1.7712025422722544e-12,0
D:/Final_Year_Project/Deepfake_Dissertation/dataset/standardized/tamil/real/ta_real_000350.wav,0,0.5333333333333333,1,1.4453146517765516e-17,0
D:/Final_Year_Project/Deepfake_Dissertation/dataset/standardized/tamil/real/ta_real_000351.wav,0,0.0033333333333333,0,2.967825984967476e-11,0
D:/Final_Year_Project/Deepfake_Dissertation/dataset/standardized/tamil/real/ta_real_000352.wav,0,0.0,0,5.510927001198264e-13,0
D:/Final_Year_Project/Deepfake_Dissertation/dataset/standardized/tamil/real/ta_real_000353.wav,0,0.0,0,9.548544680632045e-13,0
D:/Final_Year_Project/Deepfake_Dissertation/dataset/standardized/tamil/real/ta_real_000354.wav,0,0.0,0,1.2581950726512497e-13,0
D:/Final_Year_Project/Deepfake_Dissertation/dataset/standardized/tamil/real/ta_real_000355.wav,0,0.0,0,0.0003788758767768,0
D:/Final_Year_Project/Deepfake_Dissertation/dataset/standardized/tamil/real/ta_real_000356.wav,0,0.0,0,6.700841646828512e-15,0
D:/Final_Year_Project/Deepfake_Dissertation/dataset/standardized/tamil/real/ta_real_000357.wav,0,0.0033333333333333,0,7.204665308790936e-09,0
D:/Final_Year_Project/Deepfake_Dissertation/dataset/standardized/tamil/real/ta_real_000358.wav,0,0.0,0,2.242761369414953e-13,0
D:/Final_Year_Project/Deepfake_Dissertation/dataset/standardized/tamil/real/ta_real_000359.wav,0,0.0,0,3.8073323650802953e-16,0
D:/Final_Year_Project/Deepfake_Dissertation/dataset/standardized/tamil/real/ta_real_000360.wav,0,0.0,0,1.0691459500898224e-15,0
D:/Final_Year_Project/Deepfake_Dissertation/dataset/standardized/tamil/real/ta_real_000361.wav,0,0.3433333333333333,0,3.562110578059219e-05,0
D:/Final_Year_Project/Deepfake_Dissertation/dataset/standardized/tamil/real/ta_real_000362.wav,0,0.4933333333333333,0,0.3892104029655456,0
D:/Final_Year_Project/Deepfake_Dissertation/dataset/standardized/tamil/real/ta_real_000363.wav,0,0.0,0,2.1531260108176295e-10,0
D:/Final_Year_Project/Deepfake_Dissertation/dataset/standardized/tamil/real/ta_real_000364.wav,0,0.43,0,0.0058860946446657,0
D:/Final_Year_Project/Deepfake_Dissertation/dataset/standardized/tamil/real/ta_real_000365.wav,0,0.4866666666666667,0,6.267600127785046e-08,0
D:/Final_Year_Project/Deepfake_Dissertation/dataset/standardized/tamil/real/ta_real_000366.wav,0,0.4433333333333333,0,3.238442403130648e-08,0
D:/Final_Year_Project/Deepfake_Dissertation/dataset/standardized/tamil/real/ta_real_000367.wav,0,0.0066666666666666,0,3.9459132494812366e-06,0
D:/Final_Year_Project/Deepfake_Dissertation/dataset/standardized/tamil/real/ta_real_000368.wav,0,0.0033333333333333,0,1.7019022302555695e-10,0
D:/Final_Year_Project/Deepfake_Dissertation/dataset/standardized/tamil/real/ta_real_000369.wav,0,0.0033333333333333,0,2.8640281118930133e-11,0
D:/Final_Year_Project/Deepfake_Dissertation/dataset/standardized/tamil/real/ta_real_000370.wav,0,0.0066666666666666,0,6.849958933408117e-10,0
D:/Final_Year_Project/Deepfake_Dissertation/dataset/standardized/tamil/real/ta_real_000371.wav,0,0.0,0,0.0004670356574933,0
D:/Final_Year_Project/Deepfake_Dissertation/dataset/standardized/tamil/real/ta_real_000372.wav,0,0.0066666666666666,0,2.0189148131066762e-08,0
D:/Final_Year_Project/Deepfake_Dissertation/dataset/standardized/tamil/real/ta_real_000373.wav,0,0.0,0,8.016371594310455e-11,0
D:/Final_Year_Project/Deepfake_Dissertation/dataset/standardized/tamil/real/ta_real_000374.wav,0,0.0033333333333333,0,1.8126235375951621e-13,0
D:/Final_Year_Project/Deepfake_Dissertation/dataset/standardized/tamil/real/ta_real_000375.wav,0,0.01,0,0.0329465232789516,0
D:/Final_Year_Project/Deepfake_Dissertation/dataset/standardized/tamil/real/ta_real_000376.wav,0,0.0,0,7.403499324709628e-08,0
D:/Final_Year_Project/Deepfake_Dissertation/dataset/standardized/tamil/real/ta_real_000377.wav,0,0.0,0,2.4280685906319377e-08,0
D:/Final_Year_Project/Deepfake_Dissertation/dataset/standardized/tamil/real/ta_real_000378.wav,0,0.0066666666666666,0,1.830442926120668e-07,0
D:/Final_Year_Project/Deepfake_Dissertation/dataset/standardized/tamil/real/ta_real_000379.wav,0,0.0,0,1.0510839594524146e-11,0
D:/Final_Year_Project/Deepfake_Dissertation/dataset/standardized/tamil/real/ta_real_000380.wav,0,0.0,0,2.039493357183786e-12,0
D:/Final_Year_Project/Deepfake_Dissertation/dataset/standardized/tamil/real/ta_real_000381.wav,0,0.0,0,1.043371895548262e-07,0
D:/Final_Year_Project/Deepfake_Dissertation/dataset/standardized/tamil/real/ta_real_000382.wav,0,0.0333333333333333,0,1.2203634014440468e-06,0
D:/Final_Year_Project/Deepfake_Dissertation/dataset/standardized/tamil/real/ta_real_000383.wav,0,0.8866666666666667,1,0.000324418535456,0
D:/Final_Year_Project/Deepfake_Dissertation/dataset/standardized/tamil/real/ta_real_000384.wav,0,0.8233333333333334,1,0.0005807431298308,0
D:/Final_Year_Project/Deepfake_Dissertation/dataset/standardized/tamil/real/ta_real_000385.wav,0,0.0,0,6.39639183646068e-05,0
D:/Final_Year_Project/Deepfake_Dissertation/dataset/standardized/tamil/real/ta_real_000386.wav,0,0.0,0,0.0031172793824225,0
D:/Final_Year_Project/Deepfake_Dissertation/dataset/standardized/tamil/real/ta_real_000387.wav,0,0.0,0,0.0040624290704727,0
D:/Final_Year_Project/Deepfake_Dissertation/dataset/standardized/tamil/real/ta_real_000388.wav,0,0.0,0,0.7284435629844666,1
D:/Final_Year_Project/Deepfake_Dissertation/dataset/standardized/tamil/real/ta_real_000389.wav,0,0.0,0,0.0354756340384483,0
D:/Final_Year_Project/Deepfake_Dissertation/dataset/standardized/tamil/real/ta_real_000390.wav,0,0.0,0,0.0126633457839488,0
D:/Final_Year_Project/Deepfake_Dissertation/dataset/standardized/tamil/real/ta_real_000391.wav,0,0.0,0,6.67357062411611e-06,0
D:/Final_Year_Project/Deepfake_Dissertation/dataset/standardized/tamil/real/ta_real_000392.wav,0,0.3566666666666667,0,1.040525110518331e-09,0
D:/Final_Year_Project/Deepfake_Dissertation/dataset/standardized/tamil/real/ta_real_000393.wav,0,0.0,0,0.0001683126611169,0
D:/Final_Year_Project/Deepfake_Dissertation/dataset/standardized/tamil/real/ta_real_000394.wav,0,0.5033333333333333,1,6.976579243200831e-06,0
D:/Final_Year_Project/Deepfake_Dissertation/dataset/standardized/tamil/real/ta_real_000395.wav,0,0.6166666666666667,1,0.7342089414596558,1
D:/Final_Year_Project/Deepfake_Dissertation/dataset/standardized/tamil/real/ta_real_000396.wav,0,0.43,0,1.938781792887312e-07,0
D:/Final_Year_Project/Deepfake_Dissertation/dataset/standardized/tamil/real/ta_real_000397.wav,0,0.2433333333333333,0,7.212835839709443e-08,0
D:/Final_Year_Project/Deepfake_Dissertation/dataset/standardized/tamil/real/ta_real_000398.wav,0,0.0,0,3.966312556169527e-10,0
D:/Final_Year_Project/Deepfake_Dissertation/dataset/standardized/tamil/real/ta_real_000399.wav,0,0.0133333333333333,0,3.23672138620168e-05,0
D:/Final_Year_Project/Deepfake_Dissertation/dataset/standardized/tamil/real/ta_real_000400.wav,0,0.0,0,2.2799356803535065e-13,0
D:/Final_Year_Project/Deepfake_Dissertation/dataset/standardized/tamil/real/ta_real_000401.wav,0,0.0,0,3.104890997085441e-11,0
D:/Final_Year_Project/Deepfake_Dissertation/dataset/standardized/tamil/real/ta_real_000402.wav,0,0.0,0,9.809460101845024e-13,0
D:/Final_Year_Project/Deepfake_Dissertation/dataset/standardized/tamil/real/ta_real_000403.wav,0,0.0,0,7.798730411456845e-11,0
D:/Final_Year_Project/Deepfake_Dissertation/dataset/standardized/tamil/real/ta_real_000404.wav,0,0.4333333333333333,0,7.83727666098244e-11,0
D:/Final_Year_Project/Deepfake_Dissertation/dataset/standardized/tamil/real/ta_real_000405.wav,0,0.0,0,5.690953784609487e-12,0
D:/Final_Year_Project/Deepfake_Dissertation/dataset/standardized/tamil/real/ta_real_000406.wav,0,0.0,0,1.0851006725098866e-11,0
D:/Final_Year_Project/Deepfake_Dissertation/dataset/standardized/tamil/real/ta_real_000407.wav,0,0.0,0,3.682712121366727e-12,0
D:/Final_Year_Project/Deepfake_Dissertation/dataset/standardized/tamil/real/ta_real_000408.wav,0,0.0,0,0.0001572142355144,0
D:/Final_Year_Project/Deepfake_Dissertation/dataset/standardized/tamil/real/ta_real_000409.wav,0,0.0,0,1.40251227298549e-10,0
D:/Final_Year_Project/Deepfake_Dissertation/dataset/standardized/tamil/real/ta_real_000410.wav,0,0.0,0,1.1151111978247029e-10,0
D:/Final_Year_Project/Deepfake_Dissertation/dataset/standardized/tamil/real/ta_real_000411.wav,0,0.0,0,4.388901186924698e-10,0
D:/Final_Year_Project/Deepfake_Dissertation/dataset/standardized/tamil/real/ta_real_000412.wav,0,0.0,0,5.143116488248722e-11,0
D:/Final_Year_Project/Deepfake_Dissertation/dataset/standardized/tamil/real/ta_real_000413.wav,0,0.0,0,7.572468346817017e-11,0
D:/Final_Year_Project/Deepfake_Dissertation/dataset/standardized/tamil/real/ta_real_000414.wav,0,0.0,0,2.4244022345243366e-09,0
D:/Final_Year_Project/Deepfake_Dissertation/dataset/standardized/tamil/real/ta_real_000415.wav,0,0.0,0,4.663505581703475e-09,0
D:/Final_Year_Project/Deepfake_Dissertation/dataset/standardized/tamil/real/ta_real_000416.wav,0,0.0,0,5.525090940317057e-10,0
D:/Final_Year_Project/Deepfake_Dissertation/dataset/standardized/tamil/real/ta_real_000417.wav,0,0.0,0,5.3486680362535566e-11,0
D:/Final_Year_Project/Deepfake_Dissertation/dataset/standardized/tamil/real/ta_real_000418.wav,0,0.0,0,1.4367705247764206e-08,0
D:/Final_Year_Project/Deepfake_Dissertation/dataset/standardized/tamil/real/ta_real_000419.wav,0,0.0,0,5.416895230980767e-13,0
D:/Final_Year_Project/Deepfake_Dissertation/dataset/standardized/tamil/real/ta_real_000420.wav,0,0.5466666666666666,1,4.5160239436903277e-10,0
D:/Final_Year_Project/Deepfake_Dissertation/dataset/standardized/tamil/real/ta_real_000421.wav,0,0.27,0,1.3859511316383075e-09,0
D:/Final_Year_Project/Deepfake_Dissertation/dataset/standardized/tamil/real/ta_real_000422.wav,0,0.0,0,3.361521407896362e-07,0
D:/Final_Year_Project/Deepfake_Dissertation/dataset/standardized/tamil/real/ta_real_000423.wav,0,0.06,0,1.0728947244520448e-11,0
D:/Final_Year_Project/Deepfake_Dissertation/dataset/standardized/tamil/real/ta_real_000424.wav,0,0.0,0,0.020391296595335,0
D:/Final_Year_Project/Deepfake_Dissertation/dataset/standardized/tamil/real/ta_real_000425.wav,0,0.0033333333333333,0,2.630686250434944e-12,0
D:/Final_Year_Project/Deepfake_Dissertation/dataset/standardized/tamil/real/ta_real_000426.wav,0,0.0066666666666666,0,6.199657036631834e-07,0
D:/Final_Year_Project/Deepfake_Dissertation/dataset/standardized/tamil/real/ta_real_000427.wav,0,0.0,0,4.1251716127212184e-13,0
D:/Final_Year_Project/Deepfake_Dissertation/dataset/standardized/tamil/real/ta_real_000428.wav,0,0.0033333333333333,0,5.764674710917461e-07,0
D:/Final_Year_Project/Deepfake_Dissertation/dataset/standardized/tamil/real/ta_real_000429.wav,0,0.0,0,9.902838965514247e-12,0
D:/Final_Year_Project/Deepfake_Dissertation/dataset/standardized/tamil/real/ta_real_000430.wav,0,0.0,0,9.210966434025635e-10,0
D:/Final_Year_Project/Deepfake_Dissertation/dataset/standardized/tamil/real/ta_real_000431.wav,0,0.0,0,9.886095497790848e-09,0
D:/Final_Year_Project/Deepfake_Dissertation/dataset/standardized/tamil/real/ta_real_000432.wav,0,0.0,0,1.5035814390426672e-12,0
D:/Final_Year_Project/Deepfake_Dissertation/dataset/standardized/tamil/real/ta_real_000433.wav,0,0.0,0,5.095061594850846e-10,0
D:/Final_Year_Project/Deepfake_Dissertation/dataset/standardized/tamil/real/ta_real_000434.wav,0,0.0,0,1.2189148890229262e-07,0
D:/Final_Year_Project/Deepfake_Dissertation/dataset/standardized/tamil/real/ta_real_000435.wav,0,0.0,0,1.7168565180636364e-11,0
D:/Final_Year_Project/Deepfake_Dissertation/dataset/standardized/tamil/real/ta_real_000436.wav,0,0.0,0,4.7208992270952885e-09,0
D:/Final_Year_Project/Deepfake_Dissertation/dataset/standardized/tamil/real/ta_real_000437.wav,0,0.0,0,1.7165954768749714e-10,0
D:/Final_Year_Project/Deepfake_Dissertation/dataset/standardized/tamil/real/ta_real_000438.wav,0,0.0,0,6.0200444629288086e-09,0
D:/Final_Year_Project/Deepfake_Dissertation/dataset/standardized/tamil/real/ta_real_000439.wav,0,0.0,0,4.3526124371418007e-10,0
D:/Final_Year_Project/Deepfake_Dissertation/dataset/standardized/tamil/real/ta_real_000440.wav,0,0.0,0,2.6169064137882003e-10,0
D:/Final_Year_Project/Deepfake_Dissertation/dataset/standardized/tamil/real/ta_real_000441.wav,0,0.0166666666666666,0,0.0002247686206828,0
D:/Final_Year_Project/Deepfake_Dissertation/dataset/standardized/tamil/real/ta_real_000442.wav,0,0.0,0,1.0398678114142967e-06,0
D:/Final_Year_Project/Deepfake_Dissertation/dataset/standardized/tamil/real/ta_real_000443.wav,0,0.0166666666666666,0,3.9949463825905696e-05,0
D:/Final_Year_Project/Deepfake_Dissertation/dataset/standardized/tamil/real/ta_real_000444.wav,0,0.0,0,1.3658072020916734e-05,0
D:/Final_Year_Project/Deepfake_Dissertation/dataset/standardized/tamil/real/ta_real_000445.wav,0,0.0033333333333333,0,2.69483712145302e-06,0
D:/Final_Year_Project/Deepfake_Dissertation/dataset/standardized/tamil/real/ta_real_000446.wav,0,0.0,0,9.236322512151672e-06,0
D:/Final_Year_Project/Deepfake_Dissertation/dataset/standardized/tamil/real/ta_real_000447.wav,0,0.0,0,1.8550225604485604e-06,0
D:/Final_Year_Project/Deepfake_Dissertation/dataset/standardized/tamil/real/ta_real_000448.wav,0,0.0,0,9.654961104388349e-06,0
D:/Final_Year_Project/Deepfake_Dissertation/dataset/standardized/tamil/real/ta_real_000449.wav,0,0.0,0,1.2033997336402535e-06,0
D:/Final_Year_Project/Deepfake_Dissertation/dataset/standardized/tamil/real/ta_real_000450.wav,0,0.0,0,1.7207221389980987e-05,0
D:/Final_Year_Project/Deepfake_Dissertation/dataset/standardized/tamil/real/ta_real_000451.wav,0,0.0,0,2.069887585776087e-07,0
D:/Final_Year_Project/Deepfake_Dissertation/dataset/standardized/tamil/real/ta_real_000452.wav,0,0.0,0,6.776607733627316e-06,0
D:/Final_Year_Project/Deepfake_Dissertation/dataset/standardized/tamil/real/ta_real_000453.wav,0,0.0033333333333333,0,0.0016318936832249,0
D:/Final_Year_Project/Deepfake_Dissertation/dataset/standardized/tamil/real/ta_real_000454.wav,0,0.0,0,6.246549310162663e-05,0
D:/Final_Year_Project/Deepfake_Dissertation/dataset/standardized/tamil/real/ta_real_000455.wav,0,0.0033333333333333,0,0.1194787994027137,0
D:/Final_Year_Project/Deepfake_Dissertation/dataset/standardized/tamil/real/ta_real_000456.wav,0,0.0,0,6.833650090243282e-09,0
D:/Final_Year_Project/Deepfake_Dissertation/dataset/standardized/tamil/real/ta_real_000457.wav,0,0.0,0,4.637085169179045e-07,0
D:/Final_Year_Project/Deepfake_Dissertation/dataset/standardized/tamil/real/ta_real_000458.wav,0,0.0,0,8.527960915216681e-08,0
D:/Final_Year_Project/Deepfake_Dissertation/dataset/standardized/tamil/real/ta_real_000459.wav,0,0.0,0,0.742124617099762,1
D:/Final_Year_Project/Deepfake_Dissertation/dataset/standardized/tamil/real/ta_real_000460.wav,0,0.0,0,2.5329555120023883e-10,0
D:/Final_Year_Project/Deepfake_Dissertation/dataset/standardized/tamil/real/ta_real_000461.wav,0,0.0,0,3.3129372578599714e-09,0
D:/Final_Year_Project/Deepfake_Dissertation/dataset/standardized/tamil/real/ta_real_000462.wav,0,0.0,0,1.714933056673473e-10,0
D:/Final_Year_Project/Deepfake_Dissertation/dataset/standardized/tamil/real/ta_real_000463.wav,0,0.0,0,2.459613068772626e-10,0
D:/Final_Year_Project/Deepfake_Dissertation/dataset/standardized/tamil/real/ta_real_000464.wav,0,0.02,0,1.1753745546294604e-11,0
D:/Final_Year_Project/Deepfake_Dissertation/dataset/standardized/tamil/real/ta_real_000465.wav,0,0.0,0,3.775842138953322e-10,0
D:/Final_Year_Project/Deepfake_Dissertation/dataset/standardized/tamil/real/ta_real_000466.wav,0,0.0033333333333333,0,1.0589484418233042e-06,0
D:/Final_Year_Project/Deepfake_Dissertation/dataset/standardized/tamil/real/ta_real_000467.wav,0,0.57,1,0.0001165293288067,0
D:/Final_Year_Project/Deepfake_Dissertation/dataset/standardized/tamil/real/ta_real_000468.wav,0,0.0033333333333333,0,8.161558071151376e-06,0
D:/Final_Year_Project/Deepfake_Dissertation/dataset/standardized/tamil/real/ta_real_000469.wav,0,0.0033333333333333,0,0.0011875728378072,0
D:/Final_Year_Project/Deepfake_Dissertation/dataset/standardized/tamil/real/ta_real_000470.wav,0,0.0033333333333333,0,1.4185975487635003e-06,0
D:/Final_Year_Project/Deepfake_Dissertation/dataset/standardized/tamil/real/ta_real_000471.wav,0,0.0233333333333333,0,0.0006261523813009,0
D:/Final_Year_Project/Deepfake_Dissertation/dataset/standardized/tamil/real/ta_real_000472.wav,0,0.0,0,5.41311273991596e-05,0
D:/Final_Year_Project/Deepfake_Dissertation/dataset/standardized/tamil/real/ta_real_000473.wav,0,0.2266666666666666,0,7.974225445650518e-05,0
D:/Final_Year_Project/Deepfake_Dissertation/dataset/standardized/tamil/real/ta_real_000474.wav,0,0.02,0,0.0004788828082382,0
D:/Final_Year_Project/Deepfake_Dissertation/dataset/standardized/tamil/real/ta_real_000475.wav,0,0.0066666666666666,0,5.792101001134142e-05,0
D:/Final_Year_Project/Deepfake_Dissertation/dataset/standardized/tamil/real/ta_real_000476.wav,0,0.3333333333333333,0,0.4513106942176819,0
D:/Final_Year_Project/Deepfake_Dissertation/dataset/standardized/tamil/real/ta_real_000477.wav,0,0.2433333333333333,0,0.0023977640084922,0
D:/Final_Year_Project/Deepfake_Dissertation/dataset/standardized/tamil/real/ta_real_000478.wav,0,0.3733333333333333,0,0.0021902390290051,0
D:/Final_Year_Project/Deepfake_Dissertation/dataset/standardized/tamil/real/ta_real_000479.wav,0,0.0233333333333333,0,2.6803563741850667e-05,0
D:/Final_Year_Project/Deepfake_Dissertation/dataset/standardized/tamil/real/ta_real_000480.wav,0,0.0,0,1.1516073072925792e-06,0
D:/Final_Year_Project/Deepfake_Dissertation/dataset/standardized/tamil/real/ta_real_000481.wav,0,0.0,0,4.597639872372383e-06,0
D:/Final_Year_Project/Deepfake_Dissertation/dataset/standardized/tamil/real/ta_real_000482.wav,0,0.0,0,8.462683354082401e-07,0
D:/Final_Year_Project/Deepfake_Dissertation/dataset/standardized/tamil/real/ta_real_000483.wav,0,0.0,0,1.8892726075137037e-05,0
D:/Final_Year_Project/Deepfake_Dissertation/dataset/standardized/tamil/real/ta_real_000484.wav,0,0.0,0,4.915912728969962e-12,0
D:/Final_Year_Project/Deepfake_Dissertation/dataset/standardized/tamil/real/ta_real_000485.wav,0,0.0,0,9.401742136105896e-05,0
D:/Final_Year_Project/Deepfake_Dissertation/dataset/standardized/tamil/real/ta_real_000486.wav,0,0.01,0,1.0375047717649245e-13,0
D:/Final_Year_Project/Deepfake_Dissertation/dataset/standardized/tamil/real/ta_real_000487.wav,0,0.0,0,6.051043328625383e-07,0
D:/Final_Year_Project/Deepfake_Dissertation/dataset/standardized/tamil/real/ta_real_000488.wav,0,0.0,0,6.787097817095855e-08,0
D:/Final_Year_Project/Deepfake_Dissertation/dataset/standardized/tamil/real/ta_real_000489.wav,0,0.0,0,1.9891635929525364e-06,0
D:/Final_Year_Project/Deepfake_Dissertation/dataset/standardized/tamil/real/ta_real_000490.wav,0,0.0,0,3.084113131990307e-06,0
D:/Final_Year_Project/Deepfake_Dissertation/dataset/standardized/tamil/real/ta_real_000491.wav,0,0.0,0,8.391280204023134e-08,0
D:/Final_Year_Project/Deepfake_Dissertation/dataset/standardized/tamil/real/ta_real_000492.wav,0,0.0,0,5.315648650139337e-07,0
D:/Final_Year_Project/Deepfake_Dissertation/dataset/standardized/tamil/real/ta_real_000493.wav,0,0.0,0,3.719910864674602e-06,0
D:/Final_Year_Project/Deepfake_Dissertation/dataset/standardized/tamil/real/ta_real_000494.wav,0,0.0,0,9.638953997637144e-06,0
D:/Final_Year_Project/Deepfake_Dissertation/dataset/standardized/tamil/real/ta_real_000495.wav,0,0.0033333333333333,0,0.7446764707565308,1
D:/Final_Year_Project/Deepfake_Dissertation/dataset/standardized/tamil/real/ta_real_000496.wav,0,0.0,0,7.392345069412443e-10,0
D:/Final_Year_Project/Deepfake_Dissertation/dataset/standardized/tamil/real/ta_real_000497.wav,0,0.0,0,2.5962431857151635e-11,0
D:/Final_Year_Project/Deepfake_Dissertation/dataset/standardized/tamil/real/ta_real_000498.wav,0,0.0,0,8.511714250092338e-11,0
D:/Final_Year_Project/Deepfake_Dissertation/dataset/standardized/tamil/real/ta_real_000499.wav,0,0.0,0,8.964592956850481e-12,0
D:/Final_Year_Project/Deepfake_Dissertation/dataset/standardized/tamil/real/ta_real_000500.wav,0,0.0,0,8.183340810541395e-11,0
D:/Final_Year_Project/Deepfake_Dissertation/dataset/standardized/kannada/real/kn_real_000001.wav,0,0.0,0,4.227354565955466e-06,0
D:/Final_Year_Project/Deepfake_Dissertation/dataset/standardized/kannada/real/kn_real_000002.wav,0,0.0,0,1.6508464040221327e-10,0
D:/Final_Year_Project/Deepfake_Dissertation/dataset/standardized/kannada/real/kn_real_000003.wav,0,0.0166666666666666,0,2.9569563464448834e-10,0
D:/Final_Year_Project/Deepfake_Dissertation/dataset/standardized/kannada/real/kn_real_000004.wav,0,0.0,0,5.477257644832811e-13,0
D:/Final_Year_Project/Deepfake_Dissertation/dataset/standardized/kannada/real/kn_real_000005.wav,0,0.0,0,2.337434499427582e-12,0
D:/Final_Year_Project/Deepfake_Dissertation/dataset/standardized/kannada/real/kn_real_000006.wav,0,0.0,0,3.918262936331018e-11,0
D:/Final_Year_Project/Deepfake_Dissertation/dataset/standardized/kannada/real/kn_real_000007.wav,0,0.3333333333333333,0,1.6148920849445858e-06,0
D:/Final_Year_Project/Deepfake_Dissertation/dataset/standardized/kannada/real/kn_real_000008.wav,0,0.0,0,2.8236980895851586e-12,0
D:/Final_Year_Project/Deepfake_Dissertation/dataset/standardized/kannada/real/kn_real_000009.wav,0,0.0,0,4.578646489727944e-13,0
D:/Final_Year_Project/Deepfake_Dissertation/dataset/standardized/kannada/real/kn_real_000010.wav,0,0.0,0,6.694013832825307e-13,0
D:/Final_Year_Project/Deepfake_Dissertation/dataset/standardized/kannada/real/kn_real_000011.wav,0,0.0,0,3.20825227495547e-10,0
D:/Final_Year_Project/Deepfake_Dissertation/dataset/standardized/kannada/real/kn_real_000012.wav,0,0.0,0,1.1049159809317644e-08,0
D:/Final_Year_Project/Deepfake_Dissertation/dataset/standardized/kannada/real/kn_real_000013.wav,0,0.0,0,1.9285094354781762e-12,0
D:/Final_Year_Project/Deepfake_Dissertation/dataset/standardized/kannada/real/kn_real_000014.wav,0,0.0,0,6.85861020754963e-11,0
D:/Final_Year_Project/Deepfake_Dissertation/dataset/standardized/kannada/real/kn_real_000015.wav,0,0.0,0,1.249046976958823e-09,0
D:/Final_Year_Project/Deepfake_Dissertation/dataset/standardized/kannada/real/kn_real_000016.wav,0,0.0033333333333333,0,3.162191619665577e-09,0
D:/Final_Year_Project/Deepfake_Dissertation/dataset/standardized/kannada/real/kn_real_000017.wav,0,0.0,0,0.004060719627887,0
D:/Final_Year_Project/Deepfake_Dissertation/dataset/standardized/kannada/real/kn_real_000018.wav,0,0.0,0,1.0516025213291869e-05,0
D:/Final_Year_Project/Deepfake_Dissertation/dataset/standardized/kannada/real/kn_real_000019.wav,0,0.0,0,2.492074328398721e-17,0
D:/Final_Year_Project/Deepfake_Dissertation/dataset/standardized/kannada/real/kn_real_000020.wav,0,0.0,0,1.841591293591277e-15,0
D:/Final_Year_Project/Deepfake_Dissertation/dataset/standardized/kannada/real/kn_real_000021.wav,0,0.0,0,4.3814840536109123e-13,0
D:/Final_Year_Project/Deepfake_Dissertation/dataset/standardized/kannada/real/kn_real_000022.wav,0,0.0,0,8.420439367474998e-13,0
D:/Final_Year_Project/Deepfake_Dissertation/dataset/standardized/kannada/real/kn_real_000023.wav,0,0.0,0,1.4209459997527318e-10,0
D:/Final_Year_Project/Deepfake_Dissertation/dataset/standardized/kannada/real/kn_real_000024.wav,0,0.0,0,2.176623529174691e-15,0
D:/Final_Year_Project/Deepfake_Dissertation/dataset/standardized/kannada/real/kn_real_000025.wav,0,0.0,0,2.5146272619736013e-08,0
D:/Final_Year_Project/Deepfake_Dissertation/dataset/standardized/kannada/real/kn_real_000026.wav,0,0.0,0,1.0100273915847335e-11,0
D:/Final_Year_Project/Deepfake_Dissertation/dataset/standardized/kannada/real/kn_real_000027.wav,0,0.0,0,8.235879755957852e-10,0
D:/Final_Year_Project/Deepfake_Dissertation/dataset/standardized/kannada/real/kn_real_000028.wav,0,0.0,0,2.287448069182574e-06,0
D:/Final_Year_Project/Deepfake_Dissertation/dataset/standardized/kannada/real/kn_real_000029.wav,0,0.0,0,2.1311442126542395e-14,0
D:/Final_Year_Project/Deepfake_Dissertation/dataset/standardized/kannada/real/kn_real_000030.wav,0,0.0,0,1.98086649305651e-08,0
D:/Final_Year_Project/Deepfake_Dissertation/dataset/standardized/kannada/real/kn_real_000031.wav,0,0.0,0,3.0423101104321004e-12,0
D:/Final_Year_Project/Deepfake_Dissertation/dataset/standardized/kannada/real/kn_real_000032.wav,0,0.0,0,4.6880350296207845e-11,0
D:/Final_Year_Project/Deepfake_Dissertation/dataset/standardized/kannada/real/kn_real_000033.wav,0,0.0,0,1.4574377945816839e-12,0
D:/Final_Year_Project/Deepfake_Dissertation/dataset/standardized/kannada/real/kn_real_000034.wav,0,0.0033333333333333,0,1.823534725997611e-11,0
D:/Final_Year_Project/Deepfake_Dissertation/dataset/standardized/kannada/real/kn_real_000035.wav,0,0.0066666666666666,0,0.2920556366443634,0
D:/Final_Year_Project/Deepfake_Dissertation/dataset/standardized/kannada/real/kn_real_000036.wav,0,0.0033333333333333,0,0.0002429315645713,0
D:/Final_Year_Project/Deepfake_Dissertation/dataset/standardized/kannada/real/kn_real_000037.wav,0,0.0033333333333333,0,0.7317200899124146,1
D:/Final_Year_Project/Deepfake_Dissertation/dataset/standardized/kannada/real/kn_real_000038.wav,0,0.0066666666666666,0,0.897723913192749,1
D:/Final_Year_Project/Deepfake_Dissertation/dataset/standardized/kannada/real/kn_real_000039.wav,0,0.0033333333333333,0,0.0544349327683448,0
D:/Final_Year_Project/Deepfake_Dissertation/dataset/standardized/kannada/real/kn_real_000040.wav,0,0.0033333333333333,0,0.002789266873151,0
D:/Final_Year_Project/Deepfake_Dissertation/dataset/standardized/kannada/real/kn_real_000041.wav,0,0.57,1,0.9996101260185242,1
D:/Final_Year_Project/Deepfake_Dissertation/dataset/standardized/kannada/real/kn_real_000042.wav,0,0.0,0,0.0004278047126717,0
D:/Final_Year_Project/Deepfake_Dissertation/dataset/standardized/kannada/real/kn_real_000043.wav,0,0.0233333333333333,0,0.9989598989486694,1
D:/Final_Year_Project/Deepfake_Dissertation/dataset/standardized/kannada/real/kn_real_000044.wav,0,0.0033333333333333,0,0.0646970272064209,0
D:/Final_Year_Project/Deepfake_Dissertation/dataset/standardized/kannada/real/kn_real_000045.wav,0,0.0166666666666666,0,0.9999237060546876,1
D:/Final_Year_Project/Deepfake_Dissertation/dataset/standardized/kannada/real/kn_real_000046.wav,0,0.0,0,0.0032571863848716,0
D:/Final_Year_Project/Deepfake_Dissertation/dataset/standardized/kannada/real/kn_real_000047.wav,0,0.0066666666666666,0,0.0296709351241588,0
D:/Final_Year_Project/Deepfake_Dissertation/dataset/standardized/kannada/real/kn_real_000048.wav,0,0.0,0,0.0037124890368431,0
D:/Final_Year_Project/Deepfake_Dissertation/dataset/standardized/kannada/real/kn_real_000049.wav,0,0.0,0,3.653406747616828e-05,0
D:/Final_Year_Project/Deepfake_Dissertation/dataset/standardized/kannada/real/kn_real_000050.wav,0,0.0266666666666666,0,0.0001444604276912,0
D:/Final_Year_Project/Deepfake_Dissertation/dataset/standardized/kannada/real/kn_real_000051.wav,0,0.0,0,0.0010119394864887,0
D:/Final_Year_Project/Deepfake_Dissertation/dataset/standardized/kannada/real/kn_real_000052.wav,0,0.22,0,0.0002522701688576,0
D:/Final_Year_Project/Deepfake_Dissertation/dataset/standardized/kannada/real/kn_real_000053.wav,0,0.26,0,0.0009487515198998,0
D:/Final_Year_Project/Deepfake_Dissertation/dataset/standardized/kannada/real/kn_real_000054.wav,0,0.0,0,3.9172275991504473e-13,0
D:/Final_Year_Project/Deepfake_Dissertation/dataset/standardized/kannada/real/kn_real_000055.wav,0,0.0,0,5.83508636964325e-08,0
D:/Final_Year_Project/Deepfake_Dissertation/dataset/standardized/kannada/real/kn_real_000056.wav,0,0.0,0,1.8351781250203206e-07,0
D:/Final_Year_Project/Deepfake_Dissertation/dataset/standardized/kannada/real/kn_real_000057.wav,0,0.0166666666666666,0,5.975460908302921e-07,0
D:/Final_Year_Project/Deepfake_Dissertation/dataset/standardized/kannada/real/kn_real_000058.wav,0,0.0,0,8.98444152408473e-10,0
D:/Final_Year_Project/Deepfake_Dissertation/dataset/standardized/kannada/real/kn_real_000059.wav,0,0.0,0,1.209463862394955e-09,0
D:/Final_Year_Project/Deepfake_Dissertation/dataset/standardized/kannada/real/kn_real_000060.wav,0,0.0,0,7.80733825588134e-17,0
D:/Final_Year_Project/Deepfake_Dissertation/dataset/standardized/kannada/real/kn_real_000061.wav,0,0.0,0,6.7058022952841065e-15,0
D:/Final_Year_Project/Deepfake_Dissertation/dataset/standardized/kannada/real/kn_real_000062.wav,0,0.0,0,1.0874461053855809e-11,0
D:/Final_Year_Project/Deepfake_Dissertation/dataset/standardized/kannada/real/kn_real_000063.wav,0,0.0,0,9.612226379435151e-13,0
D:/Final_Year_Project/Deepfake_Dissertation/dataset/standardized/kannada/real/kn_real_000064.wav,0,0.0,0,3.055998921801251e-13,0
D:/Final_Year_Project/Deepfake_Dissertation/dataset/standardized/kannada/real/kn_real_000065.wav,0,0.0,0,2.6441110585750943e-13,0
D:/Final_Year_Project/Deepfake_Dissertation/dataset/standardized/kannada/real/kn_real_000066.wav,0,0.0,0,5.72600800108347e-10,0
D:/Final_Year_Project/Deepfake_Dissertation/dataset/standardized/kannada/real/kn_real_000067.wav,0,0.0,0,0.0002528365293983,0
D:/Final_Year_Project/Deepfake_Dissertation/dataset/standardized/kannada/real/kn_real_000068.wav,0,0.0,0,4.6321738220340975e-14,0
D:/Final_Year_Project/Deepfake_Dissertation/dataset/standardized/kannada/real/kn_real_000069.wav,0,0.0,0,1.3611037630312241e-08,0
D:/Final_Year_Project/Deepfake_Dissertation/dataset/standardized/kannada/real/kn_real_000070.wav,0,0.0,0,2.3714117475259755e-11,0
D:/Final_Year_Project/Deepfake_Dissertation/dataset/standardized/kannada/real/kn_real_000071.wav,0,0.0,0,0.0025335212703794,0
D:/Final_Year_Project/Deepfake_Dissertation/dataset/standardized/kannada/real/kn_real_000072.wav,0,0.0,0,2.0181880472369684e-11,0
D:/Final_Year_Project/Deepfake_Dissertation/dataset/standardized/kannada/real/kn_real_000073.wav,0,0.0,0,8.850111754554745e-10,0
D:/Final_Year_Project/Deepfake_Dissertation/dataset/standardized/kannada/real/kn_real_000074.wav,0,0.0,0,4.006009120347681e-13,0
D:/Final_Year_Project/Deepfake_Dissertation/dataset/standardized/kannada/real/kn_real_000075.wav,0,0.0,0,1.4567582640938152e-14,0
D:/Final_Year_Project/Deepfake_Dissertation/dataset/standardized/kannada/real/kn_real_000076.wav,0,0.0,0,2.645177801241516e-07,0
D:/Final_Year_Project/Deepfake_Dissertation/dataset/standardized/kannada/real/kn_real_000077.wav,0,0.6766666666666666,1,0.0002233967679785,0
D:/Final_Year_Project/Deepfake_Dissertation/dataset/standardized/kannada/real/kn_real_000078.wav,0,0.8366666666666667,1,0.9980317950248718,1
D:/Final_Year_Project/Deepfake_Dissertation/dataset/standardized/kannada/real/kn_real_000079.wav,0,0.0,0,8.421598636232375e-07,0
D:/Final_Year_Project/Deepfake_Dissertation/dataset/standardized/kannada/real/kn_real_000080.wav,0,0.0033333333333333,0,3.6704028616441065e-07,0
D:/Final_Year_Project/Deepfake_Dissertation/dataset/standardized/kannada/real/kn_real_000081.wav,0,0.3666666666666666,0,4.423417703947053e-05,0
D:/Final_Year_Project/Deepfake_Dissertation/dataset/standardized/kannada/real/kn_real_000082.wav,0,0.5833333333333334,1,0.0001246140309376,0
D:/Final_Year_Project/Deepfake_Dissertation/dataset/standardized/kannada/real/kn_real_000083.wav,0,0.3833333333333333,0,0.0013080231146886,0
D:/Final_Year_Project/Deepfake_Dissertation/dataset/standardized/kannada/real/kn_real_000084.wav,0,0.0,0,0.0003079226880799,0
D:/Final_Year_Project/Deepfake_Dissertation/dataset/standardized/kannada/real/kn_real_000085.wav,0,0.0033333333333333,0,2.368012559372801e-07,0
D:/Final_Year_Project/Deepfake_Dissertation/dataset/standardized/kannada/real/kn_real_000086.wav,0,0.0,0,8.187154287853105e-10,0
D:/Final_Year_Project/Deepfake_Dissertation/dataset/standardized/kannada/real/kn_real_000087.wav,0,0.0,0,1.2420295568496022e-16,0
D:/Final_Year_Project/Deepfake_Dissertation/dataset/standardized/kannada/real/kn_real_000088.wav,0,0.0,0,1.6858030881081353e-14,0
D:/Final_Year_Project/Deepfake_Dissertation/dataset/standardized/kannada/real/kn_real_000089.wav,0,0.0,0,6.437397459573479e-17,0
D:/Final_Year_Project/Deepfake_Dissertation/dataset/standardized/kannada/real/kn_real_000090.wav,0,0.0,0,8.487222020016685e-14,0
D:/Final_Year_Project/Deepfake_Dissertation/dataset/standardized/kannada/real/kn_real_000091.wav,0,0.0,0,2.349983433148624e-15,0
D:/Final_Year_Project/Deepfake_Dissertation/dataset/standardized/kannada/real/kn_real_000092.wav,0,0.0,0,1.4583609927315557e-12,0
D:/Final_Year_Project/Deepfake_Dissertation/dataset/standardized/kannada/real/kn_real_000093.wav,0,0.0,0,2.0002576323258952e-14,0
D:/Final_Year_Project/Deepfake_Dissertation/dataset/standardized/kannada/real/kn_real_000094.wav,0,0.0,0,1.5569518008971004e-15,0
D:/Final_Year_Project/Deepfake_Dissertation/dataset/standardized/kannada/real/kn_real_000095.wav,0,0.0,0,2.0218142820203382e-14,0
D:/Final_Year_Project/Deepfake_Dissertation/dataset/standardized/kannada/real/kn_real_000096.wav,0,0.0,0,6.253446653732564e-13,0
D:/Final_Year_Project/Deepfake_Dissertation/dataset/standardized/kannada/real/kn_real_000097.wav,0,0.0,0,3.0862151535396417e-15,0
D:/Final_Year_Project/Deepfake_Dissertation/dataset/standardized/kannada/real/kn_real_000098.wav,0,0.0,0,2.56432607336339e-16,0
D:/Final_Year_Project/Deepfake_Dissertation/dataset/standardized/kannada/real/kn_real_000099.wav,0,0.0,0,3.7064048424644775e-15,0
D:/Final_Year_Project/Deepfake_Dissertation/dataset/standardized/kannada/real/kn_real_000100.wav,0,0.0,0,4.880154269416356e-18,0
D:/Final_Year_Project/Deepfake_Dissertation/dataset/standardized/kannada/real/kn_real_000101.wav,0,0.0133333333333333,0,9.552617120789364e-05,0
D:/Final_Year_Project/Deepfake_Dissertation/dataset/standardized/kannada/real/kn_real_000102.wav,0,0.0,0,8.04324662428968e-12,0
D:/Final_Year_Project/Deepfake_Dissertation/dataset/standardized/kannada/real/kn_real_000103.wav,0,0.0,0,0.0001167458831332,0
D:/Final_Year_Project/Deepfake_Dissertation/dataset/standardized/kannada/real/kn_real_000104.wav,0,0.0,0,3.90177952169779e-08,0
D:/Final_Year_Project/Deepfake_Dissertation/dataset/standardized/kannada/real/kn_real_000105.wav,0,0.0,0,8.237352631113026e-06,0
D:/Final_Year_Project/Deepfake_Dissertation/dataset/standardized/kannada/real/kn_real_000106.wav,0,0.0,0,4.856618662785195e-09,0
D:/Final_Year_Project/Deepfake_Dissertation/dataset/standardized/kannada/real/kn_real_000107.wav,0,0.0,0,3.2773106568796586e-15,0
D:/Final_Year_Project/Deepfake_Dissertation/dataset/standardized/kannada/real/kn_real_000108.wav,0,0.0,0,1.565854244227685e-14,0
D:/Final_Year_Project/Deepfake_Dissertation/dataset/standardized/kannada/real/kn_real_000109.wav,0,0.0,0,8.818453779702029e-13,0
D:/Final_Year_Project/Deepfake_Dissertation/dataset/standardized/kannada/real/kn_real_000110.wav,0,0.0,0,3.738584217053732e-14,0
D:/Final_Year_Project/Deepfake_Dissertation/dataset/standardized/kannada/real/kn_real_000111.wav,0,0.0,0,6.577524440908035e-13,0
D:/Final_Year_Project/Deepfake_Dissertation/dataset/standardized/kannada/real/kn_real_000112.wav,0,0.0,0,2.881768174783917e-13,0
D:/Final_Year_Project/Deepfake_Dissertation/dataset/standardized/kannada/real/kn_real_000113.wav,0,0.0033333333333333,0,7.951371117087547e-09,0
D:/Final_Year_Project/Deepfake_Dissertation/dataset/standardized/kannada/real/kn_real_000114.wav,0,0.0,0,5.385741223655482e-13,0
D:/Final_Year_Project/Deepfake_Dissertation/dataset/standardized/kannada/real/kn_real_000115.wav,0,0.0,0,5.3439664396111655e-15,0
D:/Final_Year_Project/Deepfake_Dissertation/dataset/standardized/kannada/real/kn_real_000116.wav,0,0.0,0,3.8083259961373133e-13,0
D:/Final_Year_Project/Deepfake_Dissertation/dataset/standardized/kannada/real/kn_real_000117.wav,0,0.0,0,4.343460487110651e-12,0
D:/Final_Year_Project/Deepfake_Dissertation/dataset/standardized/kannada/real/kn_real_000118.wav,0,0.0,0,1.24867585889199e-12,0
D:/Final_Year_Project/Deepfake_Dissertation/dataset/standardized/kannada/real/kn_real_000119.wav,0,0.0,0,9.731910508578925e-14,0
D:/Final_Year_Project/Deepfake_Dissertation/dataset/standardized/kannada/real/kn_real_000120.wav,0,0.0,0,2.351857705302661e-15,0
D:/Final_Year_Project/Deepfake_Dissertation/dataset/standardized/kannada/real/kn_real_000121.wav,0,0.0033333333333333,0,3.682261384696517e-09,0
D:/Final_Year_Project/Deepfake_Dissertation/dataset/standardized/kannada/real/kn_real_000122.wav,0,0.0,0,3.866036379918114e-08,0
D:/Final_Year_Project/Deepfake_Dissertation/dataset/standardized/kannada/real/kn_real_000123.wav,0,0.0033333333333333,0,8.237540896516293e-06,0
D:/Final_Year_Project/Deepfake_Dissertation/dataset/standardized/kannada/real/kn_real_000124.wav,0,0.0,0,2.9663166367654975e-10,0
D:/Final_Year_Project/Deepfake_Dissertation/dataset/standardized/kannada/real/kn_real_000125.wav,0,0.0,0,6.796823992516465e-09,0
D:/Final_Year_Project/Deepfake_Dissertation/dataset/standardized/kannada/real/kn_real_000126.wav,0,0.0,0,3.1320361415509985e-08,0
D:/Final_Year_Project/Deepfake_Dissertation/dataset/standardized/kannada/real/kn_real_000127.wav,0,0.0,0,2.198698609845451e-07,0
D:/Final_Year_Project/Deepfake_Dissertation/dataset/standardized/kannada/real/kn_real_000128.wav,0,0.0,0,7.337720708822104e-12,0
D:/Final_Year_Project/Deepfake_Dissertation/dataset/standardized/kannada/real/kn_real_000129.wav,0,0.0,0,3.67425100761265e-12,0
D:/Final_Year_Project/Deepfake_Dissertation/dataset/standardized/kannada/real/kn_real_000130.wav,0,0.0,0,1.0130213112802268e-08,0
D:/Final_Year_Project/Deepfake_Dissertation/dataset/standardized/kannada/real/kn_real_000131.wav,0,0.0,0,3.933580128290259e-09,0
D:/Final_Year_Project/Deepfake_Dissertation/dataset/standardized/kannada/real/kn_real_000132.wav,0,0.0,0,8.689825768681825e-12,0
D:/Final_Year_Project/Deepfake_Dissertation/dataset/standardized/kannada/real/kn_real_000133.wav,0,0.0,0,5.0827679738685294e-12,0
D:/Final_Year_Project/Deepfake_Dissertation/dataset/standardized/kannada/real/kn_real_000134.wav,0,0.0,0,1.8256167411134783e-10,0
D:/Final_Year_Project/Deepfake_Dissertation/dataset/standardized/kannada/real/kn_real_000135.wav,0,0.0,0,1.6861954337693032e-14,0
D:/Final_Year_Project/Deepfake_Dissertation/dataset/standardized/kannada/real/kn_real_000136.wav,0,0.0,0,1.9448318281344026e-13,0
D:/Final_Year_Project/Deepfake_Dissertation/dataset/standardized/kannada/real/kn_real_000137.wav,0,0.0,0,6.084718839893809e-11,0
D:/Final_Year_Project/Deepfake_Dissertation/dataset/standardized/kannada/real/kn_real_000138.wav,0,0.0,0,9.968911682473395e-14,0
D:/Final_Year_Project/Deepfake_Dissertation/dataset/standardized/kannada/real/kn_real_000139.wav,0,0.0,0,5.922688554871325e-13,0
D:/Final_Year_Project/Deepfake_Dissertation/dataset/standardized/kannada/real/kn_real_000140.wav,0,0.0,0,6.814324712139941e-12,0
D:/Final_Year_Project/Deepfake_Dissertation/dataset/standardized/kannada/real/kn_real_000141.wav,0,0.0,0,0.0005169782089069,0
D:/Final_Year_Project/Deepfake_Dissertation/dataset/standardized/kannada/real/kn_real_000142.wav,0,0.0,0,2.2646487463084952e-10,0
D:/Final_Year_Project/Deepfake_Dissertation/dataset/standardized/kannada/real/kn_real_000143.wav,0,0.1633333333333333,0,5.4020322422113415e-15,0
D:/Final_Year_Project/Deepfake_Dissertation/dataset/standardized/kannada/real/kn_real_000144.wav,0,0.0,0,0.0003915556881111,0
D:/Final_Year_Project/Deepfake_Dissertation/dataset/standardized/kannada/real/kn_real_000145.wav,0,0.0,0,2.495314935582749e-12,0
D:/Final_Year_Project/Deepfake_Dissertation/dataset/standardized/kannada/real/kn_real_000146.wav,0,0.0066666666666666,0,1.480449775628518e-14,0
D:/Final_Year_Project/Deepfake_Dissertation/dataset/standardized/kannada/real/kn_real_000147.wav,0,0.0,0,1.1299771118800095e-09,0
D:/Final_Year_Project/Deepfake_Dissertation/dataset/standardized/kannada/real/kn_real_000148.wav,0,0.0,0,1.927910955878964e-11,0
D:/Final_Year_Project/Deepfake_Dissertation/dataset/standardized/kannada/real/kn_real_000149.wav,0,0.0033333333333333,0,2.8718449493481124e-11,0
D:/Final_Year_Project/Deepfake_Dissertation/dataset/standardized/kannada/real/kn_real_000150.wav,0,0.0,0,6.45861063740781e-14,0
D:/Final_Year_Project/Deepfake_Dissertation/dataset/standardized/kannada/real/kn_real_000151.wav,0,0.0,0,5.255873514187215e-10,0
D:/Final_Year_Project/Deepfake_Dissertation/dataset/standardized/kannada/real/kn_real_000152.wav,0,0.0133333333333333,0,3.583248187055688e-08,0
D:/Final_Year_Project/Deepfake_Dissertation/dataset/standardized/kannada/real/kn_real_000153.wav,0,0.0066666666666666,0,9.264817322218732e-07,0
D:/Final_Year_Project/Deepfake_Dissertation/dataset/standardized/kannada/real/kn_real_000154.wav,0,0.0533333333333333,0,8.913000537481125e-16,0
D:/Final_Year_Project/Deepfake_Dissertation/dataset/standardized/kannada/real/kn_real_000155.wav,0,0.3933333333333333,0,1.1617961079263925e-15,0
D:/Final_Year_Project/Deepfake_Dissertation/dataset/standardized/kannada/real/kn_real_000156.wav,0,0.0033333333333333,0,5.647329270885847e-10,0
D:/Final_Year_Project/Deepfake_Dissertation/dataset/standardized/kannada/real/kn_real_000157.wav,0,0.0,0,1.1359011153899701e-07,0
D:/Final_Year_Project/Deepfake_Dissertation/dataset/standardized/kannada/real/kn_real_000158.wav,0,0.0033333333333333,0,0.0692639723420143,0
D:/Final_Year_Project/Deepfake_Dissertation/dataset/standardized/kannada/real/kn_real_000159.wav,0,0.0,0,0.002107479609549,0
D:/Final_Year_Project/Deepfake_Dissertation/dataset/standardized/kannada/real/kn_real_000160.wav,0,0.0033333333333333,0,0.0007494275341741,0
D:/Final_Year_Project/Deepfake_Dissertation/dataset/standardized/kannada/real/kn_real_000161.wav,0,0.3833333333333333,0,0.0082220565527677,0
D:/Final_Year_Project/Deepfake_Dissertation/dataset/standardized/kannada/real/kn_real_000162.wav,0,0.0,0,2.050935290753841e-05,0
D:/Final_Year_Project/Deepfake_Dissertation/dataset/standardized/kannada/real/kn_real_000163.wav,0,0.0,0,1.3175495850586973e-12,0
D:/Final_Year_Project/Deepfake_Dissertation/dataset/standardized/kannada/real/kn_real_000164.wav,0,0.0033333333333333,0,2.54764742635416e-09,0
D:/Final_Year_Project/Deepfake_Dissertation/dataset/standardized/kannada/real/kn_real_000165.wav,0,0.0,0,0.7156302332878113,1
D:/Final_Year_Project/Deepfake_Dissertation/dataset/standardized/kannada/real/kn_real_000166.wav,0,0.0,0,2.5005896020502405e-08,0
D:/Final_Year_Project/Deepfake_Dissertation/dataset/standardized/kannada/real/kn_real_000167.wav,0,0.46,0,3.5418597832403975e-08,0
D:/Final_Year_Project/Deepfake_Dissertation/dataset/standardized/kannada/real/kn_real_000168.wav,0,0.0,0,3.576025619622669e-06,0
D:/Final_Year_Project/Deepfake_Dissertation/dataset/standardized/kannada/real/kn_real_000169.wav,0,0.0,0,3.655975160654634e-05,0
D:/Final_Year_Project/Deepfake_Dissertation/dataset/standardized/kannada/real/kn_real_000170.wav,0,0.0,0,2.687719202754124e-08,0
D:/Final_Year_Project/Deepfake_Dissertation/dataset/standardized/kannada/real/kn_real_000171.wav,0,0.0,0,4.541648307432311e-12,0
D:/Final_Year_Project/Deepfake_Dissertation/dataset/standardized/kannada/real/kn_real_000172.wav,0,0.0,0,1.384316272723396e-12,0
D:/Final_Year_Project/Deepfake_Dissertation/dataset/standardized/kannada/real/kn_real_000173.wav,0,0.0,0,1.4233769328117485e-13,0
D:/Final_Year_Project/Deepfake_Dissertation/dataset/standardized/kannada/real/kn_real_000174.wav,0,0.0,0,6.318480461064979e-12,0
D:/Final_Year_Project/Deepfake_Dissertation/dataset/standardized/kannada/real/kn_real_000175.wav,0,0.0,0,4.251844969854757e-12,0
D:/Final_Year_Project/Deepfake_Dissertation/dataset/standardized/kannada/real/kn_real_000176.wav,0,0.0,0,1.2892158694766119e-11,0
D:/Final_Year_Project/Deepfake_Dissertation/dataset/standardized/kannada/real/kn_real_000177.wav,0,0.0,0,1.8692718813800857e-12,0
D:/Final_Year_Project/Deepfake_Dissertation/dataset/standardized/kannada/real/kn_real_000178.wav,0,0.0,0,5.234564448564072e-10,0
D:/Final_Year_Project/Deepfake_Dissertation/dataset/standardized/kannada/real/kn_real_000179.wav,0,0.0,0,2.122287371883469e-12,0
D:/Final_Year_Project/Deepfake_Dissertation/dataset/standardized/kannada/real/kn_real_000180.wav,0,0.0,0,9.240417099835776e-15,0
D:/Final_Year_Project/Deepfake_Dissertation/dataset/standardized/kannada/real/kn_real_000181.wav,0,0.0,0,3.490433040254787e-13,0
D:/Final_Year_Project/Deepfake_Dissertation/dataset/standardized/kannada/real/kn_real_000182.wav,0,0.0,0,3.614667939966232e-11,0
D:/Final_Year_Project/Deepfake_Dissertation/dataset/standardized/kannada/real/kn_real_000183.wav,0,0.0,0,9.299516452038192e-13,0
D:/Final_Year_Project/Deepfake_Dissertation/dataset/standardized/kannada/real/kn_real_000184.wav,0,0.0,0,1.4667234711929905e-13,0
D:/Final_Year_Project/Deepfake_Dissertation/dataset/standardized/kannada/real/kn_real_000185.wav,0,0.0,0,4.0280934143765996e-08,0
D:/Final_Year_Project/Deepfake_Dissertation/dataset/standardized/kannada/real/kn_real_000186.wav,0,0.0,0,8.405777407460847e-08,0
D:/Final_Year_Project/Deepfake_Dissertation/dataset/standardized/kannada/real/kn_real_000187.wav,0,0.0,0,1.4530419402414284e-11,0
D:/Final_Year_Project/Deepfake_Dissertation/dataset/standardized/kannada/real/kn_real_000188.wav,0,0.0,0,1.2866280263423844e-09,0
D:/Final_Year_Project/Deepfake_Dissertation/dataset/standardized/kannada/real/kn_real_000189.wav,0,0.0,0,1.2247813430121825e-08,0
D:/Final_Year_Project/Deepfake_Dissertation/dataset/standardized/kannada/real/kn_real_000190.wav,0,0.0,0,1.6052288387413682e-08,0
D:/Final_Year_Project/Deepfake_Dissertation/dataset/standardized/kannada/real/kn_real_000191.wav,0,0.0,0,2.792079953906068e-07,0
D:/Final_Year_Project/Deepfake_Dissertation/dataset/standardized/kannada/real/kn_real_000192.wav,0,0.0,0,2.149818517649393e-10,0
D:/Final_Year_Project/Deepfake_Dissertation/dataset/standardized/kannada/real/kn_real_000193.wav,0,0.0,0,2.63794788679661e-07,0
D:/Final_Year_Project/Deepfake_Dissertation/dataset/standardized/kannada/real/kn_real_000194.wav,0,0.0,0,3.962163486193049e-09,0
D:/Final_Year_Project/Deepfake_Dissertation/dataset/standardized/kannada/real/kn_real_000195.wav,0,0.0,0,3.5287510760650957e-12,0
D:/Final_Year_Project/Deepfake_Dissertation/dataset/standardized/kannada/real/kn_real_000196.wav,0,0.0,0,6.441047251115606e-09,0
D:/Final_Year_Project/Deepfake_Dissertation/dataset/standardized/kannada/real/kn_real_000197.wav,0,0.0,0,2.912527857779068e-11,0
D:/Final_Year_Project/Deepfake_Dissertation/dataset/standardized/kannada/real/kn_real_000198.wav,0,0.0,0,9.121330535495633e-14,0
D:/Final_Year_Project/Deepfake_Dissertation/dataset/standardized/kannada/real/kn_real_000199.wav,0,0.0,0,2.963135596265043e-12,0
D:/Final_Year_Project/Deepfake_Dissertation/dataset/standardized/kannada/real/kn_real_000200.wav,0,0.0,0,7.083681731467895e-12,0
D:/Final_Year_Project/Deepfake_Dissertation/dataset/standardized/kannada/real/kn_real_000201.wav,0,0.0,0,0.0001808959059417,0
D:/Final_Year_Project/Deepfake_Dissertation/dataset/standardized/kannada/real/kn_real_000202.wav,0,0.0,0,1.2643448066285146e-08,0
D:/Final_Year_Project/Deepfake_Dissertation/dataset/standardized/kannada/real/kn_real_000203.wav,0,0.0,0,2.8223911055502704e-11,0
D:/Final_Year_Project/Deepfake_Dissertation/dataset/standardized/kannada/real/kn_real_000204.wav,0,0.0,0,0.0034347807522863,0
D:/Final_Year_Project/Deepfake_Dissertation/dataset/standardized/kannada/real/kn_real_000205.wav,0,0.0,0,5.72717925601679e-13,0
D:/Final_Year_Project/Deepfake_Dissertation/dataset/standardized/kannada/real/kn_real_000206.wav,0,0.0,0,5.497098887197183e-10,0
D:/Final_Year_Project/Deepfake_Dissertation/dataset/standardized/kannada/real/kn_real_000207.wav,0,0.01,0,0.0003788000321947,0
D:/Final_Year_Project/Deepfake_Dissertation/dataset/standardized/kannada/real/kn_real_000208.wav,0,0.0,0,2.770529361484364e-09,0
D:/Final_Year_Project/Deepfake_Dissertation/dataset/standardized/kannada/real/kn_real_000209.wav,0,0.0,0,2.574033169366885e-05,0
D:/Final_Year_Project/Deepfake_Dissertation/dataset/standardized/kannada/real/kn_real_000210.wav,0,0.0033333333333333,0,9.984049142985897e-08,0
D:/Final_Year_Project/Deepfake_Dissertation/dataset/standardized/kannada/real/kn_real_000211.wav,0,0.0,0,7.865966722420127e-08,0
D:/Final_Year_Project/Deepfake_Dissertation/dataset/standardized/kannada/real/kn_real_000212.wav,0,0.0,0,3.020564918188029e-07,0
D:/Final_Year_Project/Deepfake_Dissertation/dataset/standardized/kannada/real/kn_real_000213.wav,0,0.0,0,7.06481206869114e-10,0
D:/Final_Year_Project/Deepfake_Dissertation/dataset/standardized/kannada/real/kn_real_000214.wav,0,0.0,0,4.463953165445567e-11,0
D:/Final_Year_Project/Deepfake_Dissertation/dataset/standardized/kannada/real/kn_real_000215.wav,0,0.0,0,1.5463670654299738e-13,0
D:/Final_Year_Project/Deepfake_Dissertation/dataset/standardized/kannada/real/kn_real_000216.wav,0,0.0,0,3.2048743050546018e-15,0
D:/Final_Year_Project/Deepfake_Dissertation/dataset/standardized/kannada/real/kn_real_000217.wav,0,0.0,0,2.2074768228630415e-13,0
D:/Final_Year_Project/Deepfake_Dissertation/dataset/standardized/kannada/real/kn_real_000218.wav,0,0.0033333333333333,0,3.596927172343917e-13,0
D:/Final_Year_Project/Deepfake_Dissertation/dataset/standardized/kannada/real/kn_real_000219.wav,0,0.0,0,7.507156788572056e-13,0
D:/Final_Year_Project/Deepfake_Dissertation/dataset/standardized/kannada/real/kn_real_000220.wav,0,0.0,0,1.1437690204674222e-11,0
D:/Final_Year_Project/Deepfake_Dissertation/dataset/standardized/kannada/real/kn_real_000221.wav,0,0.0,0,1.0847081739484563e-06,0
D:/Final_Year_Project/Deepfake_Dissertation/dataset/standardized/kannada/real/kn_real_000222.wav,0,0.0033333333333333,0,2.004650013986975e-06,0
D:/Final_Year_Project/Deepfake_Dissertation/dataset/standardized/kannada/real/kn_real_000223.wav,0,0.0,0,2.686828111109208e-06,0
D:/Final_Year_Project/Deepfake_Dissertation/dataset/standardized/kannada/real/kn_real_000224.wav,0,0.0,0,3.6578897598610674e-15,0
D:/Final_Year_Project/Deepfake_Dissertation/dataset/standardized/kannada/real/kn_real_000225.wav,0,0.0,0,6.5100173515797436e-12,0
D:/Final_Year_Project/Deepfake_Dissertation/dataset/standardized/kannada/real/kn_real_000226.wav,0,0.0,0,7.183693879553657e-14,0
D:/Final_Year_Project/Deepfake_Dissertation/dataset/standardized/kannada/real/kn_real_000227.wav,0,0.02,0,2.400111043243669e-07,0
D:/Final_Year_Project/Deepfake_Dissertation/dataset/standardized/kannada/real/kn_real_000228.wav,0,0.0466666666666666,0,4.310849899269442e-09,0
D:/Final_Year_Project/Deepfake_Dissertation/dataset/standardized/kannada/real/kn_real_000229.wav,0,0.0,0,0.0031358089763671,0
D:/Final_Year_Project/Deepfake_Dissertation/dataset/standardized/kannada/real/kn_real_000230.wav,0,0.0,0,9.458700515097009e-05,0
D:/Final_Year_Project/Deepfake_Dissertation/dataset/standardized/kannada/real/kn_real_000231.wav,0,0.0033333333333333,0,9.297079373027372e-07,0
D:/Final_Year_Project/Deepfake_Dissertation/dataset/standardized/kannada/real/kn_real_000232.wav,0,0.0033333333333333,0,1.7028930869855683e-06,0
D:/Final_Year_Project/Deepfake_Dissertation/dataset/standardized/kannada/real/kn_real_000233.wav,0,0.0,0,5.055590079905414e-08,0
D:/Final_Year_Project/Deepfake_Dissertation/dataset/standardized/kannada/real/kn_real_000234.wav,0,0.0033333333333333,0,2.438391155656916e-11,0
D:/Final_Year_Project/Deepfake_Dissertation/dataset/standardized/kannada/real/kn_real_000235.wav,0,0.0,0,1.2776359018060873e-13,0
D:/Final_Year_Project/Deepfake_Dissertation/dataset/standardized/kannada/real/kn_real_000236.wav,0,0.0,0,4.9263035180047154e-05,0
D:/Final_Year_Project/Deepfake_Dissertation/dataset/standardized/kannada/real/kn_real_000237.wav,0,0.0,0,2.03701711143367e-06,0
D:/Final_Year_Project/Deepfake_Dissertation/dataset/standardized/kannada/real/kn_real_000238.wav,0,0.1366666666666666,0,1.543915288948483e-07,0
D:/Final_Year_Project/Deepfake_Dissertation/dataset/standardized/kannada/real/kn_real_000239.wav,0,0.0,0,1.5778745421357598e-07,0
D:/Final_Year_Project/Deepfake_Dissertation/dataset/standardized/kannada/real/kn_real_000240.wav,0,0.0,0,1.1475515293568607e-07,0
D:/Final_Year_Project/Deepfake_Dissertation/dataset/standardized/kannada/real/kn_real_000241.wav,0,0.0,0,1.9835848519278443e-08,0
D:/Final_Year_Project/Deepfake_Dissertation/dataset/standardized/kannada/real/kn_real_000242.wav,0,0.0,0,6.11821218687858e-11,0
D:/Final_Year_Project/Deepfake_Dissertation/dataset/standardized/kannada/real/kn_real_000243.wav,0,0.0,0,2.6490685200997173e-09,0
D:/Final_Year_Project/Deepfake_Dissertation/dataset/standardized/kannada/real/kn_real_000244.wav,0,0.0,0,1.0359038071783289e-08,0
D:/Final_Year_Project/Deepfake_Dissertation/dataset/standardized/kannada/real/kn_real_000245.wav,0,0.0,0,5.4831534868071685e-09,0
D:/Final_Year_Project/Deepfake_Dissertation/dataset/standardized/kannada/real/kn_real_000246.wav,0,0.0,0,2.792225339831589e-10,0
D:/Final_Year_Project/Deepfake_Dissertation/dataset/standardized/kannada/real/kn_real_000247.wav,0,0.0033333333333333,0,1.654662362682302e-08,0
D:/Final_Year_Project/Deepfake_Dissertation/dataset/standardized/kannada/real/kn_real_000248.wav,0,0.0066666666666666,0,2.1301996624978337e-12,0
D:/Final_Year_Project/Deepfake_Dissertation/dataset/standardized/kannada/real/kn_real_000249.wav,0,0.0,0,9.88629844655975e-10,0
D:/Final_Year_Project/Deepfake_Dissertation/dataset/standardized/kannada/real/kn_real_000250.wav,0,0.0066666666666666,0,2.9136775067992557e-15,0
D:/Final_Year_Project/Deepfake_Dissertation/dataset/standardized/kannada/real/kn_real_000251.wav,0,0.0,0,2.0232233043874365e-13,0
D:/Final_Year_Project/Deepfake_Dissertation/dataset/standardized/kannada/real/kn_real_000252.wav,0,0.0,0,0.0050079030916094,0
D:/Final_Year_Project/Deepfake_Dissertation/dataset/standardized/kannada/real/kn_real_000253.wav,0,0.0,0,0.0006029172800481,0
D:/Final_Year_Project/Deepfake_Dissertation/dataset/standardized/kannada/real/kn_real_000254.wav,0,0.0,0,9.62411039751032e-10,0
D:/Final_Year_Project/Deepfake_Dissertation/dataset/standardized/kannada/real/kn_real_000255.wav,0,0.0066666666666666,0,2.65008907263109e-07,0
D:/Final_Year_Project/Deepfake_Dissertation/dataset/standardized/kannada/real/kn_real_000256.wav,0,0.0033333333333333,0,1.508617408774171e-08,0
D:/Final_Year_Project/Deepfake_Dissertation/dataset/standardized/kannada/real/kn_real_000257.wav,0,0.0,0,1.369714758281404e-10,0
D:/Final_Year_Project/Deepfake_Dissertation/dataset/standardized/kannada/real/kn_real_000258.wav,0,0.0,0,1.3016930198658794e-12,0
D:/Final_Year_Project/Deepfake_Dissertation/dataset/standardized/kannada/real/kn_real_000259.wav,0,0.0,0,1.0967053654109547e-10,0
D:/Final_Year_Project/Deepfake_Dissertation/dataset/standardized/kannada/real/kn_real_000260.wav,0,0.0,0,5.612526554621411e-10,0
D:/Final_Year_Project/Deepfake_Dissertation/dataset/standardized/kannada/real/kn_real_000261.wav,0,0.0033333333333333,0,7.065028007069428e-10,0
D:/Final_Year_Project/Deepfake_Dissertation/dataset/standardized/kannada/real/kn_real_000262.wav,0,0.0,0,7.312414562754554e-13,0
D:/Final_Year_Project/Deepfake_Dissertation/dataset/standardized/kannada/real/kn_real_000263.wav,0,0.0,0,1.0416295647200369e-12,0
D:/Final_Year_Project/Deepfake_Dissertation/dataset/standardized/kannada/real/kn_real_000264.wav,0,0.0,0,1.3261246289793444e-15,0
D:/Final_Year_Project/Deepfake_Dissertation/dataset/standardized/kannada/real/kn_real_000265.wav,0,0.0,0,8.097096940423015e-14,0
D:/Final_Year_Project/Deepfake_Dissertation/dataset/standardized/kannada/real/kn_real_000266.wav,0,0.0,0,1.1197329286005695e-06,0
D:/Final_Year_Project/Deepfake_Dissertation/dataset/standardized/kannada/real/kn_real_000267.wav,0,0.0,0,1.5749009207866038e-07,0
D:/Final_Year_Project/Deepfake_Dissertation/dataset/standardized/kannada/real/kn_real_000268.wav,0,0.0,0,3.8651368328146425e-08,0
D:/Final_Year_Project/Deepfake_Dissertation/dataset/standardized/kannada/real/kn_real_000269.wav,0,0.2733333333333333,0,3.980306573225789e-08,0
D:/Final_Year_Project/Deepfake_Dissertation/dataset/standardized/kannada/real/kn_real_000270.wav,0,0.0,0,0.0007453823345713,0
D:/Final_Year_Project/Deepfake_Dissertation/dataset/standardized/kannada/real/kn_real_000271.wav,0,0.0033333333333333,0,3.1233206243541645e-08,0
D:/Final_Year_Project/Deepfake_Dissertation/dataset/standardized/kannada/real/kn_real_000272.wav,0,0.0,0,1.8908988153043538e-08,0
D:/Final_Year_Project/Deepfake_Dissertation/dataset/standardized/kannada/real/kn_real_000273.wav,0,0.0,0,3.939013559772775e-10,0
D:/Final_Year_Project/Deepfake_Dissertation/dataset/standardized/kannada/real/kn_real_000274.wav,0,0.0033333333333333,0,4.9670605406504365e-09,0
D:/Final_Year_Project/Deepfake_Dissertation/dataset/standardized/kannada/real/kn_real_000275.wav,0,0.0,0,1.2293597563550751e-11,0
D:/Final_Year_Project/Deepfake_Dissertation/dataset/standardized/kannada/real/kn_real_000276.wav,0,0.0066666666666666,0,5.781612688604554e-11,0
D:/Final_Year_Project/Deepfake_Dissertation/dataset/standardized/kannada/real/kn_real_000277.wav,0,0.0,0,6.535942577087783e-13,0
D:/Final_Year_Project/Deepfake_Dissertation/dataset/standardized/kannada/real/kn_real_000278.wav,0,0.0,0,1.6029019778152076e-10,0
D:/Final_Year_Project/Deepfake_Dissertation/dataset/standardized/kannada/real/kn_real_000279.wav,0,0.0,0,9.549519508489368e-11,0
D:/Final_Year_Project/Deepfake_Dissertation/dataset/standardized/kannada/real/kn_real_000280.wav,0,0.0,0,6.732318869051568e-11,0
D:/Final_Year_Project/Deepfake_Dissertation/dataset/standardized/kannada/real/kn_real_000281.wav,0,0.0,0,1.8968762116600142e-09,0
D:/Final_Year_Project/Deepfake_Dissertation/dataset/standardized/kannada/real/kn_real_000282.wav,0,0.0,0,4.814155185606238e-10,0
D:/Final_Year_Project/Deepfake_Dissertation/dataset/standardized/kannada/real/kn_real_000283.wav,0,0.0,0,1.160725404680818e-09,0
D:/Final_Year_Project/Deepfake_Dissertation/dataset/standardized/kannada/real/kn_real_000284.wav,0,0.0,0,3.744016112250392e-06,0
D:/Final_Year_Project/Deepfake_Dissertation/dataset/standardized/kannada/real/kn_real_000285.wav,0,0.0066666666666666,0,1.770247195054253e-06,0
D:/Final_Year_Project/Deepfake_Dissertation/dataset/standardized/kannada/real/kn_real_000286.wav,0,0.0033333333333333,0,1.1255120853093104e-06,0
D:/Final_Year_Project/Deepfake_Dissertation/dataset/standardized/kannada/real/kn_real_000287.wav,0,0.07,0,0.0005734359729103,0
D:/Final_Year_Project/Deepfake_Dissertation/dataset/standardized/kannada/real/kn_real_000288.wav,0,0.0,0,6.05547043619481e-08,0
D:/Final_Year_Project/Deepfake_Dissertation/dataset/standardized/kannada/real/kn_real_000289.wav,0,0.0,0,3.884181865032588e-08,0
D:/Final_Year_Project/Deepfake_Dissertation/dataset/standardized/kannada/real/kn_real_000290.wav,0,0.0033333333333333,0,1.2831046660721768e-05,0
D:/Final_Year_Project/Deepfake_Dissertation/dataset/standardized/kannada/real/kn_real_000291.wav,0,0.0033333333333333,0,2.2213926058611837e-06,0
D:/Final_Year_Project/Deepfake_Dissertation/dataset/standardized/kannada/real/kn_real_000292.wav,0,0.0,0,4.685718124619598e-07,0
D:/Final_Year_Project/Deepfake_Dissertation/dataset/standardized/kannada/real/kn_real_000293.wav,0,0.0066666666666666,0,9.06388959265314e-06,0
D:/Final_Year_Project/Deepfake_Dissertation/dataset/standardized/kannada/real/kn_real_000294.wav,0,0.0033333333333333,0,5.49833093828056e-05,0
D:/Final_Year_Project/Deepfake_Dissertation/dataset/standardized/kannada/real/kn_real_000295.wav,0,0.5366666666666666,1,0.144053965806961,0
D:/Final_Year_Project/Deepfake_Dissertation/dataset/standardized/kannada/real/kn_real_000296.wav,0,0.6333333333333333,1,9.299757266489904e-07,0
D:/Final_Year_Project/Deepfake_Dissertation/dataset/standardized/kannada/real/kn_real_000297.wav,0,0.0,0,1.428433165528986e-06,0
D:/Final_Year_Project/Deepfake_Dissertation/dataset/standardized/kannada/real/kn_real_000298.wav,0,0.0,0,6.150522757764065e-09,0
D:/Final_Year_Project/Deepfake_Dissertation/dataset/standardized/kannada/real/kn_real_000299.wav,0,0.0,0,1.3458130752042052e-06,0
D:/Final_Year_Project/Deepfake_Dissertation/dataset/standardized/kannada/real/kn_real_000300.wav,0,0.0,0,1.1072835356951138e-11,0
D:/Final_Year_Project/Deepfake_Dissertation/dataset/standardized/kannada/real/kn_real_000301.wav,0,0.0,0,8.415842103204341e-07,0
D:/Final_Year_Project/Deepfake_Dissertation/dataset/standardized/kannada/real/kn_real_000302.wav,0,0.5233333333333333,1,4.83956057450996e-08,0
D:/Final_Year_Project/Deepfake_Dissertation/dataset/standardized/kannada/real/kn_real_000303.wav,0,0.0,0,3.418704181967769e-06,0
D:/Final_Year_Project/Deepfake_Dissertation/dataset/standardized/kannada/real/kn_real_000304.wav,0,0.0,0,4.8237556171670803e-08,0
D:/Final_Year_Project/Deepfake_Dissertation/dataset/standardized/kannada/real/kn_real_000305.wav,0,0.0066666666666666,0,4.597412043949589e-06,0
D:/Final_Year_Project/Deepfake_Dissertation/dataset/standardized/kannada/real/kn_real_000306.wav,0,0.6266666666666667,1,0.00077130907448,0
D:/Final_Year_Project/Deepfake_Dissertation/dataset/standardized/kannada/real/kn_real_000307.wav,0,0.0,0,1.004084940192662e-10,0
D:/Final_Year_Project/Deepfake_Dissertation/dataset/standardized/kannada/real/kn_real_000308.wav,0,0.0,0,2.47707816924958e-07,0
D:/Final_Year_Project/Deepfake_Dissertation/dataset/standardized/kannada/real/kn_real_000309.wav,0,0.0033333333333333,0,0.5591157674789429,1
D:/Final_Year_Project/Deepfake_Dissertation/dataset/standardized/kannada/real/kn_real_000310.wav,0,0.0,0,2.8477682018079875e-11,0
D:/Final_Year_Project/Deepfake_Dissertation/dataset/standardized/kannada/real/kn_real_000311.wav,0,0.0,0,7.488091258167627e-10,0
D:/Final_Year_Project/Deepfake_Dissertation/dataset/standardized/kannada/real/kn_real_000312.wav,0,0.0,0,2.3631959322756307e-07,0
D:/Final_Year_Project/Deepfake_Dissertation/dataset/standardized/kannada/real/kn_real_000313.wav,0,0.0,0,6.76382630460104e-11,0
D:/Final_Year_Project/Deepfake_Dissertation/dataset/standardized/kannada/real/kn_real_000314.wav,0,0.0,0,1.3108613083900875e-09,0
D:/Final_Year_Project/Deepfake_Dissertation/dataset/standardized/kannada/real/kn_real_000315.wav,0,0.0066666666666666,0,6.38018278209529e-08,0
D:/Final_Year_Project/Deepfake_Dissertation/dataset/standardized/kannada/real/kn_real_000316.wav,0,0.0,0,0.0002159117284463,0
D:/Final_Year_Project/Deepfake_Dissertation/dataset/standardized/kannada/real/kn_real_000317.wav,0,0.0,0,1.1721049686386211e-09,0
D:/Final_Year_Project/Deepfake_Dissertation/dataset/standardized/kannada/real/kn_real_000318.wav,0,0.0,0,4.755469490191899e-06,0
D:/Final_Year_Project/Deepfake_Dissertation/dataset/standardized/kannada/real/kn_real_000319.wav,0,0.0,0,7.137986699490284e-07,0
D:/Final_Year_Project/Deepfake_Dissertation/dataset/standardized/kannada/real/kn_real_000320.wav,0,0.0,0,3.318318076189971e-17,0
D:/Final_Year_Project/Deepfake_Dissertation/dataset/standardized/kannada/real/kn_real_000321.wav,0,0.0,0,4.293232905183686e-06,0
D:/Final_Year_Project/Deepfake_Dissertation/dataset/standardized/kannada/real/kn_real_000322.wav,0,0.0,0,7.19773076132479e-16,0
D:/Final_Year_Project/Deepfake_Dissertation/dataset/standardized/kannada/real/kn_real_000323.wav,0,0.0,0,4.1659939387095335e-10,0
D:/Final_Year_Project/Deepfake_Dissertation/dataset/standardized/kannada/real/kn_real_000324.wav,0,0.0,0,8.611098216860374e-14,0
D:/Final_Year_Project/Deepfake_Dissertation/dataset/standardized/kannada/real/kn_real_000325.wav,0,0.0,0,2.0669144536895808e-19,0
D:/Final_Year_Project/Deepfake_Dissertation/dataset/standardized/kannada/real/kn_real_000326.wav,0,0.0,0,1.6880517250683624e-07,0
D:/Final_Year_Project/Deepfake_Dissertation/dataset/standardized/kannada/real/kn_real_000327.wav,0,0.0,0,3.553619792295826e-16,0
D:/Final_Year_Project/Deepfake_Dissertation/dataset/standardized/kannada/real/kn_real_000328.wav,0,0.0,0,7.0673926780284716e-12,0
D:/Final_Year_Project/Deepfake_Dissertation/dataset/standardized/kannada/real/kn_real_000329.wav,0,0.0,0,0.0002962072030641,0
D:/Final_Year_Project/Deepfake_Dissertation/dataset/standardized/kannada/real/kn_real_000330.wav,0,0.0,0,6.0701381698891055e-06,0
D:/Final_Year_Project/Deepfake_Dissertation/dataset/standardized/kannada/real/kn_real_000331.wav,0,0.0033333333333333,0,1.76176868649236e-08,0
D:/Final_Year_Project/Deepfake_Dissertation/dataset/standardized/kannada/real/kn_real_000332.wav,0,0.0,0,7.664651420013293e-19,0
D:/Final_Year_Project/Deepfake_Dissertation/dataset/standardized/kannada/real/kn_real_000333.wav,0,0.0,0,2.65435002310116e-23,0
D:/Final_Year_Project/Deepfake_Dissertation/dataset/standardized/kannada/real/kn_real_000334.wav,0,0.0,0,3.295140855412329e-20,0
D:/Final_Year_Project/Deepfake_Dissertation/dataset/standardized/kannada/real/kn_real_000335.wav,0,0.0,0,2.7512329324963503e-05,0
D:/Final_Year_Project/Deepfake_Dissertation/dataset/standardized/kannada/real/kn_real_000336.wav,0,0.0,0,8.766997683373744e-10,0
D:/Final_Year_Project/Deepfake_Dissertation/dataset/standardized/kannada/real/kn_real_000337.wav,0,0.0,0,1.6476998609959995e-07,0
D:/Final_Year_Project/Deepfake_Dissertation/dataset/standardized/kannada/real/kn_real_000338.wav,0,0.0,0,6.26664142799882e-09,0
D:/Final_Year_Project/Deepfake_Dissertation/dataset/standardized/kannada/real/kn_real_000339.wav,0,0.0066666666666666,0,1.606038774193408e-10,0
D:/Final_Year_Project/Deepfake_Dissertation/dataset/standardized/kannada/real/kn_real_000340.wav,0,0.0166666666666666,0,5.29976396101972e-10,0
D:/Final_Year_Project/Deepfake_Dissertation/dataset/standardized/kannada/real/kn_real_000341.wav,0,0.0133333333333333,0,1.1918443476588437e-07,0
D:/Final_Year_Project/Deepfake_Dissertation/dataset/standardized/kannada/real/kn_real_000342.wav,0,0.0,0,7.26294501873781e-06,0
D:/Final_Year_Project/Deepfake_Dissertation/dataset/standardized/kannada/real/kn_real_000343.wav,0,0.0,0,6.043130995614375e-10,0
D:/Final_Year_Project/Deepfake_Dissertation/dataset/standardized/kannada/real/kn_real_000344.wav,0,0.0,0,1.923655901236998e-09,0
D:/Final_Year_Project/Deepfake_Dissertation/dataset/standardized/kannada/real/kn_real_000345.wav,0,0.0,0,3.7146383191632987e-10,0
D:/Final_Year_Project/Deepfake_Dissertation/dataset/standardized/kannada/real/kn_real_000346.wav,0,0.0,0,6.28953644721264e-09,0
D:/Final_Year_Project/Deepfake_Dissertation/dataset/standardized/kannada/real/kn_real_000347.wav,0,0.0,0,3.310857144001033e-10,0
D:/Final_Year_Project/Deepfake_Dissertation/dataset/standardized/kannada/real/kn_real_000348.wav,0,0.0,0,8.827731080851553e-12,0
D:/Final_Year_Project/Deepfake_Dissertation/dataset/standardized/kannada/real/kn_real_000349.wav,0,0.0,0,1.4829574235264431e-09,0
D:/Final_Year_Project/Deepfake_Dissertation/dataset/standardized/kannada/real/kn_real_000350.wav,0,0.0,0,2.400361810359075e-12,0
D:/Final_Year_Project/Deepfake_Dissertation/dataset/standardized/kannada/real/kn_real_000351.wav,0,0.0033333333333333,0,2.352065486821431e-10,0
D:/Final_Year_Project/Deepfake_Dissertation/dataset/standardized/kannada/real/kn_real_000352.wav,0,0.0,0,2.2271477197188805e-12,0
D:/Final_Year_Project/Deepfake_Dissertation/dataset/standardized/kannada/real/kn_real_000353.wav,0,0.0,0,2.2919107584007392e-11,0
D:/Final_Year_Project/Deepfake_Dissertation/dataset/standardized/kannada/real/kn_real_000354.wav,0,0.0,0,1.0290756025099768e-09,0
D:/Final_Year_Project/Deepfake_Dissertation/dataset/standardized/kannada/real/kn_real_000355.wav,0,0.0,0,1.4280665192045738e-11,0
D:/Final_Year_Project/Deepfake_Dissertation/dataset/standardized/kannada/real/kn_real_000356.wav,0,0.0,0,2.5216323473742364e-10,0
D:/Final_Year_Project/Deepfake_Dissertation/dataset/standardized/kannada/real/kn_real_000357.wav,0,0.0,0,1.721863540637969e-08,0
D:/Final_Year_Project/Deepfake_Dissertation/dataset/standardized/kannada/real/kn_real_000358.wav,0,0.0,0,4.701489306375983e-13,0
D:/Final_Year_Project/Deepfake_Dissertation/dataset/standardized/kannada/real/kn_real_000359.wav,0,0.0,0,9.492446840500201e-14,0
D:/Final_Year_Project/Deepfake_Dissertation/dataset/standardized/kannada/real/kn_real_000360.wav,0,0.0,0,8.233774773103163e-10,0
D:/Final_Year_Project/Deepfake_Dissertation/dataset/standardized/kannada/real/kn_real_000361.wav,0,0.0,0,1.1648527194901837e-13,0
D:/Final_Year_Project/Deepfake_Dissertation/dataset/standardized/kannada/real/kn_real_000362.wav,0,0.0,0,1.8313998863435377e-13,0
D:/Final_Year_Project/Deepfake_Dissertation/dataset/standardized/kannada/real/kn_real_000363.wav,0,0.0,0,8.865541190061776e-09,0
D:/Final_Year_Project/Deepfake_Dissertation/dataset/standardized/kannada/real/kn_real_000364.wav,0,0.0,0,1.006692385702168e-11,0
D:/Final_Year_Project/Deepfake_Dissertation/dataset/standardized/kannada/real/kn_real_000365.wav,0,0.0,0,4.134373832870297e-12,0
D:/Final_Year_Project/Deepfake_Dissertation/dataset/standardized/kannada/real/kn_real_000366.wav,0,0.0,0,2.060912829282557e-10,0
D:/Final_Year_Project/Deepfake_Dissertation/dataset/standardized/kannada/real/kn_real_000367.wav,0,0.0,0,3.38449754333503e-12,0
D:/Final_Year_Project/Deepfake_Dissertation/dataset/standardized/kannada/real/kn_real_000368.wav,0,0.0,0,2.831279655168828e-09,0
D:/Final_Year_Project/Deepfake_Dissertation/dataset/standardized/kannada/real/kn_real_000369.wav,0,0.0,0,1.5584256107814554e-11,0
D:/Final_Year_Project/Deepfake_Dissertation/dataset/standardized/kannada/real/kn_real_000370.wav,0,0.0,0,2.2538981586054526e-13,0
D:/Final_Year_Project/Deepfake_Dissertation/dataset/standardized/kannada/real/kn_real_000371.wav,0,0.0,0,1.0849014828867576e-12,0
D:/Final_Year_Project/Deepfake_Dissertation/dataset/standardized/kannada/real/kn_real_000372.wav,0,0.0,0,4.545721438153905e-12,0
D:/Final_Year_Project/Deepfake_Dissertation/dataset/standardized/kannada/real/kn_real_000373.wav,0,0.0,0,1.0769823617987062e-12,0
D:/Final_Year_Project/Deepfake_Dissertation/dataset/standardized/kannada/real/kn_real_000374.wav,0,0.0,0,3.7018663689991622e-09,0
D:/Final_Year_Project/Deepfake_Dissertation/dataset/standardized/kannada/real/kn_real_000375.wav,0,0.0,0,1.2879230837370417e-07,0
D:/Final_Year_Project/Deepfake_Dissertation/dataset/standardized/kannada/real/kn_real_000376.wav,0,0.0066666666666666,0,0.0001063338131643,0
D:/Final_Year_Project/Deepfake_Dissertation/dataset/standardized/kannada/real/kn_real_000377.wav,0,0.0033333333333333,0,0.132187619805336,0
D:/Final_Year_Project/Deepfake_Dissertation/dataset/standardized/kannada/real/kn_real_000378.wav,0,0.0,0,0.0024985752534121,0
D:/Final_Year_Project/Deepfake_Dissertation/dataset/standardized/kannada/real/kn_real_000379.wav,0,0.0,0,0.0003164200170431,0
D:/Final_Year_Project/Deepfake_Dissertation/dataset/standardized/kannada/real/kn_real_000380.wav,0,0.0,0,0.0009505276102572,0
D:/Final_Year_Project/Deepfake_Dissertation/dataset/standardized/kannada/real/kn_real_000381.wav,0,0.01,0,3.300559131558245e-11,0
D:/Final_Year_Project/Deepfake_Dissertation/dataset/standardized/kannada/real/kn_real_000382.wav,0,0.0,0,1.342994826458721e-09,0
D:/Final_Year_Project/Deepfake_Dissertation/dataset/standardized/kannada/real/kn_real_000383.wav,0,0.0,0,7.420421048454084e-12,0
D:/Final_Year_Project/Deepfake_Dissertation/dataset/standardized/kannada/real/kn_real_000384.wav,0,0.0,0,7.476071151035768e-11,0
D:/Final_Year_Project/Deepfake_Dissertation/dataset/standardized/kannada/real/kn_real_000385.wav,0,0.0366666666666666,0,7.180598893263833e-10,0
D:/Final_Year_Project/Deepfake_Dissertation/dataset/standardized/kannada/real/kn_real_000386.wav,0,0.0,0,2.3454866521221973e-12,0
D:/Final_Year_Project/Deepfake_Dissertation/dataset/standardized/kannada/real/kn_real_000387.wav,0,0.0033333333333333,0,2.355204969717306e-06,0
D:/Final_Year_Project/Deepfake_Dissertation/dataset/standardized/kannada/real/kn_real_000388.wav,0,0.0,0,1.2241355151765276e-10,0
D:/Final_Year_Project/Deepfake_Dissertation/dataset/standardized/kannada/real/kn_real_000389.wav,0,0.0,0,2.1083559786916343e-08,0
D:/Final_Year_Project/Deepfake_Dissertation/dataset/standardized/kannada/real/kn_real_000390.wav,0,0.0,0,1.0921392458840272e-05,0
D:/Final_Year_Project/Deepfake_Dissertation/dataset/standardized/kannada/real/kn_real_000391.wav,0,0.0,0,3.634914492067765e-06,0
D:/Final_Year_Project/Deepfake_Dissertation/dataset/standardized/kannada/real/kn_real_000392.wav,0,0.0,0,3.895313966495451e-06,0
D:/Final_Year_Project/Deepfake_Dissertation/dataset/standardized/kannada/real/kn_real_000393.wav,0,0.0,0,5.949099431745708e-06,0
D:/Final_Year_Project/Deepfake_Dissertation/dataset/standardized/kannada/real/kn_real_000394.wav,0,0.0,0,3.375631877133856e-06,0
D:/Final_Year_Project/Deepfake_Dissertation/dataset/standardized/kannada/real/kn_real_000395.wav,0,0.0,0,4.559484659694135e-05,0
D:/Final_Year_Project/Deepfake_Dissertation/dataset/standardized/kannada/real/kn_real_000396.wav,0,0.0,0,1.942143853739253e-06,0
D:/Final_Year_Project/Deepfake_Dissertation/dataset/standardized/kannada/real/kn_real_000397.wav,0,0.0,0,4.735664788313443e-06,0
D:/Final_Year_Project/Deepfake_Dissertation/dataset/standardized/kannada/real/kn_real_000398.wav,0,0.0,0,1.1775304074035375e-06,0
D:/Final_Year_Project/Deepfake_Dissertation/dataset/standardized/kannada/real/kn_real_000399.wav,0,0.0,0,1.7303800632362254e-05,0
D:/Final_Year_Project/Deepfake_Dissertation/dataset/standardized/kannada/real/kn_real_000400.wav,0,0.0,0,2.6278983568772677e-05,0
D:/Final_Year_Project/Deepfake_Dissertation/dataset/standardized/kannada/real/kn_real_000401.wav,0,0.0,0,1.0174159797315951e-05,0
D:/Final_Year_Project/Deepfake_Dissertation/dataset/standardized/kannada/real/kn_real_000402.wav,0,0.0,0,3.2331092370441183e-05,0
D:/Final_Year_Project/Deepfake_Dissertation/dataset/standardized/kannada/real/kn_real_000403.wav,0,0.0,0,1.4364217593154651e-09,0
D:/Final_Year_Project/Deepfake_Dissertation/dataset/standardized/kannada/real/kn_real_000404.wav,0,0.4333333333333333,0,6.471762503679201e-08,0
D:/Final_Year_Project/Deepfake_Dissertation/dataset/standardized/kannada/real/kn_real_000405.wav,0,0.0,0,2.131136378480392e-10,0
D:/Final_Year_Project/Deepfake_Dissertation/dataset/standardized/kannada/real/kn_real_000406.wav,0,0.2266666666666666,0,1.4102968792784054e-10,0
D:/Final_Year_Project/Deepfake_Dissertation/dataset/standardized/kannada/real/kn_real_000407.wav,0,0.0,0,1.763310830682485e-09,0
D:/Final_Year_Project/Deepfake_Dissertation/dataset/standardized/kannada/real/kn_real_000408.wav,0,0.0033333333333333,0,0.0001207880122819,0
D:/Final_Year_Project/Deepfake_Dissertation/dataset/standardized/kannada/real/kn_real_000409.wav,0,0.0033333333333333,0,0.0002937646931968,0
D:/Final_Year_Project/Deepfake_Dissertation/dataset/standardized/kannada/real/kn_real_000410.wav,0,0.0,0,3.5328084045400255e-14,0
D:/Final_Year_Project/Deepfake_Dissertation/dataset/standardized/kannada/real/kn_real_000411.wav,0,0.0033333333333333,0,3.295539017662808e-15,0
D:/Final_Year_Project/Deepfake_Dissertation/dataset/standardized/kannada/real/kn_real_000412.wav,0,0.0,0,1.3245913636871937e-17,0
D:/Final_Year_Project/Deepfake_Dissertation/dataset/standardized/kannada/real/kn_real_000413.wav,0,0.0,0,3.803769388355249e-08,0
D:/Final_Year_Project/Deepfake_Dissertation/dataset/standardized/kannada/real/kn_real_000414.wav,0,0.0,0,1.5377714726594327e-11,0
D:/Final_Year_Project/Deepfake_Dissertation/dataset/standardized/kannada/real/kn_real_000415.wav,0,0.0,0,5.5373386404584605e-14,0
D:/Final_Year_Project/Deepfake_Dissertation/dataset/standardized/kannada/real/kn_real_000416.wav,0,0.0,0,6.061970925230752e-10,0
D:/Final_Year_Project/Deepfake_Dissertation/dataset/standardized/kannada/real/kn_real_000417.wav,0,0.0,0,6.529821683365356e-10,0
D:/Final_Year_Project/Deepfake_Dissertation/dataset/standardized/kannada/real/kn_real_000418.wav,0,0.0,0,1.502208167395173e-16,0
D:/Final_Year_Project/Deepfake_Dissertation/dataset/standardized/kannada/real/kn_real_000419.wav,0,0.0,0,4.073569606632965e-12,0
D:/Final_Year_Project/Deepfake_Dissertation/dataset/standardized/kannada/real/kn_real_000420.wav,0,0.0033333333333333,0,0.0160114299505949,0
D:/Final_Year_Project/Deepfake_Dissertation/dataset/standardized/kannada/real/kn_real_000421.wav,0,0.0,0,3.803007388170077e-12,0
D:/Final_Year_Project/Deepfake_Dissertation/dataset/standardized/kannada/real/kn_real_000422.wav,0,0.0933333333333333,0,1.4613781018635308e-10,0
D:/Final_Year_Project/Deepfake_Dissertation/dataset/standardized/kannada/real/kn_real_000423.wav,0,0.0033333333333333,0,0.0070742173120379,0
D:/Final_Year_Project/Deepfake_Dissertation/dataset/standardized/kannada/real/kn_real_000424.wav,0,0.0,0,1.4578791706298944e-05,0
D:/Final_Year_Project/Deepfake_Dissertation/dataset/standardized/kannada/real/kn_real_000425.wav,0,0.33,0,1.2303007679292932e-05,0
D:/Final_Year_Project/Deepfake_Dissertation/dataset/standardized/kannada/real/kn_real_000426.wav,0,0.0,0,0.0004480963980313,0
D:/Final_Year_Project/Deepfake_Dissertation/dataset/standardized/kannada/real/kn_real_000427.wav,0,0.0,0,7.098563403751257e-11,0
D:/Final_Year_Project/Deepfake_Dissertation/dataset/standardized/kannada/real/kn_real_000428.wav,0,0.0033333333333333,0,9.04412287248968e-13,0
D:/Final_Year_Project/Deepfake_Dissertation/dataset/standardized/kannada/real/kn_real_000429.wav,0,0.32,0,0.0002394999901298,0
D:/Final_Year_Project/Deepfake_Dissertation/dataset/standardized/kannada/real/kn_real_000430.wav,0,0.7133333333333334,1,7.732319318165537e-06,0
D:/Final_Year_Project/Deepfake_Dissertation/dataset/standardized/kannada/real/kn_real_000431.wav,0,0.2366666666666666,0,0.0007711804355494,0
D:/Final_Year_Project/Deepfake_Dissertation/dataset/standardized/kannada/real/kn_real_000432.wav,0,0.0,0,3.508330337353982e-07,0
D:/Final_Year_Project/Deepfake_Dissertation/dataset/standardized/kannada/real/kn_real_000433.wav,0,0.3766666666666666,0,0.1002566739916801,0
D:/Final_Year_Project/Deepfake_Dissertation/dataset/standardized/kannada/real/kn_real_000434.wav,0,0.2333333333333333,0,0.0025437045842409,0
D:/Final_Year_Project/Deepfake_Dissertation/dataset/standardized/kannada/real/kn_real_000435.wav,0,0.0,0,7.551232670266472e-07,0
D:/Final_Year_Project/Deepfake_Dissertation/dataset/standardized/kannada/real/kn_real_000436.wav,0,0.0,0,3.7971807387293676e-07,0
D:/Final_Year_Project/Deepfake_Dissertation/dataset/standardized/kannada/real/kn_real_000437.wav,0,0.0,0,2.717880249747396e-07,0
D:/Final_Year_Project/Deepfake_Dissertation/dataset/standardized/kannada/real/kn_real_000438.wav,0,0.0,0,1.6398005300288787e-06,0
D:/Final_Year_Project/Deepfake_Dissertation/dataset/standardized/kannada/real/kn_real_000439.wav,0,0.01,0,3.816100070253015e-05,0
D:/Final_Year_Project/Deepfake_Dissertation/dataset/standardized/kannada/real/kn_real_000440.wav,0,0.7366666666666667,1,0.3892104029655456,0
D:/Final_Year_Project/Deepfake_Dissertation/dataset/standardized/kannada/real/kn_real_000441.wav,0,0.0,0,1.8856042515835725e-05,0
D:/Final_Year_Project/Deepfake_Dissertation/dataset/standardized/kannada/real/kn_real_000442.wav,0,0.0033333333333333,0,0.0614227578043937,0
D:/Final_Year_Project/Deepfake_Dissertation/dataset/standardized/kannada/real/kn_real_000443.wav,0,0.0033333333333333,0,0.0229188613593578,0
D:/Final_Year_Project/Deepfake_Dissertation/dataset/standardized/kannada/real/kn_real_000444.wav,0,0.0,0,6.361315172398463e-06,0
D:/Final_Year_Project/Deepfake_Dissertation/dataset/standardized/kannada/real/kn_real_000445.wav,0,0.2366666666666666,0,0.2736378610134125,0
D:/Final_Year_Project/Deepfake_Dissertation/dataset/standardized/kannada/real/kn_real_000446.wav,0,0.0,0,1.5763951559041869e-12,0
D:/Final_Year_Project/Deepfake_Dissertation/dataset/standardized/kannada/real/kn_real_000447.wav,0,0.0,0,6.130895270628489e-12,0
D:/Final_Year_Project/Deepfake_Dissertation/dataset/standardized/kannada/real/kn_real_000448.wav,0,0.0,0,0.0018702816450968,0
D:/Final_Year_Project/Deepfake_Dissertation/dataset/standardized/kannada/real/kn_real_000449.wav,0,0.0,0,2.7327704335555758e-11,0
D:/Final_Year_Project/Deepfake_Dissertation/dataset/standardized/kannada/real/kn_real_000450.wav,0,0.0,0,6.444315025187776e-13,0
D:/Final_Year_Project/Deepfake_Dissertation/dataset/standardized/kannada/real/kn_real_000451.wav,0,0.0066666666666666,0,1.0150462284932993e-12,0
D:/Final_Year_Project/Deepfake_Dissertation/dataset/standardized/kannada/real/kn_real_000452.wav,0,0.0,0,3.063296347811072e-15,0
D:/Final_Year_Project/Deepfake_Dissertation/dataset/standardized/kannada/real/kn_real_000453.wav,0,0.0,0,8.797676996630255e-12,0
D:/Final_Year_Project/Deepfake_Dissertation/dataset/standardized/kannada/real/kn_real_000454.wav,0,0.0066666666666666,0,0.0514192543923854,0
D:/Final_Year_Project/Deepfake_Dissertation/dataset/standardized/kannada/real/kn_real_000455.wav,0,0.3266666666666666,0,4.045964487886522e-06,0
D:/Final_Year_Project/Deepfake_Dissertation/dataset/standardized/kannada/real/kn_real_000456.wav,0,0.32,0,0.0001780696475179,0
D:/Final_Year_Project/Deepfake_Dissertation/dataset/standardized/kannada/real/kn_real_000457.wav,0,0.0,0,1.6952970138817134e-09,0
D:/Final_Year_Project/Deepfake_Dissertation/dataset/standardized/kannada/real/kn_real_000458.wav,0,0.0,0,6.370282079615208e-09,0
D:/Final_Year_Project/Deepfake_Dissertation/dataset/standardized/kannada/real/kn_real_000459.wav,0,0.0,0,0.9988312125205994,1
D:/Final_Year_Project/Deepfake_Dissertation/dataset/standardized/kannada/real/kn_real_000460.wav,0,0.0,0,0.0049726888537406,0
D:/Final_Year_Project/Deepfake_Dissertation/dataset/standardized/kannada/real/kn_real_000461.wav,0,0.8866666666666667,1,0.9999308586120604,1
D:/Final_Year_Project/Deepfake_Dissertation/dataset/standardized/kannada/real/kn_real_000462.wav,0,0.0,0,4.4793304536470255e-15,0
D:/Final_Year_Project/Deepfake_Dissertation/dataset/standardized/kannada/real/kn_real_000463.wav,0,0.0233333333333333,0,8.732710557524115e-05,0
D:/Final_Year_Project/Deepfake_Dissertation/dataset/standardized/kannada/real/kn_real_000464.wav,0,0.0,0,5.693012099072803e-06,0
D:/Final_Year_Project/Deepfake_Dissertation/dataset/standardized/kannada/real/kn_real_000465.wav,0,0.0,0,0.0001713830133667,0
D:/Final_Year_Project/Deepfake_Dissertation/dataset/standardized/kannada/real/kn_real_000466.wav,0,0.0,0,1.4039086693173888e-07,0
D:/Final_Year_Project/Deepfake_Dissertation/dataset/standardized/kannada/real/kn_real_000467.wav,0,0.0,0,2.3864333343226463e-05,0
D:/Final_Year_Project/Deepfake_Dissertation/dataset/standardized/kannada/real/kn_real_000468.wav,0,0.0,0,4.3053469767073693e-07,0
D:/Final_Year_Project/Deepfake_Dissertation/dataset/standardized/kannada/real/kn_real_000469.wav,0,0.0,0,2.4087150904961163e-06,0
D:/Final_Year_Project/Deepfake_Dissertation/dataset/standardized/kannada/real/kn_real_000470.wav,0,0.0,0,5.985184543533251e-06,0
D:/Final_Year_Project/Deepfake_Dissertation/dataset/standardized/kannada/real/kn_real_000471.wav,0,0.0,0,1.2050720143985671e-10,0
D:/Final_Year_Project/Deepfake_Dissertation/dataset/standardized/kannada/real/kn_real_000472.wav,0,0.0,0,8.826266106876089e-12,0
D:/Final_Year_Project/Deepfake_Dissertation/dataset/standardized/kannada/real/kn_real_000473.wav,0,0.0,0,0.0004609065654221,0
D:/Final_Year_Project/Deepfake_Dissertation/dataset/standardized/kannada/real/kn_real_000474.wav,0,0.0,0,0.0004028216935694,0
D:/Final_Year_Project/Deepfake_Dissertation/dataset/standardized/kannada/real/kn_real_000475.wav,0,0.0,0,2.577314148766164e-07,0
D:/Final_Year_Project/Deepfake_Dissertation/dataset/standardized/kannada/real/kn_real_000476.wav,0,0.0,0,0.0001265552855329,0
D:/Final_Year_Project/Deepfake_Dissertation/dataset/standardized/kannada/real/kn_real_000477.wav,0,0.0,0,3.2470354199176654e-05,0
D:/Final_Year_Project/Deepfake_Dissertation/dataset/standardized/kannada/real/kn_real_000478.wav,0,0.0,0,0.0077136056497693,0
D:/Final_Year_Project/Deepfake_Dissertation/dataset/standardized/kannada/real/kn_real_000479.wav,0,0.0,0,2.590801886981353e-05,0
D:/Final_Year_Project/Deepfake_Dissertation/dataset/standardized/kannada/real/kn_real_000480.wav,0,0.0,0,1.4520301405696046e-08,0
D:/Final_Year_Project/Deepfake_Dissertation/dataset/standardized/kannada/real/kn_real_000481.wav,0,0.0033333333333333,0,9.173541570817181e-08,0
D:/Final_Year_Project/Deepfake_Dissertation/dataset/standardized/kannada/real/kn_real_000482.wav,0,0.0,0,4.469961277209222e-05,0
D:/Final_Year_Project/Deepfake_Dissertation/dataset/standardized/kannada/real/kn_real_000483.wav,0,0.0033333333333333,0,1.6291405700030737e-05,0
D:/Final_Year_Project/Deepfake_Dissertation/dataset/standardized/kannada/real/kn_real_000484.wav,0,0.0,0,0.0179028194397687,0
D:/Final_Year_Project/Deepfake_Dissertation/dataset/standardized/kannada/real/kn_real_000485.wav,0,0.0,0,2.062401875946307e-07,0
D:/Final_Year_Project/Deepfake_Dissertation/dataset/standardized/kannada/real/kn_real_000486.wav,0,0.0,0,1.2868668818555308e-05,0
D:/Final_Year_Project/Deepfake_Dissertation/dataset/standardized/kannada/real/kn_real_000487.wav,0,0.0,0,3.2427937668444435e-08,0
D:/Final_Year_Project/Deepfake_Dissertation/dataset/standardized/kannada/real/kn_real_000488.wav,0,0.0,0,1.2715931916318368e-05,0
D:/Final_Year_Project/Deepfake_Dissertation/dataset/standardized/kannada/real/kn_real_000489.wav,0,0.0,0,5.877811872778693e-06,0
D:/Final_Year_Project/Deepfake_Dissertation/dataset/standardized/kannada/real/kn_real_000490.wav,0,0.0066666666666666,0,0.0003797480312641,0
D:/Final_Year_Project/Deepfake_Dissertation/dataset/standardized/kannada/real/kn_real_000491.wav,0,0.0,0,1.4262101899475965e-07,0
D:/Final_Year_Project/Deepfake_Dissertation/dataset/standardized/kannada/real/kn_real_000492.wav,0,0.0,0,4.078790425410261e-06,0
D:/Final_Year_Project/Deepfake_Dissertation/dataset/standardized/kannada/real/kn_real_000493.wav,0,0.0,0,0.0001232616923516,0
D:/Final_Year_Project/Deepfake_Dissertation/dataset/standardized/kannada/real/kn_real_000494.wav,0,0.0,0,1.198305926664034e-05,0
D:/Final_Year_Project/Deepfake_Dissertation/dataset/standardized/kannada/real/kn_real_000495.wav,0,0.0,0,1.919276110129431e-05,0
D:/Final_Year_Project/Deepfake_Dissertation/dataset/standardized/kannada/real/kn_real_000496.wav,0,0.0033333333333333,0,0.0003028486680705,0
D:/Final_Year_Project/Deepfake_Dissertation/dataset/standardized/kannada/real/kn_real_000497.wav,0,0.0,0,5.9526490076677874e-05,0
D:/Final_Year_Project/Deepfake_Dissertation/dataset/standardized/kannada/real/kn_real_000498.wav,0,0.0,0,5.797943231300451e-06,0
D:/Final_Year_Project/Deepfake_Dissertation/dataset/standardized/kannada/real/kn_real_000499.wav,0,0.0,0,1.9219156456529163e-05,0
D:/Final_Year_Project/Deepfake_Dissertation/dataset/standardized/kannada/real/kn_real_000500.wav,0,0.0033333333333333,0,7.527070920332335e-06,0
D:/Final_Year_Project/Deepfake_Dissertation/dataset/standardized/malayalam/real/ml_real_000001.wav,0,0.0,0,1.9095763491350223e-05,0
D:/Final_Year_Project/Deepfake_Dissertation/dataset/standardized/malayalam/real/ml_real_000002.wav,0,0.0,0,6.270613539527403e-07,0
D:/Final_Year_Project/Deepfake_Dissertation/dataset/standardized/malayalam/real/ml_real_000003.wav,0,0.0,0,1.6232029826160346e-12,0
D:/Final_Year_Project/Deepfake_Dissertation/dataset/standardized/malayalam/real/ml_real_000004.wav,0,0.0,0,1.5195246319890665e-12,0
D:/Final_Year_Project/Deepfake_Dissertation/dataset/standardized/malayalam/real/ml_real_000005.wav,0,0.0,0,2.088141291822776e-12,0
D:/Final_Year_Project/Deepfake_Dissertation/dataset/standardized/malayalam/real/ml_real_000006.wav,0,0.0,0,2.673739701863909e-12,0
D:/Final_Year_Project/Deepfake_Dissertation/dataset/standardized/malayalam/real/ml_real_000007.wav,0,0.0,0,4.49906056149401e-14,0
D:/Final_Year_Project/Deepfake_Dissertation/dataset/standardized/malayalam/real/ml_real_000008.wav,0,0.0,0,1.9305768717003962e-07,0
D:/Final_Year_Project/Deepfake_Dissertation/dataset/standardized/malayalam/real/ml_real_000009.wav,0,0.0033333333333333,0,1.877275622064189e-06,0
D:/Final_Year_Project/Deepfake_Dissertation/dataset/standardized/malayalam/real/ml_real_000010.wav,0,0.0,0,2.554482307459693e-05,0
D:/Final_Year_Project/Deepfake_Dissertation/dataset/standardized/malayalam/real/ml_real_000011.wav,0,0.0033333333333333,0,3.0441469657527254e-14,0
D:/Final_Year_Project/Deepfake_Dissertation/dataset/standardized/malayalam/real/ml_real_000012.wav,0,0.0,0,1.3764965729745617e-12,0
D:/Final_Year_Project/Deepfake_Dissertation/dataset/standardized/malayalam/real/ml_real_000013.wav,0,0.0033333333333333,0,4.1883838519836403e-13,0
D:/Final_Year_Project/Deepfake_Dissertation/dataset/standardized/malayalam/real/ml_real_000014.wav,0,0.0,0,8.01906165846496e-15,0
D:/Final_Year_Project/Deepfake_Dissertation/dataset/standardized/malayalam/real/ml_real_000015.wav,0,0.0,0,1.0503007799144823e-14,0
D:/Final_Year_Project/Deepfake_Dissertation/dataset/standardized/malayalam/real/ml_real_000016.wav,0,0.0,0,4.7856980355041705e-15,0
D:/Final_Year_Project/Deepfake_Dissertation/dataset/standardized/malayalam/real/ml_real_000017.wav,0,0.0,0,8.617829735158011e-06,0
D:/Final_Year_Project/Deepfake_Dissertation/dataset/standardized/malayalam/real/ml_real_000018.wav,0,0.0033333333333333,0,4.5984242547092446e-07,0
D:/Final_Year_Project/Deepfake_Dissertation/dataset/standardized/malayalam/real/ml_real_000019.wav,0,0.0033333333333333,0,0.0017493373015895,0
D:/Final_Year_Project/Deepfake_Dissertation/dataset/standardized/malayalam/real/ml_real_000020.wav,0,0.0033333333333333,0,3.4155993489548564e-05,0
D:/Final_Year_Project/Deepfake_Dissertation/dataset/standardized/malayalam/real/ml_real_000021.wav,0,0.0,0,0.9548469185829164,1
D:/Final_Year_Project/Deepfake_Dissertation/dataset/standardized/malayalam/real/ml_real_000022.wav,0,0.0033333333333333,0,0.0096235312521457,0
D:/Final_Year_Project/Deepfake_Dissertation/dataset/standardized/malayalam/real/ml_real_000023.wav,0,0.0,0,0.0275304373353719,0
D:/Final_Year_Project/Deepfake_Dissertation/dataset/standardized/malayalam/real/ml_real_000024.wav,0,0.0,0,4.699102773564333e-10,0
D:/Final_Year_Project/Deepfake_Dissertation/dataset/standardized/malayalam/real/ml_real_000025.wav,0,0.0,0,5.192094448608006e-14,0
D:/Final_Year_Project/Deepfake_Dissertation/dataset/standardized/malayalam/real/ml_real_000026.wav,0,0.0,0,5.855918527863935e-10,0
D:/Final_Year_Project/Deepfake_Dissertation/dataset/standardized/malayalam/real/ml_real_000027.wav,0,0.0,0,1.7850831761107719e-13,0
D:/Final_Year_Project/Deepfake_Dissertation/dataset/standardized/malayalam/real/ml_real_000028.wav,0,0.0,0,9.758667832149293e-12,0
D:/Final_Year_Project/Deepfake_Dissertation/dataset/standardized/malayalam/real/ml_real_000029.wav,0,0.0,0,9.864781178882918e-15,0
D:/Final_Year_Project/Deepfake_Dissertation/dataset/standardized/malayalam/real/ml_real_000030.wav,0,0.0633333333333333,0,9.744666878974684e-11,0
D:/Final_Year_Project/Deepfake_Dissertation/dataset/standardized/malayalam/real/ml_real_000031.wav,0,0.0,0,1.7093224825479557e-14,0
D:/Final_Year_Project/Deepfake_Dissertation/dataset/standardized/malayalam/real/ml_real_000032.wav,0,0.0,0,1.682846232142765e-05,0
D:/Final_Year_Project/Deepfake_Dissertation/dataset/standardized/malayalam/real/ml_real_000033.wav,0,0.0,0,3.799600335696596e-06,0
D:/Final_Year_Project/Deepfake_Dissertation/dataset/standardized/malayalam/real/ml_real_000034.wav,0,0.0,0,3.661676601041109e-05,0
D:/Final_Year_Project/Deepfake_Dissertation/dataset/standardized/malayalam/real/ml_real_000035.wav,0,0.0033333333333333,0,2.1220042611957982e-08,0
D:/Final_Year_Project/Deepfake_Dissertation/dataset/standardized/malayalam/real/ml_real_000036.wav,0,0.0,0,5.604738895215178e-10,0
D:/Final_Year_Project/Deepfake_Dissertation/dataset/standardized/malayalam/real/ml_real_000037.wav,0,0.0,0,4.3154017248525633e-07,0
D:/Final_Year_Project/Deepfake_Dissertation/dataset/standardized/malayalam/real/ml_real_000038.wav,0,0.0,0,2.8451575417420827e-05,0
D:/Final_Year_Project/Deepfake_Dissertation/dataset/standardized/malayalam/real/ml_real_000039.wav,0,0.0,0,0.0002265630901092,0
D:/Final_Year_Project/Deepfake_Dissertation/dataset/standardized/malayalam/real/ml_real_000040.wav,0,0.0,0,1.3543344223876376e-08,0
D:/Final_Year_Project/Deepfake_Dissertation/dataset/standardized/malayalam/real/ml_real_000041.wav,0,0.0033333333333333,0,4.0576842287674136e-14,0
D:/Final_Year_Project/Deepfake_Dissertation/dataset/standardized/malayalam/real/ml_real_000042.wav,0,0.0033333333333333,0,7.512768740447483e-10,0
D:/Final_Year_Project/Deepfake_Dissertation/dataset/standardized/malayalam/real/ml_real_000043.wav,0,0.0,0,7.045659888849086e-11,0
D:/Final_Year_Project/Deepfake_Dissertation/dataset/standardized/malayalam/real/ml_real_000044.wav,0,0.0,0,9.514570555035906e-12,0
D:/Final_Year_Project/Deepfake_Dissertation/dataset/standardized/malayalam/real/ml_real_000045.wav,0,0.0033333333333333,0,2.7552743073200325e-12,0
D:/Final_Year_Project/Deepfake_Dissertation/dataset/standardized/malayalam/real/ml_real_000046.wav,0,0.0,0,4.255172925035069e-15,0
D:/Final_Year_Project/Deepfake_Dissertation/dataset/standardized/malayalam/real/ml_real_000047.wav,0,0.0366666666666666,0,3.398384462727222e-09,0
D:/Final_Year_Project/Deepfake_Dissertation/dataset/standardized/malayalam/real/ml_real_000048.wav,0,0.0,0,1.938380410138052e-05,0
D:/Final_Year_Project/Deepfake_Dissertation/dataset/standardized/malayalam/real/ml_real_000049.wav,0,0.0,0,0.0005414296756498,0
D:/Final_Year_Project/Deepfake_Dissertation/dataset/standardized/malayalam/real/ml_real_000050.wav,0,0.0,0,5.50504357810927e-13,0
D:/Final_Year_Project/Deepfake_Dissertation/dataset/standardized/malayalam/real/ml_real_000051.wav,0,0.0,0,9.906975701633918e-16,0
D:/Final_Year_Project/Deepfake_Dissertation/dataset/standardized/malayalam/real/ml_real_000052.wav,0,0.0,0,0.0001499481732025,0
D:/Final_Year_Project/Deepfake_Dissertation/dataset/standardized/malayalam/real/ml_real_000053.wav,0,0.2166666666666666,0,0.0021839018445461,0
D:/Final_Year_Project/Deepfake_Dissertation/dataset/standardized/malayalam/real/ml_real_000054.wav,0,0.0,0,2.5011542926296933e-14,0
D:/Final_Year_Project/Deepfake_Dissertation/dataset/standardized/malayalam/real/ml_real_000055.wav,0,0.0,0,2.1571608924948816e-19,0
D:/Final_Year_Project/Deepfake_Dissertation/dataset/standardized/malayalam/real/ml_real_000056.wav,0,0.0,0,4.751460963776153e-16,0
D:/Final_Year_Project/Deepfake_Dissertation/dataset/standardized/malayalam/real/ml_real_000057.wav,0,0.0,0,9.977249249004672e-09,0
D:/Final_Year_Project/Deepfake_Dissertation/dataset/standardized/malayalam/real/ml_real_000058.wav,0,0.0033333333333333,0,2.3993781184117324e-08,0
D:/Final_Year_Project/Deepfake_Dissertation/dataset/standardized/malayalam/real/ml_real_000059.wav,0,0.0,0,1.4015890315022261e-07,0
D:/Final_Year_Project/Deepfake_Dissertation/dataset/standardized/malayalam/real/ml_real_000060.wav,0,0.0,0,1.7231618585356046e-06,0
D:/Final_Year_Project/Deepfake_Dissertation/dataset/standardized/malayalam/real/ml_real_000061.wav,0,0.0,0,7.381939326478459e-07,0
D:/Final_Year_Project/Deepfake_Dissertation/dataset/standardized/malayalam/real/ml_real_000062.wav,0,0.0366666666666666,0,0.1110625639557838,0
D:/Final_Year_Project/Deepfake_Dissertation/dataset/standardized/malayalam/real/ml_real_000063.wav,0,0.0,0,4.472310683922842e-05,0
D:/Final_Year_Project/Deepfake_Dissertation/dataset/standardized/malayalam/real/ml_real_000064.wav,0,0.0,0,5.396376488026045e-12,0
D:/Final_Year_Project/Deepfake_Dissertation/dataset/standardized/malayalam/real/ml_real_000065.wav,0,0.0,0,0.0002434713678667,0
D:/Final_Year_Project/Deepfake_Dissertation/dataset/standardized/malayalam/real/ml_real_000066.wav,0,0.0,0,9.135607445228193e-14,0
D:/Final_Year_Project/Deepfake_Dissertation/dataset/standardized/malayalam/real/ml_real_000067.wav,0,0.0,0,3.9946991976227634e-14,0
D:/Final_Year_Project/Deepfake_Dissertation/dataset/standardized/malayalam/real/ml_real_000068.wav,0,0.01,0,7.707955228397623e-05,0
D:/Final_Year_Project/Deepfake_Dissertation/dataset/standardized/malayalam/real/ml_real_000069.wav,0,0.0,0,4.2113599340801037e-16,0
D:/Final_Year_Project/Deepfake_Dissertation/dataset/standardized/malayalam/real/ml_real_000070.wav,0,0.0033333333333333,0,1.3513011543064835e-10,0
D:/Final_Year_Project/Deepfake_Dissertation/dataset/standardized/malayalam/real/ml_real_000071.wav,0,0.0,0,9.54734728775275e-12,0
D:/Final_Year_Project/Deepfake_Dissertation/dataset/standardized/malayalam/real/ml_real_000072.wav,0,0.0,0,1.1676354598911393e-13,0
D:/Final_Year_Project/Deepfake_Dissertation/dataset/standardized/malayalam/real/ml_real_000073.wav,0,0.0,0,9.711864965662385e-14,0
D:/Final_Year_Project/Deepfake_Dissertation/dataset/standardized/malayalam/real/ml_real_000074.wav,0,0.0,0,6.086697443806466e-13,0
D:/Final_Year_Project/Deepfake_Dissertation/dataset/standardized/malayalam/real/ml_real_000075.wav,0,0.0,0,4.616801732582054e-13,0
D:/Final_Year_Project/Deepfake_Dissertation/dataset/standardized/malayalam/real/ml_real_000076.wav,0,0.0,0,0.0001842191413743,0
D:/Final_Year_Project/Deepfake_Dissertation/dataset/standardized/malayalam/real/ml_real_000077.wav,0,0.0033333333333333,0,2.7944211069552694e-06,0
D:/Final_Year_Project/Deepfake_Dissertation/dataset/standardized/malayalam/real/ml_real_000078.wav,0,0.0,0,0.0003387207107152,0
D:/Final_Year_Project/Deepfake_Dissertation/dataset/standardized/malayalam/real/ml_real_000079.wav,0,0.0033333333333333,0,1.0057437738533737e-12,0
D:/Final_Year_Project/Deepfake_Dissertation/dataset/standardized/malayalam/real/ml_real_000080.wav,0,0.0,0,2.774439705754972e-11,0
D:/Final_Year_Project/Deepfake_Dissertation/dataset/standardized/malayalam/real/ml_real_000081.wav,0,0.0,0,1.73693023397363e-13,0
D:/Final_Year_Project/Deepfake_Dissertation/dataset/standardized/malayalam/real/ml_real_000082.wav,0,0.0,0,8.44048680774534e-14,0
D:/Final_Year_Project/Deepfake_Dissertation/dataset/standardized/malayalam/real/ml_real_000083.wav,0,0.0033333333333333,0,4.214540229394853e-13,0
D:/Final_Year_Project/Deepfake_Dissertation/dataset/standardized/malayalam/real/ml_real_000084.wav,0,0.0,0,1.7013186649414425e-13,0
D:/Final_Year_Project/Deepfake_Dissertation/dataset/standardized/malayalam/real/ml_real_000085.wav,0,0.0,0,1.0832653540458413e-13,0
D:/Final_Year_Project/Deepfake_Dissertation/dataset/standardized/malayalam/real/ml_real_000086.wav,0,0.0,0,2.203104539078016e-11,0
D:/Final_Year_Project/Deepfake_Dissertation/dataset/standardized/malayalam/real/ml_real_000087.wav,0,0.0,0,9.966555358786875e-10,0
D:/Final_Year_Project/Deepfake_Dissertation/dataset/standardized/malayalam/real/ml_real_000088.wav,0,0.0,0,8.786222679191269e-06,0
D:/Final_Year_Project/Deepfake_Dissertation/dataset/standardized/malayalam/real/ml_real_000089.wav,0,0.0,0,5.765412424807437e-05,0
D:/Final_Year_Project/Deepfake_Dissertation/dataset/standardized/malayalam/real/ml_real_000090.wav,0,0.0033333333333333,0,1.8455244656708641e-13,0
D:/Final_Year_Project/Deepfake_Dissertation/dataset/standardized/malayalam/real/ml_real_000091.wav,0,0.0,0,5.908821609085235e-13,0
D:/Final_Year_Project/Deepfake_Dissertation/dataset/standardized/malayalam/real/ml_real_000092.wav,0,0.0,0,2.5319178177662943e-13,0
D:/Final_Year_Project/Deepfake_Dissertation/dataset/standardized/malayalam/real/ml_real_000093.wav,0,0.0,0,5.48384115894862e-10,0
D:/Final_Year_Project/Deepfake_Dissertation/dataset/standardized/malayalam/real/ml_real_000094.wav,0,0.0,0,3.229373435331695e-09,0
D:/Final_Year_Project/Deepfake_Dissertation/dataset/standardized/malayalam/real/ml_real_000095.wav,0,0.0,0,1.1370472066118964e-06,0
D:/Final_Year_Project/Deepfake_Dissertation/dataset/standardized/malayalam/real/ml_real_000096.wav,0,0.0,0,1.8558475289864878e-07,0
D:/Final_Year_Project/Deepfake_Dissertation/dataset/standardized/malayalam/real/ml_real_000097.wav,0,0.0,0,2.0153163534687712e-13,0
D:/Final_Year_Project/Deepfake_Dissertation/dataset/standardized/malayalam/real/ml_real_000098.wav,0,0.0,0,5.106876517839648e-16,0
D:/Final_Year_Project/Deepfake_Dissertation/dataset/standardized/malayalam/real/ml_real_000099.wav,0,0.0,0,3.717858951372843e-16,0
D:/Final_Year_Project/Deepfake_Dissertation/dataset/standardized/malayalam/real/ml_real_000100.wav,0,0.0,0,0.0130002480000257,0
D:/Final_Year_Project/Deepfake_Dissertation/dataset/standardized/malayalam/real/ml_real_000101.wav,0,0.0033333333333333,0,0.0005532701616175,0
D:/Final_Year_Project/Deepfake_Dissertation/dataset/standardized/malayalam/real/ml_real_000102.wav,0,0.0,0,3.30442509292872e-12,0
D:/Final_Year_Project/Deepfake_Dissertation/dataset/standardized/malayalam/real/ml_real_000103.wav,0,0.0,0,7.668784718362076e-09,0
D:/Final_Year_Project/Deepfake_Dissertation/dataset/standardized/malayalam/real/ml_real_000104.wav,0,0.0,0,3.107626866949431e-08,0
D:/Final_Year_Project/Deepfake_Dissertation/dataset/standardized/malayalam/real/ml_real_000105.wav,0,0.0,0,3.788296499412924e-12,0
D:/Final_Year_Project/Deepfake_Dissertation/dataset/standardized/malayalam/real/ml_real_000106.wav,0,0.0,0,1.3853723146439736e-07,0
D:/Final_Year_Project/Deepfake_Dissertation/dataset/standardized/malayalam/real/ml_real_000107.wav,0,0.0,0,1.0372451508811054e-10,0
D:/Final_Year_Project/Deepfake_Dissertation/dataset/standardized/malayalam/real/ml_real_000108.wav,0,0.0,0,1.8123054701391086e-07,0
D:/Final_Year_Project/Deepfake_Dissertation/dataset/standardized/malayalam/real/ml_real_000109.wav,0,0.0,0,3.3384723792551085e-05,0
D:/Final_Year_Project/Deepfake_Dissertation/dataset/standardized/malayalam/real/ml_real_000110.wav,0,0.0033333333333333,0,0.00036753716995,0
D:/Final_Year_Project/Deepfake_Dissertation/dataset/standardized/malayalam/real/ml_real_000111.wav,0,0.0,0,4.75043962500088e-11,0
D:/Final_Year_Project/Deepfake_Dissertation/dataset/standardized/malayalam/real/ml_real_000112.wav,0,0.0,0,8.072783330703714e-09,0
D:/Final_Year_Project/Deepfake_Dissertation/dataset/standardized/malayalam/real/ml_real_000113.wav,0,0.0333333333333333,0,2.3174234797807006e-07,0
D:/Final_Year_Project/Deepfake_Dissertation/dataset/standardized/malayalam/real/ml_real_000114.wav,0,0.0,0,2.399213835075991e-15,0
D:/Final_Year_Project/Deepfake_Dissertation/dataset/standardized/malayalam/real/ml_real_000115.wav,0,0.0,0,2.7625859296020492e-14,0
D:/Final_Year_Project/Deepfake_Dissertation/dataset/standardized/malayalam/real/ml_real_000116.wav,0,0.0133333333333333,0,7.761252345517278e-05,0
D:/Final_Year_Project/Deepfake_Dissertation/dataset/standardized/malayalam/real/ml_real_000117.wav,0,0.0,0,4.994670916858013e-07,0
D:/Final_Year_Project/Deepfake_Dissertation/dataset/standardized/malayalam/real/ml_real_000118.wav,0,0.0,0,3.126262811993519e-13,0
D:/Final_Year_Project/Deepfake_Dissertation/dataset/standardized/malayalam/real/ml_real_000119.wav,0,0.0133333333333333,0,4.8053621526378265e-08,0
D:/Final_Year_Project/Deepfake_Dissertation/dataset/standardized/malayalam/real/ml_real_000120.wav,0,0.2433333333333333,0,5.6178659946226623e-08,0
D:/Final_Year_Project/Deepfake_Dissertation/dataset/standardized/malayalam/real/ml_real_000121.wav,0,0.0,0,5.165952301350307e-12,0
D:/Final_Year_Project/Deepfake_Dissertation/dataset/standardized/malayalam/real/ml_real_000122.wav,0,0.0,0,1.866257148819272e-09,0
D:/Final_Year_Project/Deepfake_Dissertation/dataset/standardized/malayalam/real/ml_real_000123.wav,0,0.0,0,2.2600641358394572e-08,0
D:/Final_Year_Project/Deepfake_Dissertation/dataset/standardized/malayalam/real/ml_real_000124.wav,0,0.0033333333333333,0,1.2545634670013683e-11,0
D:/Final_Year_Project/Deepfake_Dissertation/dataset/standardized/malayalam/real/ml_real_000125.wav,0,0.0,0,2.2113740005824667e-10,0
D:/Final_Year_Project/Deepfake_Dissertation/dataset/standardized/malayalam/real/ml_real_000126.wav,0,0.0,0,1.8647358336002905e-15,0
D:/Final_Year_Project/Deepfake_Dissertation/dataset/standardized/malayalam/real/ml_real_000127.wav,0,0.0,0,1.876777844245225e-08,0
D:/Final_Year_Project/Deepfake_Dissertation/dataset/standardized/malayalam/real/ml_real_000128.wav,0,0.0,0,2.1420447013364985e-11,0
D:/Final_Year_Project/Deepfake_Dissertation/dataset/standardized/malayalam/real/ml_real_000129.wav,0,0.0,0,1.3436601379874636e-14,0
D:/Final_Year_Project/Deepfake_Dissertation/dataset/standardized/malayalam/real/ml_real_000130.wav,0,0.0,0,8.645535676254923e-12,0
D:/Final_Year_Project/Deepfake_Dissertation/dataset/standardized/malayalam/real/ml_real_000131.wav,0,0.0,0,5.890625444024411e-13,0
D:/Final_Year_Project/Deepfake_Dissertation/dataset/standardized/malayalam/real/ml_real_000132.wav,0,0.0,0,5.352589235014214e-14,0
D:/Final_Year_Project/Deepfake_Dissertation/dataset/standardized/malayalam/real/ml_real_000133.wav,0,0.0,0,1.5911462033404013e-15,0
D:/Final_Year_Project/Deepfake_Dissertation/dataset/standardized/malayalam/real/ml_real_000134.wav,0,0.0,0,9.446372313927713e-14,0
D:/Final_Year_Project/Deepfake_Dissertation/dataset/standardized/malayalam/real/ml_real_000135.wav,0,0.0,0,2.8463878365414533e-08,0
D:/Final_Year_Project/Deepfake_Dissertation/dataset/standardized/malayalam/real/ml_real_000136.wav,0,0.0,0,4.721029470133864e-11,0
D:/Final_Year_Project/Deepfake_Dissertation/dataset/standardized/malayalam/real/ml_real_000137.wav,0,0.0,0,9.131104726500803e-12,0
D:/Final_Year_Project/Deepfake_Dissertation/dataset/standardized/malayalam/real/ml_real_000138.wav,0,0.0,0,1.0555842658299674e-11,0
D:/Final_Year_Project/Deepfake_Dissertation/dataset/standardized/malayalam/real/ml_real_000139.wav,0,0.0066666666666666,0,8.580390223203797e-14,0
D:/Final_Year_Project/Deepfake_Dissertation/dataset/standardized/malayalam/real/ml_real_000140.wav,0,0.0,0,1.9710181396899711e-16,0
D:/Final_Year_Project/Deepfake_Dissertation/dataset/standardized/malayalam/real/ml_real_000141.wav,0,0.0,0,1.406976613124375e-13,0
D:/Final_Year_Project/Deepfake_Dissertation/dataset/standardized/malayalam/real/ml_real_000142.wav,0,0.0,0,9.951889708365373e-14,0
D:/Final_Year_Project/Deepfake_Dissertation/dataset/standardized/malayalam/real/ml_real_000143.wav,0,0.0,0,6.97648658135909e-14,0
D:/Final_Year_Project/Deepfake_Dissertation/dataset/standardized/malayalam/real/ml_real_000144.wav,0,0.0,0,1.2941821008957688e-12,0
D:/Final_Year_Project/Deepfake_Dissertation/dataset/standardized/malayalam/real/ml_real_000145.wav,0,0.0,0,3.3096398885379413e-13,0
D:/Final_Year_Project/Deepfake_Dissertation/dataset/standardized/malayalam/real/ml_real_000146.wav,0,0.0,0,4.440530787519492e-08,0
D:/Final_Year_Project/Deepfake_Dissertation/dataset/standardized/malayalam/real/ml_real_000147.wav,0,0.0,0,7.179828259706865e-11,0
D:/Final_Year_Project/Deepfake_Dissertation/dataset/standardized/malayalam/real/ml_real_000148.wav,0,0.0,0,5.4899658152862685e-09,0
D:/Final_Year_Project/Deepfake_Dissertation/dataset/standardized/malayalam/real/ml_real_000149.wav,0,0.0,0,1.3486008754171053e-07,0
D:/Final_Year_Project/Deepfake_Dissertation/dataset/standardized/malayalam/real/ml_real_000150.wav,0,0.0033333333333333,0,0.0069891889579594,0
D:/Final_Year_Project/Deepfake_Dissertation/dataset/standardized/malayalam/real/ml_real_000151.wav,0,0.0,0,2.7947079600607744e-14,0
D:/Final_Year_Project/Deepfake_Dissertation/dataset/standardized/malayalam/real/ml_real_000152.wav,0,0.0,0,4.767035832915767e-13,0
D:/Final_Year_Project/Deepfake_Dissertation/dataset/standardized/malayalam/real/ml_real_000153.wav,0,0.0,0,5.4906175092628295e-12,0
D:/Final_Year_Project/Deepfake_Dissertation/dataset/standardized/malayalam/real/ml_real_000154.wav,0,0.0033333333333333,0,7.401722870682345e-15,0
D:/Final_Year_Project/Deepfake_Dissertation/dataset/standardized/malayalam/real/ml_real_000155.wav,0,0.0,0,1.7630971335669262e-11,0
D:/Final_Year_Project/Deepfake_Dissertation/dataset/standardized/malayalam/real/ml_real_000156.wav,0,0.0,0,0.0012716988567262,0
D:/Final_Year_Project/Deepfake_Dissertation/dataset/standardized/malayalam/real/ml_real_000157.wav,0,0.0,0,2.2153368206545565e-07,0
D:/Final_Year_Project/Deepfake_Dissertation/dataset/standardized/malayalam/real/ml_real_000158.wav,0,0.0,0,8.550754234445264e-14,0
D:/Final_Year_Project/Deepfake_Dissertation/dataset/standardized/malayalam/real/ml_real_000159.wav,0,0.0,0,2.3453366527516343e-14,0
D:/Final_Year_Project/Deepfake_Dissertation/dataset/standardized/malayalam/real/ml_real_000160.wav,0,0.0033333333333333,0,1.3067640793451574e-05,0
D:/Final_Year_Project/Deepfake_Dissertation/dataset/standardized/malayalam/real/ml_real_000161.wav,0,0.0,0,8.686987218974039e-13,0
D:/Final_Year_Project/Deepfake_Dissertation/dataset/standardized/malayalam/real/ml_real_000162.wav,0,0.0,0,4.0705591030958994e-18,0
D:/Final_Year_Project/Deepfake_Dissertation/dataset/standardized/malayalam/real/ml_real_000163.wav,0,0.0,0,1.0770810241964024e-12,0
D:/Final_Year_Project/Deepfake_Dissertation/dataset/standardized/malayalam/real/ml_real_000164.wav,0,0.0,0,2.55749604304554e-17,0
D:/Final_Year_Project/Deepfake_Dissertation/dataset/standardized/malayalam/real/ml_real_000165.wav,0,0.0,0,2.821839170750323e-13,0
D:/Final_Year_Project/Deepfake_Dissertation/dataset/standardized/malayalam/real/ml_real_000166.wav,0,0.0,0,2.2091237259630472e-13,0
D:/Final_Year_Project/Deepfake_Dissertation/dataset/standardized/malayalam/real/ml_real_000167.wav,0,0.0,0,3.116744210274192e-06,0
D:/Final_Year_Project/Deepfake_Dissertation/dataset/standardized/malayalam/real/ml_real_000168.wav,0,0.0,0,1.367873301205691e-05,0
D:/Final_Year_Project/Deepfake_Dissertation/dataset/standardized/malayalam/real/ml_real_000169.wav,0,0.0,0,1.3983781173010357e-06,0
D:/Final_Year_Project/Deepfake_Dissertation/dataset/standardized/malayalam/real/ml_real_000170.wav,0,0.0033333333333333,0,3.165984162478708e-05,0
D:/Final_Year_Project/Deepfake_Dissertation/dataset/standardized/malayalam/real/ml_real_000171.wav,0,0.0,0,8.477950359520037e-07,0
D:/Final_Year_Project/Deepfake_Dissertation/dataset/standardized/malayalam/real/ml_real_000172.wav,0,0.0,0,6.348844863168779e-07,0
D:/Final_Year_Project/Deepfake_Dissertation/dataset/standardized/malayalam/real/ml_real_000173.wav,0,0.0,0,7.608767305100628e-07,0
D:/Final_Year_Project/Deepfake_Dissertation/dataset/standardized/malayalam/real/ml_real_000174.wav,0,0.0,0,1.66249108701777e-07,0
D:/Final_Year_Project/Deepfake_Dissertation/dataset/standardized/malayalam/real/ml_real_000175.wav,0,0.0,0,1.101534508052282e-06,0
D:/Final_Year_Project/Deepfake_Dissertation/dataset/standardized/malayalam/real/ml_real_000176.wav,0,0.0,0,0.0029135020449757,0
D:/Final_Year_Project/Deepfake_Dissertation/dataset/standardized/malayalam/real/ml_real_000177.wav,0,0.0,0,7.560059884781367e-07,0
D:/Final_Year_Project/Deepfake_Dissertation/dataset/standardized/malayalam/real/ml_real_000178.wav,0,0.0,0,2.2571784086267146e-07,0
D:/Final_Year_Project/Deepfake_Dissertation/dataset/standardized/malayalam/real/ml_real_000179.wav,0,0.0,0,7.699548554285231e-09,0
D:/Final_Year_Project/Deepfake_Dissertation/dataset/standardized/malayalam/real/ml_real_000180.wav,0,0.0,0,2.870793309739384e-07,0
D:/Final_Year_Project/Deepfake_Dissertation/dataset/standardized/malayalam/real/ml_real_000181.wav,0,0.0,0,1.3021656286582586e-07,0
D:/Final_Year_Project/Deepfake_Dissertation/dataset/standardized/malayalam/real/ml_real_000182.wav,0,0.0,0,2.346655946894316e-06,0
D:/Final_Year_Project/Deepfake_Dissertation/dataset/standardized/malayalam/real/ml_real_000183.wav,0,0.0,0,2.4809349270071834e-05,0
D:/Final_Year_Project/Deepfake_Dissertation/dataset/standardized/malayalam/real/ml_real_000184.wav,0,0.0,0,2.6038318723387017e-10,0
D:/Final_Year_Project/Deepfake_Dissertation/dataset/standardized/malayalam/real/ml_real_000185.wav,0,0.0,0,5.083890123117052e-13,0
D:/Final_Year_Project/Deepfake_Dissertation/dataset/standardized/malayalam/real/ml_real_000186.wav,0,0.0,0,3.3286118306108387e-10,0
D:/Final_Year_Project/Deepfake_Dissertation/dataset/standardized/malayalam/real/ml_real_000187.wav,0,0.0,0,5.298687270199887e-12,0
D:/Final_Year_Project/Deepfake_Dissertation/dataset/standardized/malayalam/real/ml_real_000188.wav,0,0.0,0,4.190420099803305e-07,0
D:/Final_Year_Project/Deepfake_Dissertation/dataset/standardized/malayalam/real/ml_real_000189.wav,0,0.0,0,1.086635961655702e-06,0
D:/Final_Year_Project/Deepfake_Dissertation/dataset/standardized/malayalam/real/ml_real_000190.wav,0,0.0,0,4.410375993302296e-07,0
D:/Final_Year_Project/Deepfake_Dissertation/dataset/standardized/malayalam/real/ml_real_000191.wav,0,0.0,0,6.098073977202356e-13,0
D:/Final_Year_Project/Deepfake_Dissertation/dataset/standardized/malayalam/real/ml_real_000192.wav,0,0.0,0,5.4211902328349375e-11,0
D:/Final_Year_Project/Deepfake_Dissertation/dataset/standardized/malayalam/real/ml_real_000193.wav,0,0.0,0,5.62094704115168e-10,0
D:/Final_Year_Project/Deepfake_Dissertation/dataset/standardized/malayalam/real/ml_real_000194.wav,0,0.0,0,2.100966449425368e-11,0
D:/Final_Year_Project/Deepfake_Dissertation/dataset/standardized/malayalam/real/ml_real_000195.wav,0,0.0,0,9.526202049414676e-10,0
D:/Final_Year_Project/Deepfake_Dissertation/dataset/standardized/malayalam/real/ml_real_000196.wav,0,0.5566666666666666,1,4.776417594776206e-10,0
D:/Final_Year_Project/Deepfake_Dissertation/dataset/standardized/malayalam/real/ml_real_000197.wav,0,0.0,0,1.9280259333509517e-10,0
D:/Final_Year_Project/Deepfake_Dissertation/dataset/standardized/malayalam/real/ml_real_000198.wav,0,0.0,0,2.229407657832264e-13,0
D:/Final_Year_Project/Deepfake_Dissertation/dataset/standardized/malayalam/real/ml_real_000199.wav,0,0.0,0,1.7801029747466224e-12,0
D:/Final_Year_Project/Deepfake_Dissertation/dataset/standardized/malayalam/real/ml_real_000200.wav,0,0.5833333333333334,1,4.129462549684604e-09,0
D:/Final_Year_Project/Deepfake_Dissertation/dataset/standardized/malayalam/real/ml_real_000201.wav,0,0.0,0,1.0231620238554395e-11,0
D:/Final_Year_Project/Deepfake_Dissertation/dataset/standardized/malayalam/real/ml_real_000202.wav,0,0.0,0,8.934805606486408e-08,0
D:/Final_Year_Project/Deepfake_Dissertation/dataset/standardized/malayalam/real/ml_real_000203.wav,0,0.0,0,4.5617398747310745e-11,0
D:/Final_Year_Project/Deepfake_Dissertation/dataset/standardized/malayalam/real/ml_real_000204.wav,0,0.0,0,1.1941110642510466e-06,0
D:/Final_Year_Project/Deepfake_Dissertation/dataset/standardized/malayalam/real/ml_real_000205.wav,0,0.0033333333333333,0,2.485725644874037e-06,0
D:/Final_Year_Project/Deepfake_Dissertation/dataset/standardized/malayalam/real/ml_real_000206.wav,0,0.0,0,6.282776610078146e-08,0
D:/Final_Year_Project/Deepfake_Dissertation/dataset/standardized/malayalam/real/ml_real_000207.wav,0,0.0,0,8.498167517245747e-06,0
D:/Final_Year_Project/Deepfake_Dissertation/dataset/standardized/malayalam/real/ml_real_000208.wav,0,0.0,0,6.8605754677264486e-06,0
D:/Final_Year_Project/Deepfake_Dissertation/dataset/standardized/malayalam/real/ml_real_000209.wav,0,0.0,0,3.258056494814809e-06,0
D:/Final_Year_Project/Deepfake_Dissertation/dataset/standardized/malayalam/real/ml_real_000210.wav,0,0.0033333333333333,0,1.5853627701289952e-05,0
D:/Final_Year_Project/Deepfake_Dissertation/dataset/standardized/malayalam/real/ml_real_000211.wav,0,0.0,0,0.9723314642906188,1
D:/Final_Year_Project/Deepfake_Dissertation/dataset/standardized/malayalam/real/ml_real_000212.wav,0,0.0033333333333333,0,8.081055824504801e-09,0
D:/Final_Year_Project/Deepfake_Dissertation/dataset/standardized/malayalam/real/ml_real_000213.wav,0,0.0033333333333333,0,1.2084797138683934e-12,0
D:/Final_Year_Project/Deepfake_Dissertation/dataset/standardized/malayalam/real/ml_real_000214.wav,0,0.0,0,5.81271164534769e-09,0
D:/Final_Year_Project/Deepfake_Dissertation/dataset/standardized/malayalam/real/ml_real_000215.wav,0,0.0,0,4.6748663154547877e-14,0
D:/Final_Year_Project/Deepfake_Dissertation/dataset/standardized/malayalam/real/ml_real_000216.wav,0,0.0,0,1.9184086014634866e-13,0
D:/Final_Year_Project/Deepfake_Dissertation/dataset/standardized/malayalam/real/ml_real_000217.wav,0,0.0,0,1.376126426352875e-12,0
D:/Final_Year_Project/Deepfake_Dissertation/dataset/standardized/malayalam/real/ml_real_000218.wav,0,0.0,0,6.232341726031265e-11,0
D:/Final_Year_Project/Deepfake_Dissertation/dataset/standardized/malayalam/real/ml_real_000219.wav,0,0.0,0,1.1073734151878512e-09,0
D:/Final_Year_Project/Deepfake_Dissertation/dataset/standardized/malayalam/real/ml_real_000220.wav,0,0.0,0,2.2645958025480084e-11,0
D:/Final_Year_Project/Deepfake_Dissertation/dataset/standardized/malayalam/real/ml_real_000221.wav,0,0.0,0,9.9681558580339e-13,0
D:/Final_Year_Project/Deepfake_Dissertation/dataset/standardized/malayalam/real/ml_real_000222.wav,0,0.0,0,2.3901121695962122e-14,0
D:/Final_Year_Project/Deepfake_Dissertation/dataset/standardized/malayalam/real/ml_real_000223.wav,0,0.0,0,1.7128946915370702e-12,0
D:/Final_Year_Project/Deepfake_Dissertation/dataset/standardized/malayalam/real/ml_real_000224.wav,0,0.0,0,5.321754525228727e-14,0
D:/Final_Year_Project/Deepfake_Dissertation/dataset/standardized/malayalam/real/ml_real_000225.wav,0,0.0,0,3.7441309276055323e-13,0
D:/Final_Year_Project/Deepfake_Dissertation/dataset/standardized/malayalam/real/ml_real_000226.wav,0,0.0,0,6.1735143906671555e-12,0
D:/Final_Year_Project/Deepfake_Dissertation/dataset/standardized/malayalam/real/ml_real_000227.wav,0,0.0033333333333333,0,3.3087377282470243e-09,0
D:/Final_Year_Project/Deepfake_Dissertation/dataset/standardized/malayalam/real/ml_real_000228.wav,0,0.0033333333333333,0,9.63662500907958e-07,0
D:/Final_Year_Project/Deepfake_Dissertation/dataset/standardized/malayalam/real/ml_real_000229.wav,0,0.0,0,9.152880011242814e-06,0
D:/Final_Year_Project/Deepfake_Dissertation/dataset/standardized/malayalam/real/ml_real_000230.wav,0,0.0,0,0.0046716388314962,0
D:/Final_Year_Project/Deepfake_Dissertation/dataset/standardized/malayalam/real/ml_real_000231.wav,0,0.0033333333333333,0,0.013169483281672,0
D:/Final_Year_Project/Deepfake_Dissertation/dataset/standardized/malayalam/real/ml_real_000232.wav,0,0.0,0,1.2124066971017512e-16,0
D:/Final_Year_Project/Deepfake_Dissertation/dataset/standardized/malayalam/real/ml_real_000233.wav,0,0.0,0,4.754938665030295e-10,0
D:/Final_Year_Project/Deepfake_Dissertation/dataset/standardized/malayalam/real/ml_real_000234.wav,0,0.0033333333333333,0,2.2542658711932617e-11,0
D:/Final_Year_Project/Deepfake_Dissertation/dataset/standardized/malayalam/real/ml_real_000235.wav,0,0.03,0,1.0099734416846308e-11,0
D:/Final_Year_Project/Deepfake_Dissertation/dataset/standardized/malayalam/real/ml_real_000236.wav,0,0.0,0,3.6234632915660425e-14,0
D:/Final_Year_Project/Deepfake_Dissertation/dataset/standardized/malayalam/real/ml_real_000237.wav,0,0.0,0,3.55161944775792e-13,0
D:/Final_Year_Project/Deepfake_Dissertation/dataset/standardized/malayalam/real/ml_real_000238.wav,0,0.0,0,3.716436533518497e-11,0
D:/Final_Year_Project/Deepfake_Dissertation/dataset/standardized/malayalam/real/ml_real_000239.wav,0,0.0,0,4.587204097475372e-13,0
D:/Final_Year_Project/Deepfake_Dissertation/dataset/standardized/malayalam/real/ml_real_000240.wav,0,0.0,0,5.971977579122267e-09,0
D:/Final_Year_Project/Deepfake_Dissertation/dataset/standardized/malayalam/real/ml_real_000241.wav,0,0.0,0,1.5026603008769237e-13,0
D:/Final_Year_Project/Deepfake_Dissertation/dataset/standardized/malayalam/real/ml_real_000242.wav,0,0.26,0,4.739501976644411e-13,0
D:/Final_Year_Project/Deepfake_Dissertation/dataset/standardized/malayalam/real/ml_real_000243.wav,0,0.0,0,4.5628513987983066e-12,0
D:/Final_Year_Project/Deepfake_Dissertation/dataset/standardized/malayalam/real/ml_real_000244.wav,0,0.0066666666666666,0,1.4489162647457476e-10,0
D:/Final_Year_Project/Deepfake_Dissertation/dataset/standardized/malayalam/real/ml_real_000245.wav,0,0.0,0,3.618903440805177e-11,0
D:/Final_Year_Project/Deepfake_Dissertation/dataset/standardized/malayalam/real/ml_real_000246.wav,0,0.0166666666666666,0,4.649687319197016e-12,0
D:/Final_Year_Project/Deepfake_Dissertation/dataset/standardized/malayalam/real/ml_real_000247.wav,0,0.0,0,6.9145093296862906e-12,0
D:/Final_Year_Project/Deepfake_Dissertation/dataset/standardized/malayalam/real/ml_real_000248.wav,0,0.0,0,3.259205550421029e-05,0
D:/Final_Year_Project/Deepfake_Dissertation/dataset/standardized/malayalam/real/ml_real_000249.wav,0,0.0,0,1.7941399477194864e-08,0
D:/Final_Year_Project/Deepfake_Dissertation/dataset/standardized/malayalam/real/ml_real_000250.wav,0,0.0,0,7.453533180523664e-05,0
D:/Final_Year_Project/Deepfake_Dissertation/dataset/standardized/malayalam/real/ml_real_000251.wav,0,0.0066666666666666,0,0.0011886808788403,0
D:/Final_Year_Project/Deepfake_Dissertation/dataset/standardized/malayalam/real/ml_real_000252.wav,0,0.0,0,2.690377087777307e-11,0
D:/Final_Year_Project/Deepfake_Dissertation/dataset/standardized/malayalam/real/ml_real_000253.wav,0,0.0,0,2.7640138838834386e-18,0
D:/Final_Year_Project/Deepfake_Dissertation/dataset/standardized/malayalam/real/ml_real_000254.wav,0,0.0,0,2.3871146725973347e-10,0
D:/Final_Year_Project/Deepfake_Dissertation/dataset/standardized/malayalam/real/ml_real_000255.wav,0,0.0,0,1.87312275065632e-12,0
D:/Final_Year_Project/Deepfake_Dissertation/dataset/standardized/malayalam/real/ml_real_000256.wav,0,0.0,0,3.874155770494658e-12,0
D:/Final_Year_Project/Deepfake_Dissertation/dataset/standardized/malayalam/real/ml_real_000257.wav,0,0.0,0,3.8520504107394016e-16,0
D:/Final_Year_Project/Deepfake_Dissertation/dataset/standardized/malayalam/real/ml_real_000258.wav,0,0.0,0,3.197923660991364e-06,0
D:/Final_Year_Project/Deepfake_Dissertation/dataset/standardized/malayalam/real/ml_real_000259.wav,0,0.0,0,1.3095996249833441e-16,0
D:/Final_Year_Project/Deepfake_Dissertation/dataset/standardized/malayalam/real/ml_real_000260.wav,0,0.0,0,1.3836618073526097e-08,0
D:/Final_Year_Project/Deepfake_Dissertation/dataset/standardized/malayalam/real/ml_real_000261.wav,0,0.0133333333333333,0,8.89942725734727e-07,0
D:/Final_Year_Project/Deepfake_Dissertation/dataset/standardized/malayalam/real/ml_real_000262.wav,0,0.0033333333333333,0,0.0265284851193428,0
D:/Final_Year_Project/Deepfake_Dissertation/dataset/standardized/malayalam/real/ml_real_000263.wav,0,0.0,0,5.786152264784794e-13,0
D:/Final_Year_Project/Deepfake_Dissertation/dataset/standardized/malayalam/real/ml_real_000264.wav,0,0.0033333333333333,0,1.15468558326004e-10,0
D:/Final_Year_Project/Deepfake_Dissertation/dataset/standardized/malayalam/real/ml_real_000265.wav,0,0.0,0,2.013657649513334e-06,0
D:/Final_Year_Project/Deepfake_Dissertation/dataset/standardized/malayalam/real/ml_real_000266.wav,0,0.0,0,1.78396931005409e-05,0
D:/Final_Year_Project/Deepfake_Dissertation/dataset/standardized/malayalam/real/ml_real_000267.wav,0,0.0,0,5.956187149394609e-13,0
D:/Final_Year_Project/Deepfake_Dissertation/dataset/standardized/malayalam/real/ml_real_000268.wav,0,0.0,0,1.206697533007173e-07,0
D:/Final_Year_Project/Deepfake_Dissertation/dataset/standardized/malayalam/real/ml_real_000269.wav,0,0.0,0,2.037448939518072e-05,0
D:/Final_Year_Project/Deepfake_Dissertation/dataset/standardized/malayalam/real/ml_real_000270.wav,0,0.02,0,4.4455068098914197e-11,0
D:/Final_Year_Project/Deepfake_Dissertation/dataset/standardized/malayalam/real/ml_real_000271.wav,0,0.0,0,5.992372570373661e-11,0
D:/Final_Year_Project/Deepfake_Dissertation/dataset/standardized/malayalam/real/ml_real_000272.wav,0,0.0,0,5.735838026765805e-09,0
D:/Final_Year_Project/Deepfake_Dissertation/dataset/standardized/malayalam/real/ml_real_000273.wav,0,0.0,0,9.784197452233911e-09,0
D:/Final_Year_Project/Deepfake_Dissertation/dataset/standardized/malayalam/real/ml_real_000274.wav,0,0.0033333333333333,0,1.4217634181079576e-08,0
D:/Final_Year_Project/Deepfake_Dissertation/dataset/standardized/malayalam/real/ml_real_000275.wav,0,0.0,0,9.219683257946297e-14,0
D:/Final_Year_Project/Deepfake_Dissertation/dataset/standardized/malayalam/real/ml_real_000276.wav,0,0.0033333333333333,0,2.144700657337689e-16,0
D:/Final_Year_Project/Deepfake_Dissertation/dataset/standardized/malayalam/real/ml_real_000277.wav,0,0.0,0,5.709313084404304e-17,0
D:/Final_Year_Project/Deepfake_Dissertation/dataset/standardized/malayalam/real/ml_real_000278.wav,0,0.0,0,1.009202277302279e-09,0
D:/Final_Year_Project/Deepfake_Dissertation/dataset/standardized/malayalam/real/ml_real_000279.wav,0,0.0,0,4.062696630936086e-13,0
D:/Final_Year_Project/Deepfake_Dissertation/dataset/standardized/malayalam/real/ml_real_000280.wav,0,0.0,0,2.3187316955386453e-08,0
D:/Final_Year_Project/Deepfake_Dissertation/dataset/standardized/malayalam/real/ml_real_000281.wav,0,0.0,0,2.535422826549505e-12,0
D:/Final_Year_Project/Deepfake_Dissertation/dataset/standardized/malayalam/real/ml_real_000282.wav,0,0.0,0,2.061704973410628e-12,0
D:/Final_Year_Project/Deepfake_Dissertation/dataset/standardized/malayalam/real/ml_real_000283.wav,0,0.0,0,5.0272928181493975e-11,0
D:/Final_Year_Project/Deepfake_Dissertation/dataset/standardized/malayalam/real/ml_real_000284.wav,0,0.0,0,2.749577232563638e-09,0
D:/Final_Year_Project/Deepfake_Dissertation/dataset/standardized/malayalam/real/ml_real_000285.wav,0,0.0,0,6.816128994557857e-09,0
D:/Final_Year_Project/Deepfake_Dissertation/dataset/standardized/malayalam/real/ml_real_000286.wav,0,0.0,0,1.574162557473242e-16,0
D:/Final_Year_Project/Deepfake_Dissertation/dataset/standardized/malayalam/real/ml_real_000287.wav,0,0.0,0,2.070358296092853e-16,0
D:/Final_Year_Project/Deepfake_Dissertation/dataset/standardized/malayalam/real/ml_real_000288.wav,0,0.0,0,2.383010771428757e-18,0
D:/Final_Year_Project/Deepfake_Dissertation/dataset/standardized/malayalam/real/ml_real_000289.wav,0,0.0,0,7.64918608732153e-15,0
D:/Final_Year_Project/Deepfake_Dissertation/dataset/standardized/malayalam/real/ml_real_000290.wav,0,0.0,0,3.358518723087803e-19,0
D:/Final_Year_Project/Deepfake_Dissertation/dataset/standardized/malayalam/real/ml_real_000291.wav,0,0.0,0,7.611623831227377e-11,0
D:/Final_Year_Project/Deepfake_Dissertation/dataset/standardized/malayalam/real/ml_real_000292.wav,0,0.0,0,7.356604214692196e-10,0
D:/Final_Year_Project/Deepfake_Dissertation/dataset/standardized/malayalam/real/ml_real_000293.wav,0,0.0,0,1.4720422103486897e-10,0
D:/Final_Year_Project/Deepfake_Dissertation/dataset/standardized/malayalam/real/ml_real_000294.wav,0,0.0,0,1.7581037320413273e-11,0
D:/Final_Year_Project/Deepfake_Dissertation/dataset/standardized/malayalam/real/ml_real_000295.wav,0,0.0,0,7.864200263218989e-11,0
D:/Final_Year_Project/Deepfake_Dissertation/dataset/standardized/malayalam/real/ml_real_000296.wav,0,0.1266666666666666,0,4.790811090060743e-07,0
D:/Final_Year_Project/Deepfake_Dissertation/dataset/standardized/malayalam/real/ml_real_000297.wav,0,0.0033333333333333,0,2.816472260747105e-06,0
D:/Final_Year_Project/Deepfake_Dissertation/dataset/standardized/malayalam/real/ml_real_000298.wav,0,0.0,0,0.0002788305282592,0
D:/Final_Year_Project/Deepfake_Dissertation/dataset/standardized/malayalam/real/ml_real_000299.wav,0,0.0,0,8.527234740540734e-07,0
D:/Final_Year_Project/Deepfake_Dissertation/dataset/standardized/malayalam/real/ml_real_000300.wav,0,0.0033333333333333,0,3.2267848837364e-06,0
D:/Final_Year_Project/Deepfake_Dissertation/dataset/standardized/malayalam/real/ml_real_000301.wav,0,0.0,0,1.0172938488418053e-17,0
D:/Final_Year_Project/Deepfake_Dissertation/dataset/standardized/malayalam/real/ml_real_000302.wav,0,0.0,0,3.674141950426625e-14,0
D:/Final_Year_Project/Deepfake_Dissertation/dataset/standardized/malayalam/real/ml_real_000303.wav,0,0.0,0,9.971983308543209e-12,0
D:/Final_Year_Project/Deepfake_Dissertation/dataset/standardized/malayalam/real/ml_real_000304.wav,0,0.0,0,4.872185286330932e-07,0
D:/Final_Year_Project/Deepfake_Dissertation/dataset/standardized/malayalam/real/ml_real_000305.wav,0,0.0,0,1.130609234678559e-06,0
D:/Final_Year_Project/Deepfake_Dissertation/dataset/standardized/malayalam/real/ml_real_000306.wav,0,0.0166666666666666,0,3.690839855963191e-09,0
D:/Final_Year_Project/Deepfake_Dissertation/dataset/standardized/malayalam/real/ml_real_000307.wav,0,0.0,0,6.418768988547541e-11,0
D:/Final_Year_Project/Deepfake_Dissertation/dataset/standardized/malayalam/real/ml_real_000308.wav,0,0.0,0,8.365192982751067e-10,0
D:/Final_Year_Project/Deepfake_Dissertation/dataset/standardized/malayalam/real/ml_real_000309.wav,0,0.0,0,8.248428606805192e-09,0
D:/Final_Year_Project/Deepfake_Dissertation/dataset/standardized/malayalam/real/ml_real_000310.wav,0,0.0133333333333333,0,5.4255466238828376e-05,0
D:/Final_Year_Project/Deepfake_Dissertation/dataset/standardized/malayalam/real/ml_real_000311.wav,0,0.0,0,0.0013013031566515,0
D:/Final_Year_Project/Deepfake_Dissertation/dataset/standardized/malayalam/real/ml_real_000312.wav,0,0.0,0,5.278974640532397e-06,0
D:/Final_Year_Project/Deepfake_Dissertation/dataset/standardized/malayalam/real/ml_real_000313.wav,0,0.0,0,0.0001046814431902,0
D:/Final_Year_Project/Deepfake_Dissertation/dataset/standardized/malayalam/real/ml_real_000314.wav,0,0.0066666666666666,0,0.0002055590593954,0
D:/Final_Year_Project/Deepfake_Dissertation/dataset/standardized/malayalam/real/ml_real_000315.wav,0,0.0033333333333333,0,1.1946642075599814e-07,0
D:/Final_Year_Project/Deepfake_Dissertation/dataset/standardized/malayalam/real/ml_real_000316.wav,0,0.0,0,1.9580828070075995e-09,0
D:/Final_Year_Project/Deepfake_Dissertation/dataset/standardized/malayalam/real/ml_real_000317.wav,0,0.0,0,1.554750658728718e-14,0
D:/Final_Year_Project/Deepfake_Dissertation/dataset/standardized/malayalam/real/ml_real_000318.wav,0,0.0,0,4.6938974517136967e-14,0
D:/Final_Year_Project/Deepfake_Dissertation/dataset/standardized/malayalam/real/ml_real_000319.wav,0,0.0,0,1.5544454612381742e-10,0
D:/Final_Year_Project/Deepfake_Dissertation/dataset/standardized/malayalam/real/ml_real_000320.wav,0,0.0,0,0.0031902138143777,0
D:/Final_Year_Project/Deepfake_Dissertation/dataset/standardized/malayalam/real/ml_real_000321.wav,0,0.0033333333333333,0,0.0003283701080363,0
D:/Final_Year_Project/Deepfake_Dissertation/dataset/standardized/malayalam/real/ml_real_000322.wav,0,0.0,0,3.048778203095133e-14,0
D:/Final_Year_Project/Deepfake_Dissertation/dataset/standardized/malayalam/real/ml_real_000323.wav,0,0.0,0,3.801166653438553e-15,0
D:/Final_Year_Project/Deepfake_Dissertation/dataset/standardized/malayalam/real/ml_real_000324.wav,0,0.0033333333333333,0,1.1933623682125472e-05,0
D:/Final_Year_Project/Deepfake_Dissertation/dataset/standardized/malayalam/real/ml_real_000325.wav,0,0.0,0,5.924760060338485e-08,0
D:/Final_Year_Project/Deepfake_Dissertation/dataset/standardized/malayalam/real/ml_real_000326.wav,0,0.0,0,4.529869521477901e-14,0
D:/Final_Year_Project/Deepfake_Dissertation/dataset/standardized/malayalam/real/ml_real_000327.wav,0,0.0033333333333333,0,6.739500624242112e-11,0
D:/Final_Year_Project/Deepfake_Dissertation/dataset/standardized/malayalam/real/ml_real_000328.wav,0,0.0,0,1.6093073732350097e-14,0
D:/Final_Year_Project/Deepfake_Dissertation/dataset/standardized/malayalam/real/ml_real_000329.wav,0,0.0,0,1.2207428671433611e-14,0
D:/Final_Year_Project/Deepfake_Dissertation/dataset/standardized/malayalam/real/ml_real_000330.wav,0,0.0,0,0.0003275308990851,0
D:/Final_Year_Project/Deepfake_Dissertation/dataset/standardized/malayalam/real/ml_real_000331.wav,0,0.0,0,1.8730396194547447e-13,0
D:/Final_Year_Project/Deepfake_Dissertation/dataset/standardized/malayalam/real/ml_real_000332.wav,0,0.0,0,3.0279633509745774e-13,0
D:/Final_Year_Project/Deepfake_Dissertation/dataset/standardized/malayalam/real/ml_real_000333.wav,0,0.0,0,3.0186360355788366e-11,0
D:/Final_Year_Project/Deepfake_Dissertation/dataset/standardized/malayalam/real/ml_real_000334.wav,0,0.0,0,4.684028141449645e-16,0
D:/Final_Year_Project/Deepfake_Dissertation/dataset/standardized/malayalam/real/ml_real_000335.wav,0,0.0,0,7.168551640962181e-15,0
D:/Final_Year_Project/Deepfake_Dissertation/dataset/standardized/malayalam/real/ml_real_000336.wav,0,0.02,0,1.2190544129708771e-09,0
D:/Final_Year_Project/Deepfake_Dissertation/dataset/standardized/malayalam/real/ml_real_000337.wav,0,0.0,0,1.7905512142424307e-11,0
D:/Final_Year_Project/Deepfake_Dissertation/dataset/standardized/malayalam/real/ml_real_000338.wav,0,0.0,0,1.3422231465924464e-14,0
D:/Final_Year_Project/Deepfake_Dissertation/dataset/standardized/malayalam/real/ml_real_000339.wav,0,0.0,0,3.832032110520026e-15,0
D:/Final_Year_Project/Deepfake_Dissertation/dataset/standardized/malayalam/real/ml_real_000340.wav,0,0.0,0,6.01060949059415e-14,0
D:/Final_Year_Project/Deepfake_Dissertation/dataset/standardized/malayalam/real/ml_real_000341.wav,0,0.0,0,3.934076588801849e-12,0
D:/Final_Year_Project/Deepfake_Dissertation/dataset/standardized/malayalam/real/ml_real_000342.wav,0,0.0033333333333333,0,2.307425829724784e-14,0
D:/Final_Year_Project/Deepfake_Dissertation/dataset/standardized/malayalam/real/ml_real_000343.wav,0,0.0,0,9.92725901483027e-11,0
D:/Final_Year_Project/Deepfake_Dissertation/dataset/standardized/malayalam/real/ml_real_000344.wav,0,0.0,0,5.950969578227827e-11,0
D:/Final_Year_Project/Deepfake_Dissertation/dataset/standardized/malayalam/real/ml_real_000345.wav,0,0.0,0,2.4077329019434046e-10,0
D:/Final_Year_Project/Deepfake_Dissertation/dataset/standardized/malayalam/real/ml_real_000346.wav,0,0.0033333333333333,0,8.208301226220183e-12,0
D:/Final_Year_Project/Deepfake_Dissertation/dataset/standardized/malayalam/real/ml_real_000347.wav,0,0.0,0,5.939680713419604e-13,0
D:/Final_Year_Project/Deepfake_Dissertation/dataset/standardized/malayalam/real/ml_real_000348.wav,0,0.0,0,1.6605192221241794e-10,0
D:/Final_Year_Project/Deepfake_Dissertation/dataset/standardized/malayalam/real/ml_real_000349.wav,0,0.0,0,1.253420720622074e-14,0
D:/Final_Year_Project/Deepfake_Dissertation/dataset/standardized/malayalam/real/ml_real_000350.wav,0,0.0,0,7.441500384918354e-15,0
D:/Final_Year_Project/Deepfake_Dissertation/dataset/standardized/malayalam/real/ml_real_000351.wav,0,0.0,0,5.706181620962481e-12,0
D:/Final_Year_Project/Deepfake_Dissertation/dataset/standardized/malayalam/real/ml_real_000352.wav,0,0.0,0,3.2000231457718357e-12,0
D:/Final_Year_Project/Deepfake_Dissertation/dataset/standardized/malayalam/real/ml_real_000353.wav,0,0.0,0,8.472524439841199e-13,0
D:/Final_Year_Project/Deepfake_Dissertation/dataset/standardized/malayalam/real/ml_real_000354.wav,0,0.0,0,2.625024919655772e-10,0
D:/Final_Year_Project/Deepfake_Dissertation/dataset/standardized/malayalam/real/ml_real_000355.wav,0,0.0,0,7.785978112240244e-11,0
D:/Final_Year_Project/Deepfake_Dissertation/dataset/standardized/malayalam/real/ml_real_000356.wav,0,0.0,0,2.850123565975582e-13,0
D:/Final_Year_Project/Deepfake_Dissertation/dataset/standardized/malayalam/real/ml_real_000357.wav,0,0.0,0,7.350221912236568e-14,0
D:/Final_Year_Project/Deepfake_Dissertation/dataset/standardized/malayalam/real/ml_real_000358.wav,0,0.0,0,2.2295342045545837e-14,0
D:/Final_Year_Project/Deepfake_Dissertation/dataset/standardized/malayalam/real/ml_real_000359.wav,0,0.0,0,1.577263359804683e-17,0
D:/Final_Year_Project/Deepfake_Dissertation/dataset/standardized/malayalam/real/ml_real_000360.wav,0,0.0,0,6.465805250558494e-15,0
D:/Final_Year_Project/Deepfake_Dissertation/dataset/standardized/malayalam/real/ml_real_000361.wav,0,0.0,0,7.650495812016224e-16,0
D:/Final_Year_Project/Deepfake_Dissertation/dataset/standardized/malayalam/real/ml_real_000362.wav,0,0.0,0,1.7220172594534233e-05,0
D:/Final_Year_Project/Deepfake_Dissertation/dataset/standardized/malayalam/real/ml_real_000363.wav,0,0.0,0,0.0001093634200515,0
D:/Final_Year_Project/Deepfake_Dissertation/dataset/standardized/malayalam/real/ml_real_000364.wav,0,0.0,0,0.037998329848051,0
D:/Final_Year_Project/Deepfake_Dissertation/dataset/standardized/malayalam/real/ml_real_000365.wav,0,0.0033333333333333,0,0.0160301774740219,0
D:/Final_Year_Project/Deepfake_Dissertation/dataset/standardized/malayalam/real/ml_real_000366.wav,0,0.0,0,2.662335282366257e-05,0
D:/Final_Year_Project/Deepfake_Dissertation/dataset/standardized/malayalam/real/ml_real_000367.wav,0,0.0033333333333333,0,0.000125185935758,0
D:/Final_Year_Project/Deepfake_Dissertation/dataset/standardized/malayalam/real/ml_real_000368.wav,0,0.0033333333333333,0,7.605381142639089e-06,0
D:/Final_Year_Project/Deepfake_Dissertation/dataset/standardized/malayalam/real/ml_real_000369.wav,0,0.0,0,0.0097912941128015,0
D:/Final_Year_Project/Deepfake_Dissertation/dataset/standardized/malayalam/real/ml_real_000370.wav,0,0.0033333333333333,0,0.0001208649700856,0
D:/Final_Year_Project/Deepfake_Dissertation/dataset/standardized/malayalam/real/ml_real_000371.wav,0,0.0,0,0.0214090812951326,0
D:/Final_Year_Project/Deepfake_Dissertation/dataset/standardized/malayalam/real/ml_real_000372.wav,0,0.0,0,0.0136668141931295,0
D:/Final_Year_Project/Deepfake_Dissertation/dataset/standardized/malayalam/real/ml_real_000373.wav,0,0.0,0,0.000303466891637,0
D:/Final_Year_Project/Deepfake_Dissertation/dataset/standardized/malayalam/real/ml_real_000374.wav,0,0.0066666666666666,0,0.0119841685518622,0
D:/Final_Year_Project/Deepfake_Dissertation/dataset/standardized/malayalam/real/ml_real_000375.wav,0,0.0,0,3.7442446227942128e-06,0
D:/Final_Year_Project/Deepfake_Dissertation/dataset/standardized/malayalam/real/ml_real_000376.wav,0,0.0,0,0.0179327242076396,0
D:/Final_Year_Project/Deepfake_Dissertation/dataset/standardized/malayalam/real/ml_real_000377.wav,0,0.0033333333333333,0,9.000446880236268e-05,0
D:/Final_Year_Project/Deepfake_Dissertation/dataset/standardized/malayalam/real/ml_real_000378.wav,0,0.0,0,0.042233794927597,0
D:/Final_Year_Project/Deepfake_Dissertation/dataset/standardized/malayalam/real/ml_real_000379.wav,0,0.0,0,8.422510290984064e-05,0
D:/Final_Year_Project/Deepfake_Dissertation/dataset/standardized/malayalam/real/ml_real_000380.wav,0,0.0,0,4.3718067360698505e-14,0
D:/Final_Year_Project/Deepfake_Dissertation/dataset/standardized/malayalam/real/ml_real_000381.wav,0,0.0033333333333333,0,0.2288641482591629,0
D:/Final_Year_Project/Deepfake_Dissertation/dataset/standardized/malayalam/real/ml_real_000382.wav,0,0.0,0,0.0007318098214454,0
D:/Final_Year_Project/Deepfake_Dissertation/dataset/standardized/malayalam/real/ml_real_000383.wav,0,0.02,0,0.0015024943277239,0
D:/Final_Year_Project/Deepfake_Dissertation/dataset/standardized/malayalam/real/ml_real_000384.wav,0,0.0,0,0.0032901761587709,0
D:/Final_Year_Project/Deepfake_Dissertation/dataset/standardized/malayalam/real/ml_real_000385.wav,0,0.0066666666666666,0,1.6634680832794404e-07,0
D:/Final_Year_Project/Deepfake_Dissertation/dataset/standardized/malayalam/real/ml_real_000386.wav,0,0.0,0,1.7726414140804145e-13,0
D:/Final_Year_Project/Deepfake_Dissertation/dataset/standardized/malayalam/real/ml_real_000387.wav,0,0.0,0,2.110019041543128e-14,0
D:/Final_Year_Project/Deepfake_Dissertation/dataset/standardized/malayalam/real/ml_real_000388.wav,0,0.0,0,6.647680588509411e-15,0
D:/Final_Year_Project/Deepfake_Dissertation/dataset/standardized/malayalam/real/ml_real_000389.wav,0,0.0,0,1.6189691731324785e-13,0
D:/Final_Year_Project/Deepfake_Dissertation/dataset/standardized/malayalam/real/ml_real_000390.wav,0,0.0,0,6.012748458850137e-12,0
D:/Final_Year_Project/Deepfake_Dissertation/dataset/standardized/malayalam/real/ml_real_000391.wav,0,0.0666666666666666,0,7.091147807836151e-11,0
D:/Final_Year_Project/Deepfake_Dissertation/dataset/standardized/malayalam/real/ml_real_000392.wav,0,0.0033333333333333,0,1.053336018230766e-05,0
D:/Final_Year_Project/Deepfake_Dissertation/dataset/standardized/malayalam/real/ml_real_000393.wav,0,0.0,0,3.398205308258184e-07,0
D:/Final_Year_Project/Deepfake_Dissertation/dataset/standardized/malayalam/real/ml_real_000394.wav,0,0.0,0,2.27163059207669e-06,0
D:/Final_Year_Project/Deepfake_Dissertation/dataset/standardized/malayalam/real/ml_real_000395.wav,0,0.0033333333333333,0,5.806198899449556e-08,0
D:/Final_Year_Project/Deepfake_Dissertation/dataset/standardized/malayalam/real/ml_real_000396.wav,0,0.0033333333333333,0,1.3016862965287146e-07,0
D:/Final_Year_Project/Deepfake_Dissertation/dataset/standardized/malayalam/real/ml_real_000397.wav,0,0.0,0,1.4861639869456376e-15,0
D:/Final_Year_Project/Deepfake_Dissertation/dataset/standardized/malayalam/real/ml_real_000398.wav,0,0.0,0,2.1845144034080173e-14,0
D:/Final_Year_Project/Deepfake_Dissertation/dataset/standardized/malayalam/real/ml_real_000399.wav,0,0.0,0,1.532749210857848e-15,0
D:/Final_Year_Project/Deepfake_Dissertation/dataset/standardized/malayalam/real/ml_real_000400.wav,0,0.0,0,1.0050761334312595e-09,0
D:/Final_Year_Project/Deepfake_Dissertation/dataset/standardized/malayalam/real/ml_real_000401.wav,0,0.0,0,4.297757527638169e-08,0
D:/Final_Year_Project/Deepfake_Dissertation/dataset/standardized/malayalam/real/ml_real_000402.wav,0,0.0,0,1.1858800053055063e-10,0
D:/Final_Year_Project/Deepfake_Dissertation/dataset/standardized/malayalam/real/ml_real_000403.wav,0,0.0,0,2.1955249089196322e-18,0
D:/Final_Year_Project/Deepfake_Dissertation/dataset/standardized/malayalam/real/ml_real_000404.wav,0,0.0,0,2.10311885663132e-19,0
D:/Final_Year_Project/Deepfake_Dissertation/dataset/standardized/malayalam/real/ml_real_000405.wav,0,0.0,0,1.921573833385537e-08,0
D:/Final_Year_Project/Deepfake_Dissertation/dataset/standardized/malayalam/real/ml_real_000406.wav,0,0.0,0,4.1573081782653176e-11,0
D:/Final_Year_Project/Deepfake_Dissertation/dataset/standardized/malayalam/real/ml_real_000407.wav,0,0.0,0,6.320356696853146e-17,0
D:/Final_Year_Project/Deepfake_Dissertation/dataset/standardized/malayalam/real/ml_real_000408.wav,0,0.0033333333333333,0,2.0934289589469982e-16,0
D:/Final_Year_Project/Deepfake_Dissertation/dataset/standardized/malayalam/real/ml_real_000409.wav,0,0.0,0,2.084486080381094e-14,0
D:/Final_Year_Project/Deepfake_Dissertation/dataset/standardized/malayalam/real/ml_real_000410.wav,0,0.6166666666666667,1,8.720394544070587e-05,0
D:/Final_Year_Project/Deepfake_Dissertation/dataset/standardized/malayalam/real/ml_real_000411.wav,0,0.0,0,3.621596092137115e-15,0
D:/Final_Year_Project/Deepfake_Dissertation/dataset/standardized/malayalam/real/ml_real_000412.wav,0,0.0,0,1.172870746074387e-15,0
D:/Final_Year_Project/Deepfake_Dissertation/dataset/standardized/malayalam/real/ml_real_000413.wav,0,0.0,0,3.970626172522449e-18,0
D:/Final_Year_Project/Deepfake_Dissertation/dataset/standardized/malayalam/real/ml_real_000414.wav,0,0.0033333333333333,0,2.3925013012404683e-11,0
D:/Final_Year_Project/Deepfake_Dissertation/dataset/standardized/malayalam/real/ml_real_000415.wav,0,0.0,0,2.746274887187317e-13,0
D:/Final_Year_Project/Deepfake_Dissertation/dataset/standardized/malayalam/real/ml_real_000416.wav,0,0.0,0,9.505077287030872e-06,0
D:/Final_Year_Project/Deepfake_Dissertation/dataset/standardized/malayalam/real/ml_real_000417.wav,0,0.0,0,8.266875031748278e-12,0
D:/Final_Year_Project/Deepfake_Dissertation/dataset/standardized/malayalam/real/ml_real_000418.wav,0,0.0133333333333333,0,6.651455386474936e-09,0
D:/Final_Year_Project/Deepfake_Dissertation/dataset/standardized/malayalam/real/ml_real_000419.wav,0,0.0033333333333333,0,1.9685198822116945e-06,0
D:/Final_Year_Project/Deepfake_Dissertation/dataset/standardized/malayalam/real/ml_real_000420.wav,0,0.0,0,1.652894752623979e-05,0
D:/Final_Year_Project/Deepfake_Dissertation/dataset/standardized/malayalam/real/ml_real_000421.wav,0,0.01,0,0.0005259148310869,0
D:/Final_Year_Project/Deepfake_Dissertation/dataset/standardized/malayalam/real/ml_real_000422.wav,0,0.03,0,0.0010349630611017,0
D:/Final_Year_Project/Deepfake_Dissertation/dataset/standardized/malayalam/real/ml_real_000423.wav,0,0.0,0,1.1057297797378851e-06,0
D:/Final_Year_Project/Deepfake_Dissertation/dataset/standardized/malayalam/real/ml_real_000424.wav,0,0.2,0,5.592826710199006e-05,0
D:/Final_Year_Project/Deepfake_Dissertation/dataset/standardized/malayalam/real/ml_real_000425.wav,0,0.0,0,0.0001101781017496,0
D:/Final_Year_Project/Deepfake_Dissertation/dataset/standardized/malayalam/real/ml_real_000426.wav,0,0.0066666666666666,0,7.19921473546492e-08,0
D:/Final_Year_Project/Deepfake_Dissertation/dataset/standardized/malayalam/real/ml_real_000427.wav,0,0.0,0,7.091630749300748e-08,0
D:/Final_Year_Project/Deepfake_Dissertation/dataset/standardized/malayalam/real/ml_real_000428.wav,0,0.0,0,3.375519327164511e-06,0
D:/Final_Year_Project/Deepfake_Dissertation/dataset/standardized/malayalam/real/ml_real_000429.wav,0,0.0,0,0.0001202251733047,0
D:/Final_Year_Project/Deepfake_Dissertation/dataset/standardized/malayalam/real/ml_real_000430.wav,0,0.0033333333333333,0,0.0002175958506995,0
D:/Final_Year_Project/Deepfake_Dissertation/dataset/standardized/malayalam/real/ml_real_000431.wav,0,0.0,0,0.0010789107764139,0
D:/Final_Year_Project/Deepfake_Dissertation/dataset/standardized/malayalam/real/ml_real_000432.wav,0,0.0,0,9.82114434009418e-05,0
D:/Final_Year_Project/Deepfake_Dissertation/dataset/standardized/malayalam/real/ml_real_000433.wav,0,0.0,0,4.045664900331758e-05,0
D:/Final_Year_Project/Deepfake_Dissertation/dataset/standardized/malayalam/real/ml_real_000434.wav,0,0.0,0,1.9444803840001908e-12,0
D:/Final_Year_Project/Deepfake_Dissertation/dataset/standardized/malayalam/real/ml_real_000435.wav,0,0.0,0,1.942207200045232e-05,0
D:/Final_Year_Project/Deepfake_Dissertation/dataset/standardized/malayalam/real/ml_real_000436.wav,0,0.0,0,1.932807691673588e-07,0
D:/Final_Year_Project/Deepfake_Dissertation/dataset/standardized/malayalam/real/ml_real_000437.wav,0,0.0,0,4.7526002892646577e-17,0
D:/Final_Year_Project/Deepfake_Dissertation/dataset/standardized/malayalam/real/ml_real_000438.wav,0,0.0,0,4.3540507570910557e-13,0
D:/Final_Year_Project/Deepfake_Dissertation/dataset/standardized/malayalam/real/ml_real_000439.wav,0,0.0033333333333333,0,6.99681493188109e-07,0
D:/Final_Year_Project/Deepfake_Dissertation/dataset/standardized/malayalam/real/ml_real_000440.wav,0,0.0,0,3.9453290352590986e-14,0
D:/Final_Year_Project/Deepfake_Dissertation/dataset/standardized/malayalam/real/ml_real_000441.wav,0,0.0,0,7.312300209783017e-10,0
D:/Final_Year_Project/Deepfake_Dissertation/dataset/standardized/malayalam/real/ml_real_000442.wav,0,0.0,0,5.270474594948338e-12,0
D:/Final_Year_Project/Deepfake_Dissertation/dataset/standardized/malayalam/real/ml_real_000443.wav,0,0.0,0,5.910669359578901e-17,0
D:/Final_Year_Project/Deepfake_Dissertation/dataset/standardized/malayalam/real/ml_real_000444.wav,0,0.0,0,2.8352049864338287e-15,0
D:/Final_Year_Project/Deepfake_Dissertation/dataset/standardized/malayalam/real/ml_real_000445.wav,0,0.0,0,3.0402762852493578e-18,0
D:/Final_Year_Project/Deepfake_Dissertation/dataset/standardized/malayalam/real/ml_real_000446.wav,0,0.0,0,9.484317498031912e-11,0
D:/Final_Year_Project/Deepfake_Dissertation/dataset/standardized/malayalam/real/ml_real_000447.wav,0,0.0,0,4.4058690029658005e-10,0
D:/Final_Year_Project/Deepfake_Dissertation/dataset/standardized/malayalam/real/ml_real_000448.wav,0,0.0066666666666666,0,3.616436927700306e-09,0
D:/Final_Year_Project/Deepfake_Dissertation/dataset/standardized/malayalam/real/ml_real_000449.wav,0,0.0,0,8.665607786895181e-09,0
D:/Final_Year_Project/Deepfake_Dissertation/dataset/standardized/malayalam/real/ml_real_000450.wav,0,0.0,0,6.963385601466143e-08,0
D:/Final_Year_Project/Deepfake_Dissertation/dataset/standardized/malayalam/real/ml_real_000451.wav,0,0.0,0,4.49987869188817e-09,0
D:/Final_Year_Project/Deepfake_Dissertation/dataset/standardized/malayalam/real/ml_real_000452.wav,0,0.0,0,1.451081095560358e-11,0
D:/Final_Year_Project/Deepfake_Dissertation/dataset/standardized/malayalam/real/ml_real_000453.wav,0,0.0,0,5.649694116982573e-07,0
D:/Final_Year_Project/Deepfake_Dissertation/dataset/standardized/malayalam/real/ml_real_000454.wav,0,0.0,0,5.929847475272254e-07,0
D:/Final_Year_Project/Deepfake_Dissertation/dataset/standardized/malayalam/real/ml_real_000455.wav,0,0.0,0,7.223312792348224e-08,0
D:/Final_Year_Project/Deepfake_Dissertation/dataset/standardized/malayalam/real/ml_real_000456.wav,0,0.0,0,1.9942443032050505e-05,0
D:/Final_Year_Project/Deepfake_Dissertation/dataset/standardized/malayalam/real/ml_real_000457.wav,0,0.0,0,2.247356860607397e-06,0
D:/Final_Year_Project/Deepfake_Dissertation/dataset/standardized/malayalam/real/ml_real_000458.wav,0,0.0,0,3.0564888398032512e-09,0
D:/Final_Year_Project/Deepfake_Dissertation/dataset/standardized/malayalam/real/ml_real_000459.wav,0,0.0,0,8.708026487391773e-12,0
D:/Final_Year_Project/Deepfake_Dissertation/dataset/standardized/malayalam/real/ml_real_000460.wav,0,0.0,0,3.074432930461057e-09,0
D:/Final_Year_Project/Deepfake_Dissertation/dataset/standardized/malayalam/real/ml_real_000461.wav,0,0.0,0,1.3202469499595804e-11,0
D:/Final_Year_Project/Deepfake_Dissertation/dataset/standardized/malayalam/real/ml_real_000462.wav,0,0.0,0,7.486966602243683e-09,0
D:/Final_Year_Project/Deepfake_Dissertation/dataset/standardized/malayalam/real/ml_real_000463.wav,0,0.0,0,0.0014395357575267,0
D:/Final_Year_Project/Deepfake_Dissertation/dataset/standardized/malayalam/real/ml_real_000464.wav,0,0.0,0,1.9191235267612683e-08,0
D:/Final_Year_Project/Deepfake_Dissertation/dataset/standardized/malayalam/real/ml_real_000465.wav,0,0.0033333333333333,0,1.9034043674537315e-08,0
D:/Final_Year_Project/Deepfake_Dissertation/dataset/standardized/malayalam/real/ml_real_000466.wav,0,0.0,0,6.095661475580272e-11,0
D:/Final_Year_Project/Deepfake_Dissertation/dataset/standardized/malayalam/real/ml_real_000467.wav,0,0.0,0,3.399392226044462e-11,0
D:/Final_Year_Project/Deepfake_Dissertation/dataset/standardized/malayalam/real/ml_real_000468.wav,0,0.0,0,2.01117126424899e-11,0
D:/Final_Year_Project/Deepfake_Dissertation/dataset/standardized/malayalam/real/ml_real_000469.wav,0,0.0033333333333333,0,2.3272875182556163e-08,0
D:/Final_Year_Project/Deepfake_Dissertation/dataset/standardized/malayalam/real/ml_real_000470.wav,0,0.0,0,4.1966666253223645e-10,0
D:/Final_Year_Project/Deepfake_Dissertation/dataset/standardized/malayalam/real/ml_real_000471.wav,0,0.0,0,2.0945264023620322e-13,0
D:/Final_Year_Project/Deepfake_Dissertation/dataset/standardized/malayalam/real/ml_real_000472.wav,0,0.0033333333333333,0,2.9909132896049906e-12,0
D:/Final_Year_Project/Deepfake_Dissertation/dataset/standardized/malayalam/real/ml_real_000473.wav,0,0.0,0,6.407560194610854e-16,0
D:/Final_Year_Project/Deepfake_Dissertation/dataset/standardized/malayalam/real/ml_real_000474.wav,0,0.0,0,1.35164720128228e-13,0
D:/Final_Year_Project/Deepfake_Dissertation/dataset/standardized/malayalam/real/ml_real_000475.wav,0,0.0,0,1.1247432022201689e-13,0
D:/Final_Year_Project/Deepfake_Dissertation/dataset/standardized/malayalam/real/ml_real_000476.wav,0,0.0033333333333333,0,2.2132146918103781e-13,0
D:/Final_Year_Project/Deepfake_Dissertation/dataset/standardized/malayalam/real/ml_real_000477.wav,0,0.64,1,7.914029431788094e-09,0
D:/Final_Year_Project/Deepfake_Dissertation/dataset/standardized/malayalam/real/ml_real_000478.wav,0,0.6933333333333334,1,2.427910953881063e-12,0
D:/Final_Year_Project/Deepfake_Dissertation/dataset/standardized/malayalam/real/ml_real_000479.wav,0,0.0,0,8.88369933171873e-10,0
D:/Final_Year_Project/Deepfake_Dissertation/dataset/standardized/malayalam/real/ml_real_000480.wav,0,0.0,0,2.1600417010603223e-09,0
D:/Final_Year_Project/Deepfake_Dissertation/dataset/standardized/malayalam/real/ml_real_000481.wav,0,0.0,0,1.9422988946902513e-14,0
D:/Final_Year_Project/Deepfake_Dissertation/dataset/standardized/malayalam/real/ml_real_000482.wav,0,0.73,1,4.4572445777671393e-13,0
D:/Final_Year_Project/Deepfake_Dissertation/dataset/standardized/malayalam/real/ml_real_000483.wav,0,0.0,0,2.322879861144144e-15,0
D:/Final_Year_Project/Deepfake_Dissertation/dataset/standardized/malayalam/real/ml_real_000484.wav,0,0.3933333333333333,0,3.483729305031602e-09,0
D:/Final_Year_Project/Deepfake_Dissertation/dataset/standardized/malayalam/real/ml_real_000485.wav,0,0.0,0,4.694306426245021e-06,0
D:/Final_Year_Project/Deepfake_Dissertation/dataset/standardized/malayalam/real/ml_real_000486.wav,0,0.0,0,5.251442416920327e-06,0
D:/Final_Year_Project/Deepfake_Dissertation/dataset/standardized/malayalam/real/ml_real_000487.wav,0,0.0033333333333333,0,3.3479225294286152e-06,0
D:/Final_Year_Project/Deepfake_Dissertation/dataset/standardized/malayalam/real/ml_real_000488.wav,0,0.0066666666666666,0,2.5237977752112783e-05,0
D:/Final_Year_Project/Deepfake_Dissertation/dataset/standardized/malayalam/real/ml_real_000489.wav,0,0.0,0,3.8330659890561947e-07,0
D:/Final_Year_Project/Deepfake_Dissertation/dataset/standardized/malayalam/real/ml_real_000490.wav,0,0.0,0,3.2186909493248095e-07,0
D:/Final_Year_Project/Deepfake_Dissertation/dataset/standardized/malayalam/real/ml_real_000491.wav,0,0.0,0,2.2171387244044643e-14,0
D:/Final_Year_Project/Deepfake_Dissertation/dataset/standardized/malayalam/real/ml_real_000492.wav,0,0.0,0,5.838065401109408e-17,0
D:/Final_Year_Project/Deepfake_Dissertation/dataset/standardized/malayalam/real/ml_real_000493.wav,0,0.0,0,5.1769226485666705e-15,0
D:/Final_Year_Project/Deepfake_Dissertation/dataset/standardized/malayalam/real/ml_real_000494.wav,0,0.0,0,4.742310363847757e-11,0
D:/Final_Year_Project/Deepfake_Dissertation/dataset/standardized/malayalam/real/ml_real_000495.wav,0,0.0,0,3.18600354431986e-12,0
D:/Final_Year_Project/Deepfake_Dissertation/dataset/standardized/malayalam/real/ml_real_000496.wav,0,0.0,0,5.328536463927508e-15,0
D:/Final_Year_Project/Deepfake_Dissertation/dataset/standardized/malayalam/real/ml_real_000497.wav,0,0.0,0,4.493786256738047e-14,0
D:/Final_Year_Project/Deepfake_Dissertation/dataset/standardized/malayalam/real/ml_real_000498.wav,0,0.0,0,2.8151018029252267e-14,0
D:/Final_Year_Project/Deepfake_Dissertation/dataset/standardized/malayalam/real/ml_real_000499.wav,0,0.0,0,6.203272894271181e-15,0
D:/Final_Year_Project/Deepfake_Dissertation/dataset/standardized/malayalam/real/ml_real_000500.wav,0,0.0,0,3.68744742454176e-17,0
D:/Final_Year_Project/Deepfake_Dissertation/dataset/standardized/tamil/fake/ta_fake_000001.wav,1,0.79,1,0.99801504611969,1
D:/Final_Year_Project/Deepfake_Dissertation/dataset/standardized/tamil/fake/ta_fake_000002.wav,1,0.93,1,0.998531699180603,1
D:/Final_Year_Project/Deepfake_Dissertation/dataset/standardized/tamil/fake/ta_fake_000003.wav,1,0.6633333333333333,1,0.9996139407157898,1
D:/Final_Year_Project/Deepfake_Dissertation/dataset/standardized/tamil/fake/ta_fake_000004.wav,1,0.64,1,0.9992582201957704,1
D:/Final_Year_Project/Deepfake_Dissertation/dataset/standardized/tamil/fake/ta_fake_000005.wav,1,0.52,1,0.9985291957855223,1
D:/Final_Year_Project/Deepfake_Dissertation/dataset/standardized/tamil/fake/ta_fake_000006.wav,1,0.7133333333333334,1,0.9990285634994508,1
D:/Final_Year_Project/Deepfake_Dissertation/dataset/standardized/tamil/fake/ta_fake_000007.wav,1,0.6766666666666666,1,0.9998292922973632,1
D:/Final_Year_Project/Deepfake_Dissertation/dataset/standardized/tamil/fake/ta_fake_000008.wav,1,0.73,1,0.9993379712104796,1
D:/Final_Year_Project/Deepfake_Dissertation/dataset/standardized/tamil/fake/ta_fake_000009.wav,1,0.4866666666666667,0,0.9989715814590454,1
D:/Final_Year_Project/Deepfake_Dissertation/dataset/standardized/tamil/fake/ta_fake_000010.wav,1,0.5233333333333333,1,0.997984766960144,1
D:/Final_Year_Project/Deepfake_Dissertation/dataset/standardized/tamil/fake/ta_fake_000011.wav,1,0.6833333333333333,1,0.9998961687088012,1
D:/Final_Year_Project/Deepfake_Dissertation/dataset/standardized/tamil/fake/ta_fake_000012.wav,1,0.6333333333333333,1,0.9973862767219543,1
D:/Final_Year_Project/Deepfake_Dissertation/dataset/standardized/tamil/fake/ta_fake_000013.wav,1,0.6866666666666666,1,0.9991613626480104,1
D:/Final_Year_Project/Deepfake_Dissertation/dataset/standardized/tamil/fake/ta_fake_000014.wav,1,0.63,1,0.9996391534805298,1
D:/Final_Year_Project/Deepfake_Dissertation/dataset/standardized/tamil/fake/ta_fake_000015.wav,1,0.5766666666666667,1,0.9989182949066162,1
D:/Final_Year_Project/Deepfake_Dissertation/dataset/standardized/tamil/fake/ta_fake_000016.wav,1,0.6766666666666666,1,0.9996787309646606,1
D:/Final_Year_Project/Deepfake_Dissertation/dataset/standardized/tamil/fake/ta_fake_000017.wav,1,0.59,1,0.9997542500495912,1
D:/Final_Year_Project/Deepfake_Dissertation/dataset/standardized/tamil/fake/ta_fake_000018.wav,1,0.7,1,0.9989100694656372,1
D:/Final_Year_Project/Deepfake_Dissertation/dataset/standardized/tamil/fake/ta_fake_000019.wav,1,0.6266666666666667,1,0.9999227523803712,1
D:/Final_Year_Project/Deepfake_Dissertation/dataset/standardized/tamil/fake/ta_fake_000020.wav,1,0.5966666666666667,1,0.9993910789489746,1
D:/Final_Year_Project/Deepfake_Dissertation/dataset/standardized/tamil/fake/ta_fake_000021.wav,1,0.71,1,0.986944317817688,1
D:/Final_Year_Project/Deepfake_Dissertation/dataset/standardized/tamil/fake/ta_fake_000022.wav,1,0.75,1,0.9975583553314208,1
D:/Final_Year_Project/Deepfake_Dissertation/dataset/standardized/tamil/fake/ta_fake_000023.wav,1,0.7233333333333334,1,0.9996188879013062,1
D:/Final_Year_Project/Deepfake_Dissertation/dataset/standardized/tamil/fake/ta_fake_000024.wav,1,0.6866666666666666,1,0.99976247549057,1
D:/Final_Year_Project/Deepfake_Dissertation/dataset/standardized/tamil/fake/ta_fake_000025.wav,1,0.7066666666666667,1,0.9995644688606262,1
D:/Final_Year_Project/Deepfake_Dissertation/dataset/standardized/tamil/fake/ta_fake_000026.wav,1,0.7266666666666667,1,0.9998809099197388,1
D:/Final_Year_Project/Deepfake_Dissertation/dataset/standardized/tamil/fake/ta_fake_000027.wav,1,0.7433333333333333,1,0.988730490207672,1
D:/Final_Year_Project/Deepfake_Dissertation/dataset/standardized/tamil/fake/ta_fake_000028.wav,1,0.7233333333333334,1,0.9998194575309752,1
D:/Final_Year_Project/Deepfake_Dissertation/dataset/standardized/tamil/fake/ta_fake_000029.wav,1,0.7333333333333333,1,0.8539084792137146,1
D:/Final_Year_Project/Deepfake_Dissertation/dataset/standardized/tamil/fake/ta_fake_000030.wav,1,0.9133333333333332,1,0.99894517660141,1
D:/Final_Year_Project/Deepfake_Dissertation/dataset/standardized/tamil/fake/ta_fake_000031.wav,1,0.7266666666666667,1,0.9958474040031432,1
D:/Final_Year_Project/Deepfake_Dissertation/dataset/standardized/tamil/fake/ta_fake_000032.wav,1,0.71,1,0.9986200332641602,1
D:/Final_Year_Project/Deepfake_Dissertation/dataset/standardized/tamil/fake/ta_fake_000033.wav,1,0.7133333333333334,1,0.9991185069084167,1
D:/Final_Year_Project/Deepfake_Dissertation/dataset/standardized/tamil/fake/ta_fake_000034.wav,1,0.6833333333333333,1,0.9911298751831056,1
D:/Final_Year_Project/Deepfake_Dissertation/dataset/standardized/tamil/fake/ta_fake_000035.wav,1,0.7166666666666667,1,0.99928218126297,1
D:/Final_Year_Project/Deepfake_Dissertation/dataset/standardized/tamil/fake/ta_fake_000036.wav,1,0.3733333333333333,0,0.9999688863754272,1
D:/Final_Year_Project/Deepfake_Dissertation/dataset/standardized/tamil/fake/ta_fake_000037.wav,1,0.68,1,0.908440351486206,1
D:/Final_Year_Project/Deepfake_Dissertation/dataset/standardized/tamil/fake/ta_fake_000038.wav,1,0.7466666666666667,1,0.9992043375968932,1
D:/Final_Year_Project/Deepfake_Dissertation/dataset/standardized/tamil/fake/ta_fake_000039.wav,1,0.7966666666666666,1,0.7545902729034424,1
D:/Final_Year_Project/Deepfake_Dissertation/dataset/standardized/tamil/fake/ta_fake_000040.wav,1,0.6666666666666666,1,0.9099518656730652,1
D:/Final_Year_Project/Deepfake_Dissertation/dataset/standardized/tamil/fake/ta_fake_000041.wav,1,0.7633333333333333,1,0.9913344979286194,1
D:/Final_Year_Project/Deepfake_Dissertation/dataset/standardized/tamil/fake/ta_fake_000042.wav,1,0.7766666666666666,1,0.9998718500137328,1
D:/Final_Year_Project/Deepfake_Dissertation/dataset/standardized/tamil/fake/ta_fake_000043.wav,1,0.7066666666666667,1,0.9999679327011108,1
D:/Final_Year_Project/Deepfake_Dissertation/dataset/standardized/tamil/fake/ta_fake_000044.wav,1,0.7866666666666666,1,0.9971447587013244,1
D:/Final_Year_Project/Deepfake_Dissertation/dataset/standardized/tamil/fake/ta_fake_000045.wav,1,0.71,1,0.9673219323158264,1
D:/Final_Year_Project/Deepfake_Dissertation/dataset/standardized/tamil/fake/ta_fake_000046.wav,1,0.6933333333333334,1,0.9998470544815063,1
D:/Final_Year_Project/Deepfake_Dissertation/dataset/standardized/tamil/fake/ta_fake_000047.wav,1,0.76,1,0.9999316930770874,1
D:/Final_Year_Project/Deepfake_Dissertation/dataset/standardized/tamil/fake/ta_fake_000048.wav,1,0.7966666666666666,1,0.9988640546798706,1
D:/Final_Year_Project/Deepfake_Dissertation/dataset/standardized/tamil/fake/ta_fake_000049.wav,1,0.7,1,0.9998288154602052,1
D:/Final_Year_Project/Deepfake_Dissertation/dataset/standardized/tamil/fake/ta_fake_000050.wav,1,0.6766666666666666,1,0.9988491535186768,1
D:/Final_Year_Project/Deepfake_Dissertation/dataset/standardized/tamil/fake/ta_fake_000051.wav,1,0.71,1,0.9998728036880492,1
D:/Final_Year_Project/Deepfake_Dissertation/dataset/standardized/tamil/fake/ta_fake_000052.wav,1,0.73,1,0.9999651908874512,1
D:/Final_Year_Project/Deepfake_Dissertation/dataset/standardized/tamil/fake/ta_fake_000053.wav,1,0.6933333333333334,1,0.9986121654510498,1
D:/Final_Year_Project/Deepfake_Dissertation/dataset/standardized/tamil/fake/ta_fake_000054.wav,1,0.66,1,0.9999567270278932,1
D:/Final_Year_Project/Deepfake_Dissertation/dataset/standardized/tamil/fake/ta_fake_000055.wav,1,0.7533333333333333,1,0.9969263672828674,1
D:/Final_Year_Project/Deepfake_Dissertation/dataset/standardized/tamil/fake/ta_fake_000056.wav,1,0.77,1,0.9986932873725892,1
D:/Final_Year_Project/Deepfake_Dissertation/dataset/standardized/tamil/fake/ta_fake_000057.wav,1,0.7366666666666667,1,0.9980448484420776,1
D:/Final_Year_Project/Deepfake_Dissertation/dataset/standardized/tamil/fake/ta_fake_000058.wav,1,0.6833333333333333,1,0.9607120156288148,1
D:/Final_Year_Project/Deepfake_Dissertation/dataset/standardized/tamil/fake/ta_fake_000059.wav,1,0.74,1,0.9987702965736388,1
D:/Final_Year_Project/Deepfake_Dissertation/dataset/standardized/tamil/fake/ta_fake_000060.wav,1,0.7366666666666667,1,0.9990596175193788,1
D:/Final_Year_Project/Deepfake_Dissertation/dataset/standardized/tamil/fake/ta_fake_000061.wav,1,0.7233333333333334,1,0.9993270635604858,1
D:/Final_Year_Project/Deepfake_Dissertation/dataset/standardized/tamil/fake/ta_fake_000062.wav,1,0.7333333333333333,1,0.9983622431755066,1
D:/Final_Year_Project/Deepfake_Dissertation/dataset/standardized/tamil/fake/ta_fake_000063.wav,1,0.7066666666666667,1,0.9983991980552672,1
D:/Final_Year_Project/Deepfake_Dissertation/dataset/standardized/tamil/fake/ta_fake_000064.wav,1,0.79,1,0.9953408241271972,1
D:/Final_Year_Project/Deepfake_Dissertation/dataset/standardized/tamil/fake/ta_fake_000065.wav,1,0.2966666666666667,0,0.9999696016311646,1
D:/Final_Year_Project/Deepfake_Dissertation/dataset/standardized/tamil/fake/ta_fake_000066.wav,1,0.6466666666666666,1,0.7632172703742981,1
D:/Final_Year_Project/Deepfake_Dissertation/dataset/standardized/tamil/fake/ta_fake_000067.wav,1,0.7,1,0.996542990207672,1
D:/Final_Year_Project/Deepfake_Dissertation/dataset/standardized/tamil/fake/ta_fake_000068.wav,1,0.77,1,0.0034676324576139,0
D:/Final_Year_Project/Deepfake_Dissertation/dataset/standardized/tamil/fake/ta_fake_000069.wav,1,0.6266666666666667,1,0.9984312653541564,1
D:/Final_Year_Project/Deepfake_Dissertation/dataset/standardized/tamil/fake/ta_fake_000070.wav,1,0.6433333333333333,1,0.9801930785179138,1
D:/Final_Year_Project/Deepfake_Dissertation/dataset/standardized/tamil/fake/ta_fake_000071.wav,1,0.69,1,0.995482325553894,1
D:/Final_Year_Project/Deepfake_Dissertation/dataset/standardized/tamil/fake/ta_fake_000072.wav,1,0.75,1,0.9969459176063538,1
D:/Final_Year_Project/Deepfake_Dissertation/dataset/standardized/tamil/fake/ta_fake_000073.wav,1,0.7266666666666667,1,0.9950730204582214,1
D:/Final_Year_Project/Deepfake_Dissertation/dataset/standardized/tamil/fake/ta_fake_000074.wav,1,0.74,1,0.9956486821174622,1
D:/Final_Year_Project/Deepfake_Dissertation/dataset/standardized/tamil/fake/ta_fake_000075.wav,1,0.7366666666666667,1,0.9992699027061462,1
D:/Final_Year_Project/Deepfake_Dissertation/dataset/standardized/tamil/fake/ta_fake_000076.wav,1,0.6933333333333334,1,0.9987292885780334,1
D:/Final_Year_Project/Deepfake_Dissertation/dataset/standardized/tamil/fake/ta_fake_000077.wav,1,0.76,1,0.9949185252189636,1
D:/Final_Year_Project/Deepfake_Dissertation/dataset/standardized/tamil/fake/ta_fake_000078.wav,1,0.7666666666666667,1,0.9991031885147096,1
D:/Final_Year_Project/Deepfake_Dissertation/dataset/standardized/tamil/fake/ta_fake_000079.wav,1,0.6733333333333333,1,0.995935320854187,1
D:/Final_Year_Project/Deepfake_Dissertation/dataset/standardized/tamil/fake/ta_fake_000080.wav,1,0.6333333333333333,1,0.9986584186553956,1
D:/Final_Year_Project/Deepfake_Dissertation/dataset/standardized/tamil/fake/ta_fake_000081.wav,1,0.7,1,0.9972455501556396,1
D:/Final_Year_Project/Deepfake_Dissertation/dataset/standardized/tamil/fake/ta_fake_000082.wav,1,0.76,1,0.2194787859916687,0
D:/Final_Year_Project/Deepfake_Dissertation/dataset/standardized/tamil/fake/ta_fake_000083.wav,1,0.75,1,0.965479016304016,1
D:/Final_Year_Project/Deepfake_Dissertation/dataset/standardized/tamil/fake/ta_fake_000084.wav,1,0.7433333333333333,1,0.989299178123474,1
D:/Final_Year_Project/Deepfake_Dissertation/dataset/standardized/tamil/fake/ta_fake_000085.wav,1,0.7966666666666666,1,0.9984349608421326,1
D:/Final_Year_Project/Deepfake_Dissertation/dataset/standardized/tamil/fake/ta_fake_000086.wav,1,0.7033333333333334,1,0.9999716281890868,1
D:/Final_Year_Project/Deepfake_Dissertation/dataset/standardized/tamil/fake/ta_fake_000087.wav,1,0.6866666666666666,1,0.9944798946380616,1
D:/Final_Year_Project/Deepfake_Dissertation/dataset/standardized/tamil/fake/ta_fake_000088.wav,1,0.7333333333333333,1,0.8991017937660217,1
D:/Final_Year_Project/Deepfake_Dissertation/dataset/standardized/tamil/fake/ta_fake_000089.wav,1,0.7266666666666667,1,0.9999146461486816,1
D:/Final_Year_Project/Deepfake_Dissertation/dataset/standardized/tamil/fake/ta_fake_000090.wav,1,0.6933333333333334,1,0.9999593496322632,1
D:/Final_Year_Project/Deepfake_Dissertation/dataset/standardized/tamil/fake/ta_fake_000091.wav,1,0.7366666666666667,1,0.998516857624054,1
D:/Final_Year_Project/Deepfake_Dissertation/dataset/standardized/tamil/fake/ta_fake_000092.wav,1,0.6833333333333333,1,0.9844095706939696,1
D:/Final_Year_Project/Deepfake_Dissertation/dataset/standardized/tamil/fake/ta_fake_000093.wav,1,0.7266666666666667,1,0.9998658895492554,1
D:/Final_Year_Project/Deepfake_Dissertation/dataset/standardized/tamil/fake/ta_fake_000094.wav,1,0.6233333333333333,1,0.9908181428909302,1
D:/Final_Year_Project/Deepfake_Dissertation/dataset/standardized/tamil/fake/ta_fake_000095.wav,1,0.7633333333333333,1,0.999314785003662,1
D:/Final_Year_Project/Deepfake_Dissertation/dataset/standardized/tamil/fake/ta_fake_000096.wav,1,0.65,1,0.9056971669197084,1
D:/Final_Year_Project/Deepfake_Dissertation/dataset/standardized/tamil/fake/ta_fake_000097.wav,1,0.7166666666666667,1,0.9776930212974548,1
D:/Final_Year_Project/Deepfake_Dissertation/dataset/standardized/tamil/fake/ta_fake_000098.wav,1,0.7733333333333333,1,0.9999550580978394,1
D:/Final_Year_Project/Deepfake_Dissertation/dataset/standardized/tamil/fake/ta_fake_000099.wav,1,0.69,1,0.9962563514709472,1
D:/Final_Year_Project/Deepfake_Dissertation/dataset/standardized/tamil/fake/ta_fake_000100.wav,1,0.6933333333333334,1,0.9932538866996764,1
D:/Final_Year_Project/Deepfake_Dissertation/dataset/standardized/tamil/fake/ta_fake_000101.wav,1,0.7466666666666667,1,0.9999549388885498,1
D:/Final_Year_Project/Deepfake_Dissertation/dataset/standardized/tamil/fake/ta_fake_000102.wav,1,0.72,1,0.9994745850563048,1
D:/Final_Year_Project/Deepfake_Dissertation/dataset/standardized/tamil/fake/ta_fake_000103.wav,1,0.7066666666666667,1,0.9563196301460266,1
D:/Final_Year_Project/Deepfake_Dissertation/dataset/standardized/tamil/fake/ta_fake_000104.wav,1,0.7966666666666666,1,0.9365894198417664,1
D:/Final_Year_Project/Deepfake_Dissertation/dataset/standardized/tamil/fake/ta_fake_000105.wav,1,0.6766666666666666,1,0.9875684380531312,1
D:/Final_Year_Project/Deepfake_Dissertation/dataset/standardized/tamil/fake/ta_fake_000106.wav,1,0.6833333333333333,1,0.9999382495880128,1
D:/Final_Year_Project/Deepfake_Dissertation/dataset/standardized/tamil/fake/ta_fake_000107.wav,1,0.51,1,0.9995623230934144,1
D:/Final_Year_Project/Deepfake_Dissertation/dataset/standardized/tamil/fake/ta_fake_000108.wav,1,0.6966666666666667,1,0.9450874924659728,1
D:/Final_Year_Project/Deepfake_Dissertation/dataset/standardized/tamil/fake/ta_fake_000109.wav,1,0.6733333333333333,1,0.99995756149292,1
D:/Final_Year_Project/Deepfake_Dissertation/dataset/standardized/tamil/fake/ta_fake_000110.wav,1,0.73,1,0.9943851232528688,1
D:/Final_Year_Project/Deepfake_Dissertation/dataset/standardized/tamil/fake/ta_fake_000111.wav,1,0.74,1,0.7903313040733337,1
D:/Final_Year_Project/Deepfake_Dissertation/dataset/standardized/tamil/fake/ta_fake_000112.wav,1,0.68,1,0.9989336133003236,1
D:/Final_Year_Project/Deepfake_Dissertation/dataset/standardized/tamil/fake/ta_fake_000113.wav,1,0.7066666666666667,1,0.9960370659828186,1
D:/Final_Year_Project/Deepfake_Dissertation/dataset/standardized/tamil/fake/ta_fake_000114.wav,1,0.66,1,0.9998120665550232,1
D:/Final_Year_Project/Deepfake_Dissertation/dataset/standardized/tamil/fake/ta_fake_000115.wav,1,0.7166666666666667,1,0.9998193383216858,1
D:/Final_Year_Project/Deepfake_Dissertation/dataset/standardized/tamil/fake/ta_fake_000116.wav,1,0.7433333333333333,1,0.9663971066474916,1
D:/Final_Year_Project/Deepfake_Dissertation/dataset/standardized/tamil/fake/ta_fake_000117.wav,1,0.7166666666666667,1,0.9999642372131348,1
D:/Final_Year_Project/Deepfake_Dissertation/dataset/standardized/tamil/fake/ta_fake_000118.wav,1,0.7833333333333333,1,0.9960071444511414,1
D:/Final_Year_Project/Deepfake_Dissertation/dataset/standardized/tamil/fake/ta_fake_000119.wav,1,0.6333333333333333,1,0.9744001626968384,1
D:/Final_Year_Project/Deepfake_Dissertation/dataset/standardized/tamil/fake/ta_fake_000120.wav,1,0.6766666666666666,1,0.8613131642341614,1
D:/Final_Year_Project/Deepfake_Dissertation/dataset/standardized/tamil/fake/ta_fake_000121.wav,1,0.7166666666666667,1,0.9941290616989136,1
D:/Final_Year_Project/Deepfake_Dissertation/dataset/standardized/tamil/fake/ta_fake_000122.wav,1,0.6666666666666666,1,0.9999960660934448,1
D:/Final_Year_Project/Deepfake_Dissertation/dataset/standardized/tamil/fake/ta_fake_000123.wav,1,0.7033333333333334,1,0.998985230922699,1
D:/Final_Year_Project/Deepfake_Dissertation/dataset/standardized/tamil/fake/ta_fake_000124.wav,1,0.7433333333333333,1,0.9999914169311525,1
D:/Final_Year_Project/Deepfake_Dissertation/dataset/standardized/tamil/fake/ta_fake_000125.wav,1,0.6766666666666666,1,0.9998964071273804,1
D:/Final_Year_Project/Deepfake_Dissertation/dataset/standardized/tamil/fake/ta_fake_000126.wav,1,0.87,1,0.9060232043266296,1
D:/Final_Year_Project/Deepfake_Dissertation/dataset/standardized/tamil/fake/ta_fake_000127.wav,1,0.6966666666666667,1,0.9864843487739564,1
D:/Final_Year_Project/Deepfake_Dissertation/dataset/standardized/tamil/fake/ta_fake_000128.wav,1,0.69,1,0.9998008608818054,1
D:/Final_Year_Project/Deepfake_Dissertation/dataset/standardized/tamil/fake/ta_fake_000129.wav,1,0.7133333333333334,1,0.9784811735153198,1
D:/Final_Year_Project/Deepfake_Dissertation/dataset/standardized/tamil/fake/ta_fake_000130.wav,1,0.7033333333333334,1,0.8114651441574097,1
D:/Final_Year_Project/Deepfake_Dissertation/dataset/standardized/tamil/fake/ta_fake_000131.wav,1,0.6933333333333334,1,0.9976289868354796,1
D:/Final_Year_Project/Deepfake_Dissertation/dataset/standardized/tamil/fake/ta_fake_000132.wav,1,0.74,1,0.9999722242355348,1
D:/Final_Year_Project/Deepfake_Dissertation/dataset/standardized/tamil/fake/ta_fake_000133.wav,1,0.69,1,0.9967591166496276,1
D:/Final_Year_Project/Deepfake_Dissertation/dataset/standardized/tamil/fake/ta_fake_000134.wav,1,0.7233333333333334,1,0.9997246861457824,1
D:/Final_Year_Project/Deepfake_Dissertation/dataset/standardized/tamil/fake/ta_fake_000135.wav,1,0.6933333333333334,1,0.997012972831726,1
D:/Final_Year_Project/Deepfake_Dissertation/dataset/standardized/tamil/fake/ta_fake_000136.wav,1,0.6733333333333333,1,0.999484658241272,1
D:/Final_Year_Project/Deepfake_Dissertation/dataset/standardized/tamil/fake/ta_fake_000137.wav,1,0.5166666666666667,1,0.9996589422225952,1
D:/Final_Year_Project/Deepfake_Dissertation/dataset/standardized/tamil/fake/ta_fake_000138.wav,1,0.7166666666666667,1,0.9999829530715942,1
D:/Final_Year_Project/Deepfake_Dissertation/dataset/standardized/tamil/fake/ta_fake_000139.wav,1,0.7033333333333334,1,0.9994327425956726,1
D:/Final_Year_Project/Deepfake_Dissertation/dataset/standardized/tamil/fake/ta_fake_000140.wav,1,0.6366666666666667,1,0.992113471031189,1
D:/Final_Year_Project/Deepfake_Dissertation/dataset/standardized/tamil/fake/ta_fake_000141.wav,1,0.75,1,0.9993630051612854,1
D:/Final_Year_Project/Deepfake_Dissertation/dataset/standardized/tamil/fake/ta_fake_000142.wav,1,0.6633333333333333,1,0.9987850785255432,1
D:/Final_Year_Project/Deepfake_Dissertation/dataset/standardized/tamil/fake/ta_fake_000143.wav,1,0.7033333333333334,1,0.9977147579193116,1
D:/Final_Year_Project/Deepfake_Dissertation/dataset/standardized/tamil/fake/ta_fake_000144.wav,1,0.76,1,0.9979642629623412,1
D:/Final_Year_Project/Deepfake_Dissertation/dataset/standardized/tamil/fake/ta_fake_000145.wav,1,0.74,1,0.9984501600265504,1
D:/Final_Year_Project/Deepfake_Dissertation/dataset/standardized/tamil/fake/ta_fake_000146.wav,1,0.6933333333333334,1,0.9975983500480652,1
D:/Final_Year_Project/Deepfake_Dissertation/dataset/standardized/tamil/fake/ta_fake_000147.wav,1,0.7133333333333334,1,0.9984470009803772,1
D:/Final_Year_Project/Deepfake_Dissertation/dataset/standardized/tamil/fake/ta_fake_000148.wav,1,0.73,1,0.9993742108345032,1
D:/Final_Year_Project/Deepfake_Dissertation/dataset/standardized/tamil/fake/ta_fake_000149.wav,1,0.81,1,0.999970316886902,1
D:/Final_Year_Project/Deepfake_Dissertation/dataset/standardized/tamil/fake/ta_fake_000150.wav,1,0.85,1,0.9974392652511596,1
D:/Final_Year_Project/Deepfake_Dissertation/dataset/standardized/tamil/fake/ta_fake_000151.wav,1,0.74,1,0.9998087286949158,1
D:/Final_Year_Project/Deepfake_Dissertation/dataset/standardized/tamil/fake/ta_fake_000152.wav,1,0.83,1,0.9991616010665894,1
D:/Final_Year_Project/Deepfake_Dissertation/dataset/standardized/tamil/fake/ta_fake_000153.wav,1,0.7066666666666667,1,0.9992318153381348,1
D:/Final_Year_Project/Deepfake_Dissertation/dataset/standardized/tamil/fake/ta_fake_000154.wav,1,0.64,1,0.999480664730072,1
D:/Final_Year_Project/Deepfake_Dissertation/dataset/standardized/tamil/fake/ta_fake_000155.wav,1,0.5866666666666667,1,0.9997757077217102,1
D:/Final_Year_Project/Deepfake_Dissertation/dataset/standardized/tamil/fake/ta_fake_000156.wav,1,0.5966666666666667,1,0.9994750618934632,1
D:/Final_Year_Project/Deepfake_Dissertation/dataset/standardized/tamil/fake/ta_fake_000157.wav,1,0.8266666666666667,1,0.9998750686645508,1
D:/Final_Year_Project/Deepfake_Dissertation/dataset/standardized/tamil/fake/ta_fake_000158.wav,1,0.53,1,0.9990962743759156,1
D:/Final_Year_Project/Deepfake_Dissertation/dataset/standardized/tamil/fake/ta_fake_000159.wav,1,0.71,1,0.999636173248291,1
D:/Final_Year_Project/Deepfake_Dissertation/dataset/standardized/tamil/fake/ta_fake_000160.wav,1,0.6033333333333334,1,0.9998182654380798,1
D:/Final_Year_Project/Deepfake_Dissertation/dataset/standardized/tamil/fake/ta_fake_000161.wav,1,0.7066666666666667,1,0.9996814727783204,1
D:/Final_Year_Project/Deepfake_Dissertation/dataset/standardized/tamil/fake/ta_fake_000162.wav,1,0.6833333333333333,1,0.999852418899536,1
D:/Final_Year_Project/Deepfake_Dissertation/dataset/standardized/tamil/fake/ta_fake_000163.wav,1,0.67,1,0.8858243823051453,1
D:/Final_Year_Project/Deepfake_Dissertation/dataset/standardized/tamil/fake/ta_fake_000164.wav,1,0.5966666666666667,1,0.999402403831482,1
D:/Final_Year_Project/Deepfake_Dissertation/dataset/standardized/tamil/fake/ta_fake_000165.wav,1,0.7033333333333334,1,0.9997385144233704,1
D:/Final_Year_Project/Deepfake_Dissertation/dataset/standardized/tamil/fake/ta_fake_000166.wav,1,0.7433333333333333,1,0.970861554145813,1
D:/Final_Year_Project/Deepfake_Dissertation/dataset/standardized/tamil/fake/ta_fake_000167.wav,1,0.6566666666666666,1,0.7582747936248779,1
D:/Final_Year_Project/Deepfake_Dissertation/dataset/standardized/tamil/fake/ta_fake_000168.wav,1,0.7033333333333334,1,0.9427637457847596,1
D:/Final_Year_Project/Deepfake_Dissertation/dataset/standardized/tamil/fake/ta_fake_000169.wav,1,0.71,1,0.9999059438705444,1
D:/Final_Year_Project/Deepfake_Dissertation/dataset/standardized/tamil/fake/ta_fake_000170.wav,1,0.6566666666666666,1,0.9916391968727112,1
D:/Final_Year_Project/Deepfake_Dissertation/dataset/standardized/tamil/fake/ta_fake_000171.wav,1,0.7833333333333333,1,0.9999853372573853,1
D:/Final_Year_Project/Deepfake_Dissertation/dataset/standardized/tamil/fake/ta_fake_000172.wav,1,0.7033333333333334,1,0.9475917220115662,1
D:/Final_Year_Project/Deepfake_Dissertation/dataset/standardized/tamil/fake/ta_fake_000173.wav,1,0.7533333333333333,1,0.999639630317688,1
D:/Final_Year_Project/Deepfake_Dissertation/dataset/standardized/tamil/fake/ta_fake_000174.wav,1,0.73,1,0.9985371828079224,1
D:/Final_Year_Project/Deepfake_Dissertation/dataset/standardized/tamil/fake/ta_fake_000175.wav,1,0.7466666666666667,1,0.9982958436012268,1
D:/Final_Year_Project/Deepfake_Dissertation/dataset/standardized/tamil/fake/ta_fake_000176.wav,1,0.7466666666666667,1,0.9995404481887816,1
D:/Final_Year_Project/Deepfake_Dissertation/dataset/standardized/tamil/fake/ta_fake_000177.wav,1,0.7133333333333334,1,0.999022364616394,1
D:/Final_Year_Project/Deepfake_Dissertation/dataset/standardized/tamil/fake/ta_fake_000178.wav,1,0.7766666666666666,1,0.9248862266540528,1
D:/Final_Year_Project/Deepfake_Dissertation/dataset/standardized/tamil/fake/ta_fake_000179.wav,1,0.5533333333333333,1,0.4953069984912872,0
D:/Final_Year_Project/Deepfake_Dissertation/dataset/standardized/tamil/fake/ta_fake_000180.wav,1,0.7,1,0.9743162989616394,1
D:/Final_Year_Project/Deepfake_Dissertation/dataset/standardized/tamil/fake/ta_fake_000181.wav,1,0.7166666666666667,1,0.998816967010498,1
D:/Final_Year_Project/Deepfake_Dissertation/dataset/standardized/tamil/fake/ta_fake_000182.wav,1,0.6933333333333334,1,0.9983561635017396,1
D:/Final_Year_Project/Deepfake_Dissertation/dataset/standardized/tamil/fake/ta_fake_000183.wav,1,0.7633333333333333,1,0.999198853969574,1
D:/Final_Year_Project/Deepfake_Dissertation/dataset/standardized/tamil/fake/ta_fake_000184.wav,1,0.69,1,0.9992214441299438,1
D:/Final_Year_Project/Deepfake_Dissertation/dataset/standardized/tamil/fake/ta_fake_000185.wav,1,0.74,1,0.9978062510490416,1
D:/Final_Year_Project/Deepfake_Dissertation/dataset/standardized/tamil/fake/ta_fake_000186.wav,1,0.7633333333333333,1,0.9879190325737,1
D:/Final_Year_Project/Deepfake_Dissertation/dataset/standardized/tamil/fake/ta_fake_000187.wav,1,0.7366666666666667,1,0.99847012758255,1
D:/Final_Year_Project/Deepfake_Dissertation/dataset/standardized/tamil/fake/ta_fake_000188.wav,1,0.68,1,0.9615788459777832,1
D:/Final_Year_Project/Deepfake_Dissertation/dataset/standardized/tamil/fake/ta_fake_000189.wav,1,0.7333333333333333,1,0.9983003735542296,1
D:/Final_Year_Project/Deepfake_Dissertation/dataset/standardized/tamil/fake/ta_fake_000190.wav,1,0.7666666666666667,1,0.99666166305542,1
D:/Final_Year_Project/Deepfake_Dissertation/dataset/standardized/tamil/fake/ta_fake_000191.wav,1,0.7266666666666667,1,0.9991996884346008,1
D:/Final_Year_Project/Deepfake_Dissertation/dataset/standardized/tamil/fake/ta_fake_000192.wav,1,0.5266666666666666,1,0.958604633808136,1
D:/Final_Year_Project/Deepfake_Dissertation/dataset/standardized/tamil/fake/ta_fake_000193.wav,1,0.7633333333333333,1,0.9997783303260804,1
D:/Final_Year_Project/Deepfake_Dissertation/dataset/standardized/tamil/fake/ta_fake_000194.wav,1,0.62,1,0.9994714856147766,1
D:/Final_Year_Project/Deepfake_Dissertation/dataset/standardized/tamil/fake/ta_fake_000195.wav,1,0.5733333333333334,1,0.9994803071022034,1
D:/Final_Year_Project/Deepfake_Dissertation/dataset/standardized/tamil/fake/ta_fake_000196.wav,1,0.73,1,0.999593198299408,1
D:/Final_Year_Project/Deepfake_Dissertation/dataset/standardized/tamil/fake/ta_fake_000197.wav,1,0.7333333333333333,1,0.9997593760490416,1
D:/Final_Year_Project/Deepfake_Dissertation/dataset/standardized/tamil/fake/ta_fake_000198.wav,1,0.6333333333333333,1,0.9973475933074952,1
D:/Final_Year_Project/Deepfake_Dissertation/dataset/standardized/tamil/fake/ta_fake_000199.wav,1,0.6233333333333333,1,0.9994750618934632,1
D:/Final_Year_Project/Deepfake_Dissertation/dataset/standardized/tamil/fake/ta_fake_000200.wav,1,0.6666666666666666,1,0.9551512002944946,1
D:/Final_Year_Project/Deepfake_Dissertation/dataset/standardized/tamil/fake/ta_fake_000201.wav,1,0.8033333333333333,1,0.9001116156578064,1
D:/Final_Year_Project/Deepfake_Dissertation/dataset/standardized/tamil/fake/ta_fake_000202.wav,1,0.3033333333333333,0,0.99897038936615,1
D:/Final_Year_Project/Deepfake_Dissertation/dataset/standardized/tamil/fake/ta_fake_000203.wav,1,0.6966666666666667,1,0.9974531531333924,1
D:/Final_Year_Project/Deepfake_Dissertation/dataset/standardized/tamil/fake/ta_fake_000204.wav,1,0.69,1,0.9999756813049316,1
D:/Final_Year_Project/Deepfake_Dissertation/dataset/standardized/tamil/fake/ta_fake_000205.wav,1,0.69,1,0.9983635544776917,1
D:/Final_Year_Project/Deepfake_Dissertation/dataset/standardized/tamil/fake/ta_fake_000206.wav,1,0.66,1,0.9999010562896729,1
D:/Final_Year_Project/Deepfake_Dissertation/dataset/standardized/tamil/fake/ta_fake_000207.wav,1,0.6733333333333333,1,0.999941110610962,1
D:/Final_Year_Project/Deepfake_Dissertation/dataset/standardized/tamil/fake/ta_fake_000208.wav,1,0.6466666666666666,1,0.999909520149231,1
D:/Final_Year_Project/Deepfake_Dissertation/dataset/standardized/tamil/fake/ta_fake_000209.wav,1,0.7366666666666667,1,0.9973836541175842,1
D:/Final_Year_Project/Deepfake_Dissertation/dataset/standardized/tamil/fake/ta_fake_000210.wav,1,0.7066666666666667,1,0.999259889125824,1
D:/Final_Year_Project/Deepfake_Dissertation/dataset/standardized/tamil/fake/ta_fake_000211.wav,1,0.6466666666666666,1,0.99872225522995,1
D:/Final_Year_Project/Deepfake_Dissertation/dataset/standardized/tamil/fake/ta_fake_000212.wav,1,0.5133333333333333,1,0.9997968077659608,1
D:/Final_Year_Project/Deepfake_Dissertation/dataset/standardized/tamil/fake/ta_fake_000213.wav,1,0.6933333333333334,1,0.999685525894165,1
D:/Final_Year_Project/Deepfake_Dissertation/dataset/standardized/tamil/fake/ta_fake_000214.wav,1,0.5866666666666667,1,0.9995405673980712,1
D:/Final_Year_Project/Deepfake_Dissertation/dataset/standardized/tamil/fake/ta_fake_000215.wav,1,0.44,0,0.9965235590934752,1
D:/Final_Year_Project/Deepfake_Dissertation/dataset/standardized/tamil/fake/ta_fake_000216.wav,1,0.6533333333333333,1,0.9996824264526368,1
D:/Final_Year_Project/Deepfake_Dissertation/dataset/standardized/tamil/fake/ta_fake_000217.wav,1,0.8133333333333334,1,0.9990283250808716,1
D:/Final_Year_Project/Deepfake_Dissertation/dataset/standardized/tamil/fake/ta_fake_000218.wav,1,0.68,1,0.9937666654586792,1
D:/Final_Year_Project/Deepfake_Dissertation/dataset/standardized/tamil/fake/ta_fake_000219.wav,1,0.84,1,0.99996018409729,1
D:/Final_Year_Project/Deepfake_Dissertation/dataset/standardized/tamil/fake/ta_fake_000220.wav,1,0.5966666666666667,1,0.9979180693626404,1
D:/Final_Year_Project/Deepfake_Dissertation/dataset/standardized/tamil/fake/ta_fake_000221.wav,1,0.8233333333333334,1,0.9998841285705566,1
D:/Final_Year_Project/Deepfake_Dissertation/dataset/standardized/tamil/fake/ta_fake_000222.wav,1,0.71,1,0.9982136487960817,1
D:/Final_Year_Project/Deepfake_Dissertation/dataset/standardized/tamil/fake/ta_fake_000223.wav,1,0.6766666666666666,1,0.9994357228279114,1
D:/Final_Year_Project/Deepfake_Dissertation/dataset/standardized/tamil/fake/ta_fake_000224.wav,1,0.4633333333333333,0,0.998245358467102,1
D:/Final_Year_Project/Deepfake_Dissertation/dataset/standardized/tamil/fake/ta_fake_000225.wav,1,0.7233333333333334,1,0.0393395945429801,0
D:/Final_Year_Project/Deepfake_Dissertation/dataset/standardized/tamil/fake/ta_fake_000226.wav,1,0.6866666666666666,1,0.9938566088676452,1
D:/Final_Year_Project/Deepfake_Dissertation/dataset/standardized/tamil/fake/ta_fake_000227.wav,1,0.63,1,0.9993963241577148,1
D:/Final_Year_Project/Deepfake_Dissertation/dataset/standardized/tamil/fake/ta_fake_000228.wav,1,0.7166666666666667,1,0.9999802112579346,1
D:/Final_Year_Project/Deepfake_Dissertation/dataset/standardized/tamil/fake/ta_fake_000229.wav,1,0.7366666666666667,1,0.9470789432525636,1
D:/Final_Year_Project/Deepfake_Dissertation/dataset/standardized/tamil/fake/ta_fake_000230.wav,1,0.7266666666666667,1,0.9997877478599548,1
D:/Final_Year_Project/Deepfake_Dissertation/dataset/standardized/tamil/fake/ta_fake_000231.wav,1,0.7933333333333333,1,0.9975578784942628,1
D:/Final_Year_Project/Deepfake_Dissertation/dataset/standardized/tamil/fake/ta_fake_000232.wav,1,0.8666666666666667,1,0.9992936849594116,1
D:/Final_Year_Project/Deepfake_Dissertation/dataset/standardized/tamil/fake/ta_fake_000233.wav,1,0.7266666666666667,1,0.9913946986198424,1
D:/Final_Year_Project/Deepfake_Dissertation/dataset/standardized/tamil/fake/ta_fake_000234.wav,1,0.6766666666666666,1,0.9932981133461,1
D:/Final_Year_Project/Deepfake_Dissertation/dataset/standardized/tamil/fake/ta_fake_000235.wav,1,0.7566666666666667,1,0.999584972858429,1
D:/Final_Year_Project/Deepfake_Dissertation/dataset/standardized/tamil/fake/ta_fake_000236.wav,1,0.8366666666666667,1,0.9999312162399292,1
D:/Final_Year_Project/Deepfake_Dissertation/dataset/standardized/tamil/fake/ta_fake_000237.wav,1,0.7333333333333333,1,0.9988415837287904,1
D:/Final_Year_Project/Deepfake_Dissertation/dataset/standardized/tamil/fake/ta_fake_000238.wav,1,0.7033333333333334,1,0.9987702965736388,1
D:/Final_Year_Project/Deepfake_Dissertation/dataset/standardized/tamil/fake/ta_fake_000239.wav,1,0.8,1,0.997753918170929,1
D:/Final_Year_Project/Deepfake_Dissertation/dataset/standardized/tamil/fake/ta_fake_000240.wav,1,0.7633333333333333,1,0.99851256608963,1
D:/Final_Year_Project/Deepfake_Dissertation/dataset/standardized/tamil/fake/ta_fake_000241.wav,1,0.69,1,0.9989411234855652,1
D:/Final_Year_Project/Deepfake_Dissertation/dataset/standardized/tamil/fake/ta_fake_000242.wav,1,0.6933333333333334,1,0.9843391180038452,1
D:/Final_Year_Project/Deepfake_Dissertation/dataset/standardized/tamil/fake/ta_fake_000243.wav,1,0.7166666666666667,1,0.9996731281280518,1
D:/Final_Year_Project/Deepfake_Dissertation/dataset/standardized/tamil/fake/ta_fake_000244.wav,1,0.6733333333333333,1,0.9998337030410768,1
D:/Final_Year_Project/Deepfake_Dissertation/dataset/standardized/tamil/fake/ta_fake_000245.wav,1,0.7833333333333333,1,0.9999885559082032,1
D:/Final_Year_Project/Deepfake_Dissertation/dataset/standardized/tamil/fake/ta_fake_000246.wav,1,0.76,1,0.9924516081809998,1
D:/Final_Year_Project/Deepfake_Dissertation/dataset/standardized/tamil/fake/ta_fake_000247.wav,1,0.76,1,0.9996113181114196,1
D:/Final_Year_Project/Deepfake_Dissertation/dataset/standardized/tamil/fake/ta_fake_000248.wav,1,0.7066666666666667,1,0.9996390342712402,1
D:/Final_Year_Project/Deepfake_Dissertation/dataset/standardized/tamil/fake/ta_fake_000249.wav,1,0.79,1,0.9995304346084596,1
D:/Final_Year_Project/Deepfake_Dissertation/dataset/standardized/tamil/fake/ta_fake_000250.wav,1,0.3766666666666666,0,0.9993420243263244,1
D:/Final_Year_Project/Deepfake_Dissertation/dataset/standardized/tamil/fake/ta_fake_000251.wav,1,0.5833333333333334,1,0.997675359249115,1
D:/Final_Year_Project/Deepfake_Dissertation/dataset/standardized/tamil/fake/ta_fake_000252.wav,1,0.7166666666666667,1,0.995466947555542,1
D:/Final_Year_Project/Deepfake_Dissertation/dataset/standardized/tamil/fake/ta_fake_000253.wav,1,0.7266666666666667,1,0.9996298551559448,1
D:/Final_Year_Project/Deepfake_Dissertation/dataset/standardized/tamil/fake/ta_fake_000254.wav,1,0.54,1,0.9996309280395508,1
D:/Final_Year_Project/Deepfake_Dissertation/dataset/standardized/tamil/fake/ta_fake_000255.wav,1,0.7533333333333333,1,0.9998026490211488,1
D:/Final_Year_Project/Deepfake_Dissertation/dataset/standardized/tamil/fake/ta_fake_000256.wav,1,0.7533333333333333,1,0.9978823065757751,1
D:/Final_Year_Project/Deepfake_Dissertation/dataset/standardized/tamil/fake/ta_fake_000257.wav,1,0.7166666666666667,1,0.9994020462036132,1
D:/Final_Year_Project/Deepfake_Dissertation/dataset/standardized/tamil/fake/ta_fake_000258.wav,1,0.7566666666666667,1,0.9500995874404908,1
D:/Final_Year_Project/Deepfake_Dissertation/dataset/standardized/tamil/fake/ta_fake_000259.wav,1,0.68,1,0.997464656829834,1
D:/Final_Year_Project/Deepfake_Dissertation/dataset/standardized/tamil/fake/ta_fake_000260.wav,1,0.73,1,0.996845006942749,1
D:/Final_Year_Project/Deepfake_Dissertation/dataset/standardized/tamil/fake/ta_fake_000261.wav,1,0.7166666666666667,1,0.9998140931129456,1
D:/Final_Year_Project/Deepfake_Dissertation/dataset/standardized/tamil/fake/ta_fake_000262.wav,1,0.7166666666666667,1,0.9966953992843628,1
D:/Final_Year_Project/Deepfake_Dissertation/dataset/standardized/tamil/fake/ta_fake_000263.wav,1,0.32,0,0.998590648174286,1
D:/Final_Year_Project/Deepfake_Dissertation/dataset/standardized/tamil/fake/ta_fake_000264.wav,1,0.7266666666666667,1,0.99972802400589,1
D:/Final_Year_Project/Deepfake_Dissertation/dataset/standardized/tamil/fake/ta_fake_000265.wav,1,0.7566666666666667,1,0.9915858507156372,1
D:/Final_Year_Project/Deepfake_Dissertation/dataset/standardized/tamil/fake/ta_fake_000266.wav,1,0.7033333333333334,1,0.9986063838005066,1
D:/Final_Year_Project/Deepfake_Dissertation/dataset/standardized/tamil/fake/ta_fake_000267.wav,1,0.7533333333333333,1,0.9141927361488342,1
D:/Final_Year_Project/Deepfake_Dissertation/dataset/standardized/tamil/fake/ta_fake_000268.wav,1,0.6933333333333334,1,0.9993599057197572,1
D:/Final_Year_Project/Deepfake_Dissertation/dataset/standardized/tamil/fake/ta_fake_000269.wav,1,0.7566666666666667,1,0.9990424513816832,1
D:/Final_Year_Project/Deepfake_Dissertation/dataset/standardized/tamil/fake/ta_fake_000270.wav,1,0.7533333333333333,1,0.9964630007743835,1
D:/Final_Year_Project/Deepfake_Dissertation/dataset/standardized/tamil/fake/ta_fake_000271.wav,1,0.76,1,0.9986068606376648,1
D:/Final_Year_Project/Deepfake_Dissertation/dataset/standardized/tamil/fake/ta_fake_000272.wav,1,0.71,1,0.8853968381881714,1
D:/Final_Year_Project/Deepfake_Dissertation/dataset/standardized/tamil/fake/ta_fake_000273.wav,1,0.72,1,0.995965838432312,1
D:/Final_Year_Project/Deepfake_Dissertation/dataset/standardized/tamil/fake/ta_fake_000274.wav,1,0.74,1,0.9963172674179076,1
D:/Final_Year_Project/Deepfake_Dissertation/dataset/standardized/tamil/fake/ta_fake_000275.wav,1,0.73,1,0.999981164932251,1
D:/Final_Year_Project/Deepfake_Dissertation/dataset/standardized/tamil/fake/ta_fake_000276.wav,1,0.72,1,0.999665141105652,1
D:/Final_Year_Project/Deepfake_Dissertation/dataset/standardized/tamil/fake/ta_fake_000277.wav,1,0.4866666666666667,0,0.9984188079833984,1
D:/Final_Year_Project/Deepfake_Dissertation/dataset/standardized/tamil/fake/ta_fake_000278.wav,1,0.7033333333333334,1,0.9997217059135436,1
D:/Final_Year_Project/Deepfake_Dissertation/dataset/standardized/tamil/fake/ta_fake_000279.wav,1,0.65,1,0.9972176551818848,1
D:/Final_Year_Project/Deepfake_Dissertation/dataset/standardized/tamil/fake/ta_fake_000280.wav,1,0.73,1,0.9994556307792664,1
D:/Final_Year_Project/Deepfake_Dissertation/dataset/standardized/tamil/fake/ta_fake_000281.wav,1,0.71,1,0.9986078143119812,1
D:/Final_Year_Project/Deepfake_Dissertation/dataset/standardized/tamil/fake/ta_fake_000282.wav,1,0.7,1,0.9984872341156006,1
D:/Final_Year_Project/Deepfake_Dissertation/dataset/standardized/tamil/fake/ta_fake_000283.wav,1,0.69,1,0.9909489750862122,1
D:/Final_Year_Project/Deepfake_Dissertation/dataset/standardized/tamil/fake/ta_fake_000284.wav,1,0.6466666666666666,1,0.9998003840446472,1
D:/Final_Year_Project/Deepfake_Dissertation/dataset/standardized/tamil/fake/ta_fake_000285.wav,1,0.68,1,0.9992140531539916,1
D:/Final_Year_Project/Deepfake_Dissertation/dataset/standardized/tamil/fake/ta_fake_000286.wav,1,0.5733333333333334,1,0.9998667240142822,1
D:/Final_Year_Project/Deepfake_Dissertation/dataset/standardized/tamil/fake/ta_fake_000287.wav,1,0.7233333333333334,1,0.9951005578041076,1
D:/Final_Year_Project/Deepfake_Dissertation/dataset/standardized/tamil/fake/ta_fake_000288.wav,1,0.2133333333333333,0,0.9973817467689514,1
D:/Final_Year_Project/Deepfake_Dissertation/dataset/standardized/tamil/fake/ta_fake_000289.wav,1,0.7466666666666667,1,0.992964506149292,1
D:/Final_Year_Project/Deepfake_Dissertation/dataset/standardized/tamil/fake/ta_fake_000290.wav,1,0.67,1,0.9984142780303956,1
D:/Final_Year_Project/Deepfake_Dissertation/dataset/standardized/tamil/fake/ta_fake_000291.wav,1,0.7633333333333333,1,0.9986029267311096,1
D:/Final_Year_Project/Deepfake_Dissertation/dataset/standardized/tamil/fake/ta_fake_000292.wav,1,0.4866666666666667,0,0.9990845918655396,1
D:/Final_Year_Project/Deepfake_Dissertation/dataset/standardized/tamil/fake/ta_fake_000293.wav,1,0.4466666666666666,0,0.9906835556030272,1
D:/Final_Year_Project/Deepfake_Dissertation/dataset/standardized/tamil/fake/ta_fake_000294.wav,1,0.5966666666666667,1,0.9996832609176636,1
D:/Final_Year_Project/Deepfake_Dissertation/dataset/standardized/tamil/fake/ta_fake_000295.wav,1,0.44,0,0.9982122182846068,1
D:/Final_Year_Project/Deepfake_Dissertation/dataset/standardized/tamil/fake/ta_fake_000296.wav,1,0.7733333333333333,1,0.9999674558639526,1
D:/Final_Year_Project/Deepfake_Dissertation/dataset/standardized/tamil/fake/ta_fake_000297.wav,1,0.7866666666666666,1,0.9981716871261596,1
D:/Final_Year_Project/Deepfake_Dissertation/dataset/standardized/tamil/fake/ta_fake_000298.wav,1,0.6633333333333333,1,0.993301510810852,1
D:/Final_Year_Project/Deepfake_Dissertation/dataset/standardized/tamil/fake/ta_fake_000299.wav,1,0.6633333333333333,1,0.9999631643295288,1
D:/Final_Year_Project/Deepfake_Dissertation/dataset/standardized/tamil/fake/ta_fake_000300.wav,1,0.7033333333333334,1,0.992965579032898,1
D:/Final_Year_Project/Deepfake_Dissertation/dataset/standardized/tamil/fake/ta_fake_000301.wav,1,0.72,1,0.9999220371246338,1
D:/Final_Year_Project/Deepfake_Dissertation/dataset/standardized/tamil/fake/ta_fake_000302.wav,1,0.6433333333333333,1,0.9988391995429992,1
D:/Final_Year_Project/Deepfake_Dissertation/dataset/standardized/tamil/fake/ta_fake_000303.wav,1,0.72,1,0.8557429909706116,1
D:/Final_Year_Project/Deepfake_Dissertation/dataset/standardized/tamil/fake/ta_fake_000304.wav,1,0.6566666666666666,1,0.9898064732551576,1
D:/Final_Year_Project/Deepfake_Dissertation/dataset/standardized/tamil/fake/ta_fake_000305.wav,1,0.7166666666666667,1,0.9987905621528624,1
D:/Final_Year_Project/Deepfake_Dissertation/dataset/standardized/tamil/fake/ta_fake_000306.wav,1,0.6833333333333333,1,0.9979446530342102,1
D:/Final_Year_Project/Deepfake_Dissertation/dataset/standardized/tamil/fake/ta_fake_000307.wav,1,0.69,1,0.9999498128890992,1
D:/Final_Year_Project/Deepfake_Dissertation/dataset/standardized/tamil/fake/ta_fake_000308.wav,1,0.7366666666666667,1,0.9996854066848756,1
D:/Final_Year_Project/Deepfake_Dissertation/dataset/standardized/tamil/fake/ta_fake_000309.wav,1,0.7233333333333334,1,0.999947190284729,1
D:/Final_Year_Project/Deepfake_Dissertation/dataset/standardized/tamil/fake/ta_fake_000310.wav,1,0.87,1,0.9991798996925354,1
D:/Final_Year_Project/Deepfake_Dissertation/dataset/standardized/tamil/fake/ta_fake_000311.wav,1,0.6966666666666667,1,0.99264657497406,1
D:/Final_Year_Project/Deepfake_Dissertation/dataset/standardized/tamil/fake/ta_fake_000312.wav,1,0.7,1,0.9732742309570312,1
D:/Final_Year_Project/Deepfake_Dissertation/dataset/standardized/tamil/fake/ta_fake_000313.wav,1,0.7233333333333334,1,0.9577658772468568,1
D:/Final_Year_Project/Deepfake_Dissertation/dataset/standardized/tamil/fake/ta_fake_000314.wav,1,0.7066666666666667,1,0.9998656511306764,1
D:/Final_Year_Project/Deepfake_Dissertation/dataset/standardized/tamil/fake/ta_fake_000315.wav,1,0.6966666666666667,1,0.9981729984283448,1
D:/Final_Year_Project/Deepfake_Dissertation/dataset/standardized/tamil/fake/ta_fake_000316.wav,1,0.66,1,0.9822701811790466,1
D:/Final_Year_Project/Deepfake_Dissertation/dataset/standardized/tamil/fake/ta_fake_000317.wav,1,0.71,1,0.9999330043792723,1
D:/Final_Year_Project/Deepfake_Dissertation/dataset/standardized/tamil/fake/ta_fake_000318.wav,1,0.6733333333333333,1,0.9844956398010254,1
D:/Final_Year_Project/Deepfake_Dissertation/dataset/standardized/tamil/fake/ta_fake_000319.wav,1,0.7433333333333333,1,0.9999920129776,1
D:/Final_Year_Project/Deepfake_Dissertation/dataset/standardized/tamil/fake/ta_fake_000320.wav,1,0.7133333333333334,1,0.9999281167984008,1
D:/Final_Year_Project/Deepfake_Dissertation/dataset/standardized/tamil/fake/ta_fake_000321.wav,1,0.6833333333333333,1,0.8659587502479553,1
D:/Final_Year_Project/Deepfake_Dissertation/dataset/standardized/tamil/fake/ta_fake_000322.wav,1,0.71,1,0.9947569370269777,1
D:/Final_Year_Project/Deepfake_Dissertation/dataset/standardized/tamil/fake/ta_fake_000323.wav,1,0.7233333333333334,1,0.999990463256836,1
D:/Final_Year_Project/Deepfake_Dissertation/dataset/standardized/tamil/fake/ta_fake_000324.wav,1,0.76,1,0.997298538684845,1
D:/Final_Year_Project/Deepfake_Dissertation/dataset/standardized/tamil/fake/ta_fake_000325.wav,1,0.5566666666666666,1,0.9992276430130004,1
D:/Final_Year_Project/Deepfake_Dissertation/dataset/standardized/tamil/fake/ta_fake_000326.wav,1,0.6566666666666666,1,0.9996585845947266,1
D:/Final_Year_Project/Deepfake_Dissertation/dataset/standardized/tamil/fake/ta_fake_000327.wav,1,0.5066666666666667,1,0.9998247027397156,1
D:/Final_Year_Project/Deepfake_Dissertation/dataset/standardized/tamil/fake/ta_fake_000328.wav,1,0.68,1,0.9225370287895204,1
D:/Final_Year_Project/Deepfake_Dissertation/dataset/standardized/tamil/fake/ta_fake_000329.wav,1,0.69,1,0.9995914101600648,1
D:/Final_Year_Project/Deepfake_Dissertation/dataset/standardized/tamil/fake/ta_fake_000330.wav,1,0.7,1,0.991354763507843,1
D:/Final_Year_Project/Deepfake_Dissertation/dataset/standardized/tamil/fake/ta_fake_000331.wav,1,0.7066666666666667,1,0.9997288584709167,1
D:/Final_Year_Project/Deepfake_Dissertation/dataset/standardized/tamil/fake/ta_fake_000332.wav,1,0.6166666666666667,1,0.9997089505195618,1
D:/Final_Year_Project/Deepfake_Dissertation/dataset/standardized/tamil/fake/ta_fake_000333.wav,1,0.7233333333333334,1,0.993345022201538,1
D:/Final_Year_Project/Deepfake_Dissertation/dataset/standardized/tamil/fake/ta_fake_000334.wav,1,0.6633333333333333,1,0.999504327774048,1
D:/Final_Year_Project/Deepfake_Dissertation/dataset/standardized/tamil/fake/ta_fake_000335.wav,1,0.6633333333333333,1,0.9999828338623048,1
D:/Final_Year_Project/Deepfake_Dissertation/dataset/standardized/tamil/fake/ta_fake_000336.wav,1,0.75,1,0.9979863166809082,1
D:/Final_Year_Project/Deepfake_Dissertation/dataset/standardized/tamil/fake/ta_fake_000337.wav,1,0.6433333333333333,1,0.981760799884796,1
D:/Final_Year_Project/Deepfake_Dissertation/dataset/standardized/tamil/fake/ta_fake_000338.wav,1,0.7266666666666667,1,0.9992635846138,1
D:/Final_Year_Project/Deepfake_Dissertation/dataset/standardized/tamil/fake/ta_fake_000339.wav,1,0.6266666666666667,1,0.9997575879096984,1
D:/Final_Year_Project/Deepfake_Dissertation/dataset/standardized/tamil/fake/ta_fake_000340.wav,1,0.69,1,0.9984318614006042,1
D:/Final_Year_Project/Deepfake_Dissertation/dataset/standardized/tamil/fake/ta_fake_000341.wav,1,0.6766666666666666,1,0.99911767244339,1
D:/Final_Year_Project/Deepfake_Dissertation/dataset/standardized/tamil/fake/ta_fake_000342.wav,1,0.7666666666666667,1,0.9978043437004088,1
D:/Final_Year_Project/Deepfake_Dissertation/dataset/standardized/tamil/fake/ta_fake_000343.wav,1,0.6733333333333333,1,0.7839876413345337,1
D:/Final_Year_Project/Deepfake_Dissertation/dataset/standardized/tamil/fake/ta_fake_000344.wav,1,0.7666666666666667,1,0.9990236759185792,1
D:/Final_Year_Project/Deepfake_Dissertation/dataset/standardized/tamil/fake/ta_fake_000345.wav,1,0.67,1,0.9988570213317872,1
D:/Final_Year_Project/Deepfake_Dissertation/dataset/standardized/tamil/fake/ta_fake_000346.wav,1,0.75,1,0.9999617338180542,1
D:/Final_Year_Project/Deepfake_Dissertation/dataset/standardized/tamil/fake/ta_fake_000347.wav,1,0.6866666666666666,1,0.9999359846115112,1
D:/Final_Year_Project/Deepfake_Dissertation/dataset/standardized/tamil/fake/ta_fake_000348.wav,1,0.7033333333333334,1,0.968162715435028,1
D:/Final_Year_Project/Deepfake_Dissertation/dataset/standardized/tamil/fake/ta_fake_000349.wav,1,0.67,1,0.9986602067947388,1
D:/Final_Year_Project/Deepfake_Dissertation/dataset/standardized/tamil/fake/ta_fake_000350.wav,1,0.6133333333333333,1,0.999900221824646,1
D:/Final_Year_Project/Deepfake_Dissertation/dataset/standardized/tamil/fake/ta_fake_000351.wav,1,0.7,1,0.9030453562736512,1
D:/Final_Year_Project/Deepfake_Dissertation/dataset/standardized/tamil/fake/ta_fake_000352.wav,1,0.7366666666666667,1,0.9205362200737,1
D:/Final_Year_Project/Deepfake_Dissertation/dataset/standardized/tamil/fake/ta_fake_000353.wav,1,0.7133333333333334,1,0.9999533891677856,1
D:/Final_Year_Project/Deepfake_Dissertation/dataset/standardized/tamil/fake/ta_fake_000354.wav,1,0.7266666666666667,1,0.9982036352157592,1
D:/Final_Year_Project/Deepfake_Dissertation/dataset/standardized/tamil/fake/ta_fake_000355.wav,1,0.2833333333333333,0,0.9992126226425172,1
D:/Final_Year_Project/Deepfake_Dissertation/dataset/standardized/tamil/fake/ta_fake_000356.wav,1,0.6766666666666666,1,0.9934185743331908,1
D:/Final_Year_Project/Deepfake_Dissertation/dataset/standardized/tamil/fake/ta_fake_000357.wav,1,0.71,1,0.9992458820343018,1
D:/Final_Year_Project/Deepfake_Dissertation/dataset/standardized/tamil/fake/ta_fake_000358.wav,1,0.6833333333333333,1,0.998868763446808,1
D:/Final_Year_Project/Deepfake_Dissertation/dataset/standardized/tamil/fake/ta_fake_000359.wav,1,0.6633333333333333,1,0.9997097849845886,1
D:/Final_Year_Project/Deepfake_Dissertation/dataset/standardized/tamil/fake/ta_fake_000360.wav,1,0.6733333333333333,1,0.9504604339599608,1
D:/Final_Year_Project/Deepfake_Dissertation/dataset/standardized/tamil/fake/ta_fake_000361.wav,1,0.6566666666666666,1,0.999829649925232,1
D:/Final_Year_Project/Deepfake_Dissertation/dataset/standardized/tamil/fake/ta_fake_000362.wav,1,0.7433333333333333,1,0.9525060057640076,1
D:/Final_Year_Project/Deepfake_Dissertation/dataset/standardized/tamil/fake/ta_fake_000363.wav,1,0.7966666666666666,1,0.995961368083954,1
D:/Final_Year_Project/Deepfake_Dissertation/dataset/standardized/tamil/fake/ta_fake_000364.wav,1,0.73,1,0.9886398315429688,1
D:/Final_Year_Project/Deepfake_Dissertation/dataset/standardized/tamil/fake/ta_fake_000365.wav,1,0.73,1,0.926032304763794,1
D:/Final_Year_Project/Deepfake_Dissertation/dataset/standardized/tamil/fake/ta_fake_000366.wav,1,0.7,1,0.9953989386558532,1
D:/Final_Year_Project/Deepfake_Dissertation/dataset/standardized/tamil/fake/ta_fake_000367.wav,1,0.6933333333333334,1,0.9473193883895874,1
D:/Final_Year_Project/Deepfake_Dissertation/dataset/standardized/tamil/fake/ta_fake_000368.wav,1,0.7466666666666667,1,0.9999179840087892,1
D:/Final_Year_Project/Deepfake_Dissertation/dataset/standardized/tamil/fake/ta_fake_000369.wav,1,0.7033333333333334,1,0.6997158527374268,1
D:/Final_Year_Project/Deepfake_Dissertation/dataset/standardized/tamil/fake/ta_fake_000370.wav,1,0.7166666666666667,1,0.9998764991760254,1
D:/Final_Year_Project/Deepfake_Dissertation/dataset/standardized/tamil/fake/ta_fake_000371.wav,1,0.76,1,0.9999486207962036,1
D:/Final_Year_Project/Deepfake_Dissertation/dataset/standardized/tamil/fake/ta_fake_000372.wav,1,0.7266666666666667,1,0.4195746779441833,0
D:/Final_Year_Project/Deepfake_Dissertation/dataset/standardized/tamil/fake/ta_fake_000373.wav,1,0.76,1,0.9997110962867736,1
D:/Final_Year_Project/Deepfake_Dissertation/dataset/standardized/tamil/fake/ta_fake_000374.wav,1,0.7266666666666667,1,0.999206244945526,1
D:/Final_Year_Project/Deepfake_Dissertation/dataset/standardized/tamil/fake/ta_fake_000375.wav,1,0.6433333333333333,1,0.998206615447998,1
D:/Final_Year_Project/Deepfake_Dissertation/dataset/standardized/tamil/fake/ta_fake_000376.wav,1,0.6866666666666666,1,0.9999345541000366,1
D:/Final_Year_Project/Deepfake_Dissertation/dataset/standardized/tamil/fake/ta_fake_000377.wav,1,0.6966666666666667,1,0.9993220567703248,1
D:/Final_Year_Project/Deepfake_Dissertation/dataset/standardized/tamil/fake/ta_fake_000378.wav,1,0.5266666666666666,1,0.9940762519836426,1
D:/Final_Year_Project/Deepfake_Dissertation/dataset/standardized/tamil/fake/ta_fake_000379.wav,1,0.7433333333333333,1,0.8923267722129822,1
D:/Final_Year_Project/Deepfake_Dissertation/dataset/standardized/tamil/fake/ta_fake_000380.wav,1,0.7466666666666667,1,0.9998016953468324,1
D:/Final_Year_Project/Deepfake_Dissertation/dataset/standardized/tamil/fake/ta_fake_000381.wav,1,0.6066666666666667,1,0.9841158986091614,1
D:/Final_Year_Project/Deepfake_Dissertation/dataset/standardized/tamil/fake/ta_fake_000382.wav,1,0.69,1,0.9998770952224731,1
D:/Final_Year_Project/Deepfake_Dissertation/dataset/standardized/tamil/fake/ta_fake_000383.wav,1,0.7233333333333334,1,0.9992278814315796,1
D:/Final_Year_Project/Deepfake_Dissertation/dataset/standardized/tamil/fake/ta_fake_000384.wav,1,0.7933333333333333,1,0.9996998310089112,1
D:/Final_Year_Project/Deepfake_Dissertation/dataset/standardized/tamil/fake/ta_fake_000385.wav,1,0.7,1,0.9999152421951294,1
D:/Final_Year_Project/Deepfake_Dissertation/dataset/standardized/tamil/fake/ta_fake_000386.wav,1,0.7333333333333333,1,0.9994516968727112,1
D:/Final_Year_Project/Deepfake_Dissertation/dataset/standardized/tamil/fake/ta_fake_000387.wav,1,0.6333333333333333,1,0.999832272529602,1
D:/Final_Year_Project/Deepfake_Dissertation/dataset/standardized/tamil/fake/ta_fake_000388.wav,1,0.5466666666666666,1,0.9997212290763856,1
D:/Final_Year_Project/Deepfake_Dissertation/dataset/standardized/tamil/fake/ta_fake_000389.wav,1,0.6733333333333333,1,0.9993901252746582,1
D:/Final_Year_Project/Deepfake_Dissertation/dataset/standardized/tamil/fake/ta_fake_000390.wav,1,0.5466666666666666,1,0.9994691014289856,1
D:/Final_Year_Project/Deepfake_Dissertation/dataset/standardized/tamil/fake/ta_fake_000391.wav,1,0.69,1,0.9997506737709044,1
D:/Final_Year_Project/Deepfake_Dissertation/dataset/standardized/tamil/fake/ta_fake_000392.wav,1,0.69,1,0.9994577765464784,1
D:/Final_Year_Project/Deepfake_Dissertation/dataset/standardized/tamil/fake/ta_fake_000393.wav,1,0.6433333333333333,1,0.9976542592048644,1
D:/Final_Year_Project/Deepfake_Dissertation/dataset/standardized/tamil/fake/ta_fake_000394.wav,1,0.7766666666666666,1,0.9985003471374512,1
D:/Final_Year_Project/Deepfake_Dissertation/dataset/standardized/tamil/fake/ta_fake_000395.wav,1,0.68,1,0.9998063445091248,1
D:/Final_Year_Project/Deepfake_Dissertation/dataset/standardized/tamil/fake/ta_fake_000396.wav,1,0.69,1,0.9322097897529602,1
D:/Final_Year_Project/Deepfake_Dissertation/dataset/standardized/tamil/fake/ta_fake_000397.wav,1,0.7866666666666666,1,0.9963002800941468,1
D:/Final_Year_Project/Deepfake_Dissertation/dataset/standardized/tamil/fake/ta_fake_000398.wav,1,0.8233333333333334,1,0.9997075200080872,1
D:/Final_Year_Project/Deepfake_Dissertation/dataset/standardized/tamil/fake/ta_fake_000399.wav,1,0.67,1,0.9991763234138488,1
D:/Final_Year_Project/Deepfake_Dissertation/dataset/standardized/tamil/fake/ta_fake_000400.wav,1,0.7033333333333334,1,0.9999709129333496,1
D:/Final_Year_Project/Deepfake_Dissertation/dataset/standardized/tamil/fake/ta_fake_000401.wav,1,0.7133333333333334,1,0.9996881484985352,1
D:/Final_Year_Project/Deepfake_Dissertation/dataset/standardized/tamil/fake/ta_fake_000402.wav,1,0.7233333333333334,1,0.9999369382858276,1
D:/Final_Year_Project/Deepfake_Dissertation/dataset/standardized/tamil/fake/ta_fake_000403.wav,1,0.5266666666666666,1,0.9976884126663208,1
D:/Final_Year_Project/Deepfake_Dissertation/dataset/standardized/tamil/fake/ta_fake_000404.wav,1,0.73,1,0.9990363121032716,1
D:/Final_Year_Project/Deepfake_Dissertation/dataset/standardized/tamil/fake/ta_fake_000405.wav,1,0.6833333333333333,1,0.999239444732666,1
D:/Final_Year_Project/Deepfake_Dissertation/dataset/standardized/tamil/fake/ta_fake_000406.wav,1,0.7333333333333333,1,0.9999934434890748,1
D:/Final_Year_Project/Deepfake_Dissertation/dataset/standardized/tamil/fake/ta_fake_000407.wav,1,0.6933333333333334,1,0.9995447993278505,1
D:/Final_Year_Project/Deepfake_Dissertation/dataset/standardized/tamil/fake/ta_fake_000408.wav,1,0.1966666666666666,0,0.9997518658638,1
D:/Final_Year_Project/Deepfake_Dissertation/dataset/standardized/tamil/fake/ta_fake_000409.wav,1,0.72,1,0.9974337220191956,1
D:/Final_Year_Project/Deepfake_Dissertation/dataset/standardized/tamil/fake/ta_fake_000410.wav,1,0.74,1,0.9997339844703674,1
D:/Final_Year_Project/Deepfake_Dissertation/dataset/standardized/tamil/fake/ta_fake_000411.wav,1,0.6733333333333333,1,0.9579046964645386,1
D:/Final_Year_Project/Deepfake_Dissertation/dataset/standardized/tamil/fake/ta_fake_000412.wav,1,0.7333333333333333,1,0.9925656318664552,1
D:/Final_Year_Project/Deepfake_Dissertation/dataset/standardized/tamil/fake/ta_fake_000413.wav,1,0.7633333333333333,1,0.9979290962219238,1
D:/Final_Year_Project/Deepfake_Dissertation/dataset/standardized/tamil/fake/ta_fake_000414.wav,1,0.6933333333333334,1,0.9999327659606934,1
D:/Final_Year_Project/Deepfake_Dissertation/dataset/standardized/tamil/fake/ta_fake_000415.wav,1,0.77,1,0.9970073103904724,1
D:/Final_Year_Project/Deepfake_Dissertation/dataset/standardized/tamil/fake/ta_fake_000416.wav,1,0.7333333333333333,1,0.9981070756912231,1
D:/Final_Year_Project/Deepfake_Dissertation/dataset/standardized/tamil/fake/ta_fake_000417.wav,1,0.7266666666666667,1,0.9998531341552734,1
D:/Final_Year_Project/Deepfake_Dissertation/dataset/standardized/tamil/fake/ta_fake_000418.wav,1,0.7666666666666667,1,0.9531925320625304,1
D:/Final_Year_Project/Deepfake_Dissertation/dataset/standardized/tamil/fake/ta_fake_000419.wav,1,0.6833333333333333,1,0.9998670816421508,1
D:/Final_Year_Project/Deepfake_Dissertation/dataset/standardized/tamil/fake/ta_fake_000420.wav,1,0.7366666666666667,1,0.981584906578064,1
D:/Final_Year_Project/Deepfake_Dissertation/dataset/standardized/tamil/fake/ta_fake_000421.wav,1,0.77,1,0.9984906911849976,1
D:/Final_Year_Project/Deepfake_Dissertation/dataset/standardized/tamil/fake/ta_fake_000422.wav,1,0.7733333333333333,1,0.9996241331100464,1
D:/Final_Year_Project/Deepfake_Dissertation/dataset/standardized/tamil/fake/ta_fake_000423.wav,1,0.74,1,0.9999922513961792,1
D:/Final_Year_Project/Deepfake_Dissertation/dataset/standardized/tamil/fake/ta_fake_000424.wav,1,0.7366666666666667,1,0.9992045760154724,1
D:/Final_Year_Project/Deepfake_Dissertation/dataset/standardized/tamil/fake/ta_fake_000425.wav,1,0.7133333333333334,1,0.993627429008484,1
D:/Final_Year_Project/Deepfake_Dissertation/dataset/standardized/tamil/fake/ta_fake_000426.wav,1,0.42,0,0.9999890327453612,1
D:/Final_Year_Project/Deepfake_Dissertation/dataset/standardized/tamil/fake/ta_fake_000427.wav,1,0.76,1,0.976189374923706,1
D:/Final_Year_Project/Deepfake_Dissertation/dataset/standardized/tamil/fake/ta_fake_000428.wav,1,0.7066666666666667,1,0.9948580265045166,1
D:/Final_Year_Project/Deepfake_Dissertation/dataset/standardized/tamil/fake/ta_fake_000429.wav,1,0.6766666666666666,1,0.9915189146995544,1
D:/Final_Year_Project/Deepfake_Dissertation/dataset/standardized/tamil/fake/ta_fake_000430.wav,1,0.7033333333333334,1,0.6611811518669128,1
D:/Final_Year_Project/Deepfake_Dissertation/dataset/standardized/tamil/fake/ta_fake_000431.wav,1,0.6866666666666666,1,0.997905969619751,1
D:/Final_Year_Project/Deepfake_Dissertation/dataset/standardized/tamil/fake/ta_fake_000432.wav,1,0.7333333333333333,1,0.9984489679336548,1
D:/Final_Year_Project/Deepfake_Dissertation/dataset/standardized/tamil/fake/ta_fake_000433.wav,1,0.7166666666666667,1,0.9991576671600342,1
D:/Final_Year_Project/Deepfake_Dissertation/dataset/standardized/tamil/fake/ta_fake_000434.wav,1,0.7066666666666667,1,0.9990686774253844,1
D:/Final_Year_Project/Deepfake_Dissertation/dataset/standardized/tamil/fake/ta_fake_000435.wav,1,0.7866666666666666,1,0.9709998965263368,1
D:/Final_Year_Project/Deepfake_Dissertation/dataset/standardized/tamil/fake/ta_fake_000436.wav,1,0.7233333333333334,1,0.9988831877708436,1
D:/Final_Year_Project/Deepfake_Dissertation/dataset/standardized/tamil/fake/ta_fake_000437.wav,1,0.77,1,0.9969509840011596,1
D:/Final_Year_Project/Deepfake_Dissertation/dataset/standardized/tamil/fake/ta_fake_000438.wav,1,0.71,1,0.988454520702362,1
D:/Final_Year_Project/Deepfake_Dissertation/dataset/standardized/tamil/fake/ta_fake_000439.wav,1,0.7433333333333333,1,0.9998431205749512,1
D:/Final_Year_Project/Deepfake_Dissertation/dataset/standardized/tamil/fake/ta_fake_000440.wav,1,0.7266666666666667,1,0.995895504951477,1
D:/Final_Year_Project/Deepfake_Dissertation/dataset/standardized/tamil/fake/ta_fake_000441.wav,1,0.6833333333333333,1,0.9539573788642884,1
D:/Final_Year_Project/Deepfake_Dissertation/dataset/standardized/tamil/fake/ta_fake_000442.wav,1,0.7233333333333334,1,0.9999545812606812,1
D:/Final_Year_Project/Deepfake_Dissertation/dataset/standardized/tamil/fake/ta_fake_000443.wav,1,0.7133333333333334,1,0.9687747359275818,1
D:/Final_Year_Project/Deepfake_Dissertation/dataset/standardized/tamil/fake/ta_fake_000444.wav,1,0.5133333333333333,1,0.9915946125984192,1
D:/Final_Year_Project/Deepfake_Dissertation/dataset/standardized/tamil/fake/ta_fake_000445.wav,1,0.7366666666666667,1,0.9868196845054626,1
D:/Final_Year_Project/Deepfake_Dissertation/dataset/standardized/tamil/fake/ta_fake_000446.wav,1,0.6733333333333333,1,0.9999899864196776,1
D:/Final_Year_Project/Deepfake_Dissertation/dataset/standardized/tamil/fake/ta_fake_000447.wav,1,0.6,1,0.9993342757225036,1
D:/Final_Year_Project/Deepfake_Dissertation/dataset/standardized/tamil/fake/ta_fake_000448.wav,1,0.7,1,0.9932984709739684,1
D:/Final_Year_Project/Deepfake_Dissertation/dataset/standardized/tamil/fake/ta_fake_000449.wav,1,0.7566666666666667,1,0.9897379279136658,1
D:/Final_Year_Project/Deepfake_Dissertation/dataset/standardized/tamil/fake/ta_fake_000450.wav,1,0.72,1,0.9245664477348328,1
D:/Final_Year_Project/Deepfake_Dissertation/dataset/standardized/tamil/fake/ta_fake_000451.wav,1,0.6633333333333333,1,0.9992252588272096,1
D:/Final_Year_Project/Deepfake_Dissertation/dataset/standardized/tamil/fake/ta_fake_000452.wav,1,0.7233333333333334,1,0.9998390674591064,1
D:/Final_Year_Project/Deepfake_Dissertation/dataset/standardized/tamil/fake/ta_fake_000453.wav,1,0.7166666666666667,1,0.9812894463539124,1
D:/Final_Year_Project/Deepfake_Dissertation/dataset/standardized/tamil/fake/ta_fake_000454.wav,1,0.7266666666666667,1,0.9999384880065918,1
D:/Final_Year_Project/Deepfake_Dissertation/dataset/standardized/tamil/fake/ta_fake_000455.wav,1,0.6133333333333333,1,0.9971864819526672,1
D:/Final_Year_Project/Deepfake_Dissertation/dataset/standardized/tamil/fake/ta_fake_000456.wav,1,0.65,1,0.9818732738494872,1
D:/Final_Year_Project/Deepfake_Dissertation/dataset/standardized/tamil/fake/ta_fake_000457.wav,1,0.61,1,0.9703265428543092,1
D:/Final_Year_Project/Deepfake_Dissertation/dataset/standardized/tamil/fake/ta_fake_000458.wav,1,0.69,1,0.964195966720581,1
D:/Final_Year_Project/Deepfake_Dissertation/dataset/standardized/tamil/fake/ta_fake_000459.wav,1,0.76,1,0.9697661399841307,1
D:/Final_Year_Project/Deepfake_Dissertation/dataset/standardized/tamil/fake/ta_fake_000460.wav,1,0.7033333333333334,1,0.998268723487854,1
D:/Final_Year_Project/Deepfake_Dissertation/dataset/standardized/tamil/fake/ta_fake_000461.wav,1,0.6266666666666667,1,0.9943283200263976,1
D:/Final_Year_Project/Deepfake_Dissertation/dataset/standardized/tamil/fake/ta_fake_000462.wav,1,0.79,1,0.9974477291107178,1
D:/Final_Year_Project/Deepfake_Dissertation/dataset/standardized/tamil/fake/ta_fake_000463.wav,1,0.69,1,0.9929918050765992,1
D:/Final_Year_Project/Deepfake_Dissertation/dataset/standardized/tamil/fake/ta_fake_000464.wav,1,0.7366666666666667,1,0.9997078776359558,1
D:/Final_Year_Project/Deepfake_Dissertation/dataset/standardized/tamil/fake/ta_fake_000465.wav,1,0.4833333333333333,0,0.9978957176208496,1
D:/Final_Year_Project/Deepfake_Dissertation/dataset/standardized/tamil/fake/ta_fake_000466.wav,1,0.6533333333333333,1,0.9997898936271667,1
D:/Final_Year_Project/Deepfake_Dissertation/dataset/standardized/tamil/fake/ta_fake_000467.wav,1,0.6666666666666666,1,0.9957168698310852,1
D:/Final_Year_Project/Deepfake_Dissertation/dataset/standardized/tamil/fake/ta_fake_000468.wav,1,0.7533333333333333,1,0.9997701048851012,1
D:/Final_Year_Project/Deepfake_Dissertation/dataset/standardized/tamil/fake/ta_fake_000469.wav,1,0.48,0,0.9887712597846984,1
D:/Final_Year_Project/Deepfake_Dissertation/dataset/standardized/tamil/fake/ta_fake_000470.wav,1,0.67,1,0.9999130964279176,1
D:/Final_Year_Project/Deepfake_Dissertation/dataset/standardized/tamil/fake/ta_fake_000471.wav,1,0.73,1,0.9981092214584352,1
D:/Final_Year_Project/Deepfake_Dissertation/dataset/standardized/tamil/fake/ta_fake_000472.wav,1,0.6933333333333334,1,0.9996562004089355,1
D:/Final_Year_Project/Deepfake_Dissertation/dataset/standardized/tamil/fake/ta_fake_000473.wav,1,0.5933333333333334,1,0.9998985528945924,1
D:/Final_Year_Project/Deepfake_Dissertation/dataset/standardized/tamil/fake/ta_fake_000474.wav,1,0.73,1,0.8440860509872437,1
D:/Final_Year_Project/Deepfake_Dissertation/dataset/standardized/tamil/fake/ta_fake_000475.wav,1,0.7066666666666667,1,0.9999204874038696,1
D:/Final_Year_Project/Deepfake_Dissertation/dataset/standardized/tamil/fake/ta_fake_000476.wav,1,0.6333333333333333,1,0.999502182006836,1
D:/Final_Year_Project/Deepfake_Dissertation/dataset/standardized/tamil/fake/ta_fake_000477.wav,1,0.5966666666666667,1,0.9955121874809264,1
D:/Final_Year_Project/Deepfake_Dissertation/dataset/standardized/tamil/fake/ta_fake_000478.wav,1,0.7966666666666666,1,0.9874178171157836,1
D:/Final_Year_Project/Deepfake_Dissertation/dataset/standardized/tamil/fake/ta_fake_000479.wav,1,0.6533333333333333,1,0.9990097284317015,1
D:/Final_Year_Project/Deepfake_Dissertation/dataset/standardized/tamil/fake/ta_fake_000480.wav,1,0.7433333333333333,1,0.9998626708984376,1
D:/Final_Year_Project/Deepfake_Dissertation/dataset/standardized/tamil/fake/ta_fake_000481.wav,1,0.68,1,0.9998617172241212,1
D:/Final_Year_Project/Deepfake_Dissertation/dataset/standardized/tamil/fake/ta_fake_000482.wav,1,0.7533333333333333,1,0.9316009283065796,1
D:/Final_Year_Project/Deepfake_Dissertation/dataset/standardized/tamil/fake/ta_fake_000483.wav,1,0.6066666666666667,1,0.9998536109924316,1
D:/Final_Year_Project/Deepfake_Dissertation/dataset/standardized/tamil/fake/ta_fake_000484.wav,1,0.7366666666666667,1,0.8467715978622437,1
D:/Final_Year_Project/Deepfake_Dissertation/dataset/standardized/tamil/fake/ta_fake_000485.wav,1,0.5133333333333333,1,0.9998328685760498,1
D:/Final_Year_Project/Deepfake_Dissertation/dataset/standardized/tamil/fake/ta_fake_000486.wav,1,0.6966666666666667,1,0.9999945163726808,1
D:/Final_Year_Project/Deepfake_Dissertation/dataset/standardized/tamil/fake/ta_fake_000487.wav,1,0.7066666666666667,1,0.9388234615325928,1
D:/Final_Year_Project/Deepfake_Dissertation/dataset/standardized/tamil/fake/ta_fake_000488.wav,1,0.7233333333333334,1,0.9994983673095704,1
D:/Final_Year_Project/Deepfake_Dissertation/dataset/standardized/tamil/fake/ta_fake_000489.wav,1,0.7266666666666667,1,0.999118983745575,1
D:/Final_Year_Project/Deepfake_Dissertation/dataset/standardized/tamil/fake/ta_fake_000490.wav,1,0.73,1,0.9990641474723816,1
D:/Final_Year_Project/Deepfake_Dissertation/dataset/standardized/tamil/fake/ta_fake_000491.wav,1,0.7133333333333334,1,0.9998031258583068,1
D:/Final_Year_Project/Deepfake_Dissertation/dataset/standardized/tamil/fake/ta_fake_000492.wav,1,0.7133333333333334,1,0.9997157454490662,1
D:/Final_Year_Project/Deepfake_Dissertation/dataset/standardized/tamil/fake/ta_fake_000493.wav,1,0.4866666666666667,0,0.9992334842681884,1
D:/Final_Year_Project/Deepfake_Dissertation/dataset/standardized/tamil/fake/ta_fake_000494.wav,1,0.6733333333333333,1,0.9988957643508912,1
D:/Final_Year_Project/Deepfake_Dissertation/dataset/standardized/tamil/fake/ta_fake_000495.wav,1,0.6933333333333334,1,0.9998468160629272,1
D:/Final_Year_Project/Deepfake_Dissertation/dataset/standardized/tamil/fake/ta_fake_000496.wav,1,0.6733333333333333,1,0.9976073503494264,1
D:/Final_Year_Project/Deepfake_Dissertation/dataset/standardized/tamil/fake/ta_fake_000497.wav,1,0.72,1,0.97529137134552,1
D:/Final_Year_Project/Deepfake_Dissertation/dataset/standardized/tamil/fake/ta_fake_000498.wav,1,0.75,1,0.9993109703063964,1
D:/Final_Year_Project/Deepfake_Dissertation/dataset/standardized/tamil/fake/ta_fake_000499.wav,1,0.7666666666666667,1,0.9962183833122252,1
D:/Final_Year_Project/Deepfake_Dissertation/dataset/standardized/tamil/fake/ta_fake_000500.wav,1,0.6933333333333334,1,0.999765932559967,1
D:/Final_Year_Project/Deepfake_Dissertation/dataset/standardized/kannada/fake/kn_fake_000001.wav,1,0.5833333333333334,1,0.9996840953826904,1
D:/Final_Year_Project/Deepfake_Dissertation/dataset/standardized/kannada/fake/kn_fake_000002.wav,1,0.62,1,0.9991315007209778,1
D:/Final_Year_Project/Deepfake_Dissertation/dataset/standardized/kannada/fake/kn_fake_000003.wav,1,0.57,1,0.9929518103599548,1
D:/Final_Year_Project/Deepfake_Dissertation/dataset/standardized/kannada/fake/kn_fake_000004.wav,1,0.57,1,0.9998645782470704,1
D:/Final_Year_Project/Deepfake_Dissertation/dataset/standardized/kannada/fake/kn_fake_000005.wav,1,0.55,1,0.9994304776191713,1
D:/Final_Year_Project/Deepfake_Dissertation/dataset/standardized/kannada/fake/kn_fake_000006.wav,1,0.5566666666666666,1,0.9998089671134948,1
D:/Final_Year_Project/Deepfake_Dissertation/dataset/standardized/kannada/fake/kn_fake_000007.wav,1,0.5266666666666666,1,0.9953821301460266,1
D:/Final_Year_Project/Deepfake_Dissertation/dataset/standardized/kannada/fake/kn_fake_000008.wav,1,0.5766666666666667,1,0.9928682446479796,1
D:/Final_Year_Project/Deepfake_Dissertation/dataset/standardized/kannada/fake/kn_fake_000009.wav,1,0.5333333333333333,1,0.9945218563079834,1
D:/Final_Year_Project/Deepfake_Dissertation/dataset/standardized/kannada/fake/kn_fake_000010.wav,1,0.5666666666666667,1,0.999987006187439,1
D:/Final_Year_Project/Deepfake_Dissertation/dataset/standardized/kannada/fake/kn_fake_000011.wav,1,0.5433333333333333,1,0.9978240728378296,1
D:/Final_Year_Project/Deepfake_Dissertation/dataset/standardized/kannada/fake/kn_fake_000012.wav,1,0.5366666666666666,1,0.9987325072288512,1
D:/Final_Year_Project/Deepfake_Dissertation/dataset/standardized/kannada/fake/kn_fake_000013.wav,1,0.55,1,0.9996404647827148,1
D:/Final_Year_Project/Deepfake_Dissertation/dataset/standardized/kannada/fake/kn_fake_000014.wav,1,0.56,1,0.9999430179595948,1
D:/Final_Year_Project/Deepfake_Dissertation/dataset/standardized/kannada/fake/kn_fake_000015.wav,1,0.5533333333333333,1,0.9986714124679564,1
D:/Final_Year_Project/Deepfake_Dissertation/dataset/standardized/kannada/fake/kn_fake_000016.wav,1,0.5366666666666666,1,0.9982327222824096,1
D:/Final_Year_Project/Deepfake_Dissertation/dataset/standardized/kannada/fake/kn_fake_000017.wav,1,0.5733333333333334,1,0.993281364440918,1
D:/Final_Year_Project/Deepfake_Dissertation/dataset/standardized/kannada/fake/kn_fake_000018.wav,1,0.5533333333333333,1,0.9951736330986024,1
D:/Final_Year_Project/Deepfake_Dissertation/dataset/standardized/kannada/fake/kn_fake_000019.wav,1,0.55,1,0.997020423412323,1
D:/Final_Year_Project/Deepfake_Dissertation/dataset/standardized/kannada/fake/kn_fake_000020.wav,1,0.5433333333333333,1,0.9994075298309326,1
D:/Final_Year_Project/Deepfake_Dissertation/dataset/standardized/kannada/fake/kn_fake_000021.wav,1,0.57,1,0.9365320801734924,1
D:/Final_Year_Project/Deepfake_Dissertation/dataset/standardized/kannada/fake/kn_fake_000022.wav,1,0.56,1,0.9982579350471495,1
D:/Final_Year_Project/Deepfake_Dissertation/dataset/standardized/kannada/fake/kn_fake_000023.wav,1,0.56,1,0.9978452920913696,1
D:/Final_Year_Project/Deepfake_Dissertation/dataset/standardized/kannada/fake/kn_fake_000024.wav,1,0.5533333333333333,1,0.9938365817070008,1
D:/Final_Year_Project/Deepfake_Dissertation/dataset/standardized/kannada/fake/kn_fake_000025.wav,1,0.5466666666666666,1,0.9994775652885436,1
D:/Final_Year_Project/Deepfake_Dissertation/dataset/standardized/kannada/fake/kn_fake_000026.wav,1,0.5533333333333333,1,0.9982446432113647,1
D:/Final_Year_Project/Deepfake_Dissertation/dataset/standardized/kannada/fake/kn_fake_000027.wav,1,0.63,1,0.999964952468872,1
D:/Final_Year_Project/Deepfake_Dissertation/dataset/standardized/kannada/fake/kn_fake_000028.wav,1,0.59,1,0.9596025943756104,1
D:/Final_Year_Project/Deepfake_Dissertation/dataset/standardized/kannada/fake/kn_fake_000029.wav,1,0.54,1,0.4859984815120697,0
D:/Final_Year_Project/Deepfake_Dissertation/dataset/standardized/kannada/fake/kn_fake_000030.wav,1,0.5733333333333334,1,0.9995802044868468,1
D:/Final_Year_Project/Deepfake_Dissertation/dataset/standardized/kannada/fake/kn_fake_000031.wav,1,0.5566666666666666,1,0.9983412027359008,1
D:/Final_Year_Project/Deepfake_Dissertation/dataset/standardized/kannada/fake/kn_fake_000032.wav,1,0.5266666666666666,1,0.9984399676322936,1
D:/Final_Year_Project/Deepfake_Dissertation/dataset/standardized/kannada/fake/kn_fake_000033.wav,1,0.5433333333333333,1,0.9830424785614014,1
D:/Final_Year_Project/Deepfake_Dissertation/dataset/standardized/kannada/fake/kn_fake_000034.wav,1,0.7633333333333333,1,0.9990333318710328,1
D:/Final_Year_Project/Deepfake_Dissertation/dataset/standardized/kannada/fake/kn_fake_000035.wav,1,0.5566666666666666,1,0.997885525226593,1
D:/Final_Year_Project/Deepfake_Dissertation/dataset/standardized/kannada/fake/kn_fake_000036.wav,1,0.57,1,0.9998729228973388,1
D:/Final_Year_Project/Deepfake_Dissertation/dataset/standardized/kannada/fake/kn_fake_000037.wav,1,0.5533333333333333,1,0.9991756081581116,1
D:/Final_Year_Project/Deepfake_Dissertation/dataset/standardized/kannada/fake/kn_fake_000038.wav,1,0.5433333333333333,1,0.9993383288383484,1
D:/Final_Year_Project/Deepfake_Dissertation/dataset/standardized/kannada/fake/kn_fake_000039.wav,1,0.5666666666666667,1,0.9989207983016968,1
D:/Final_Year_Project/Deepfake_Dissertation/dataset/standardized/kannada/fake/kn_fake_000040.wav,1,0.9966666666666668,1,0.9989858269691468,1
D:/Final_Year_Project/Deepfake_Dissertation/dataset/standardized/kannada/fake/kn_fake_000041.wav,1,0.57,1,0.9981738328933716,1
D:/Final_Year_Project/Deepfake_Dissertation/dataset/standardized/kannada/fake/kn_fake_000042.wav,1,0.63,1,0.9984704852104188,1
D:/Final_Year_Project/Deepfake_Dissertation/dataset/standardized/kannada/fake/kn_fake_000043.wav,1,0.7066666666666667,1,0.9987388253211976,1
D:/Final_Year_Project/Deepfake_Dissertation/dataset/standardized/kannada/fake/kn_fake_000044.wav,1,0.5366666666666666,1,0.9993583559989928,1
D:/Final_Year_Project/Deepfake_Dissertation/dataset/standardized/kannada/fake/kn_fake_000045.wav,1,0.5633333333333334,1,0.999903917312622,1
D:/Final_Year_Project/Deepfake_Dissertation/dataset/standardized/kannada/fake/kn_fake_000046.wav,1,0.9966666666666668,1,0.999594271183014,1
D:/Final_Year_Project/Deepfake_Dissertation/dataset/standardized/kannada/fake/kn_fake_000047.wav,1,0.6466666666666666,1,0.99972265958786,1
D:/Final_Year_Project/Deepfake_Dissertation/dataset/standardized/kannada/fake/kn_fake_000048.wav,1,0.57,1,0.9991912245750428,1
D:/Final_Year_Project/Deepfake_Dissertation/dataset/standardized/kannada/fake/kn_fake_000049.wav,1,0.5633333333333334,1,0.9592626690864564,1
D:/Final_Year_Project/Deepfake_Dissertation/dataset/standardized/kannada/fake/kn_fake_000050.wav,1,0.55,1,0.9994200468063354,1
D:/Final_Year_Project/Deepfake_Dissertation/dataset/standardized/kannada/fake/kn_fake_000051.wav,1,0.5566666666666666,1,0.9941293001174928,1
D:/Final_Year_Project/Deepfake_Dissertation/dataset/standardized/kannada/fake/kn_fake_000052.wav,1,0.56,1,0.9996840953826904,1
D:/Final_Year_Project/Deepfake_Dissertation/dataset/standardized/kannada/fake/kn_fake_000053.wav,1,0.5566666666666666,1,0.996231973171234,1
D:/Final_Year_Project/Deepfake_Dissertation/dataset/standardized/kannada/fake/kn_fake_000054.wav,1,0.5766666666666667,1,0.9992647767066956,1
D:/Final_Year_Project/Deepfake_Dissertation/dataset/standardized/kannada/fake/kn_fake_000055.wav,1,0.5633333333333334,1,0.9999285936355592,1
D:/Final_Year_Project/Deepfake_Dissertation/dataset/standardized/kannada/fake/kn_fake_000056.wav,1,0.57,1,0.996541440486908,1
D:/Final_Year_Project/Deepfake_Dissertation/dataset/standardized/kannada/fake/kn_fake_000057.wav,1,0.56,1,0.998920202255249,1
D:/Final_Year_Project/Deepfake_Dissertation/dataset/standardized/kannada/fake/kn_fake_000058.wav,1,0.5366666666666666,1,0.9949759244918824,1
D:/Final_Year_Project/Deepfake_Dissertation/dataset/standardized/kannada/fake/kn_fake_000059.wav,1,0.53,1,0.9876068234443665,1
D:/Final_Year_Project/Deepfake_Dissertation/dataset/standardized/kannada/fake/kn_fake_000060.wav,1,0.49,0,0.9992365837097168,1
D:/Final_Year_Project/Deepfake_Dissertation/dataset/standardized/kannada/fake/kn_fake_000061.wav,1,0.4766666666666667,0,0.944226861000061,1
D:/Final_Year_Project/Deepfake_Dissertation/dataset/standardized/kannada/fake/kn_fake_000062.wav,1,0.4833333333333333,0,0.9690505266189576,1
D:/Final_Year_Project/Deepfake_Dissertation/dataset/standardized/kannada/fake/kn_fake_000063.wav,1,0.5333333333333333,1,0.9924539923667908,1
D:/Final_Year_Project/Deepfake_Dissertation/dataset/standardized/kannada/fake/kn_fake_000064.wav,1,0.58,1,0.9996541738510132,1
D:/Final_Year_Project/Deepfake_Dissertation/dataset/standardized/kannada/fake/kn_fake_000065.wav,1,0.5533333333333333,1,0.999398946762085,1
D:/Final_Year_Project/Deepfake_Dissertation/dataset/standardized/kannada/fake/kn_fake_000066.wav,1,0.5533333333333333,1,0.9820224046707152,1
D:/Final_Year_Project/Deepfake_Dissertation/dataset/standardized/kannada/fake/kn_fake_000067.wav,1,0.5433333333333333,1,0.9871454238891602,1
D:/Final_Year_Project/Deepfake_Dissertation/dataset/standardized/kannada/fake/kn_fake_000068.wav,1,0.55,1,0.9896133542060852,1
D:/Final_Year_Project/Deepfake_Dissertation/dataset/standardized/kannada/fake/kn_fake_000069.wav,1,0.5766666666666667,1,0.9996535778045654,1
D:/Final_Year_Project/Deepfake_Dissertation/dataset/standardized/kannada/fake/kn_fake_000070.wav,1,0.5766666666666667,1,0.998845100402832,1
D:/Final_Year_Project/Deepfake_Dissertation/dataset/standardized/kannada/fake/kn_fake_000071.wav,1,0.5466666666666666,1,0.99482524394989,1
D:/Final_Year_Project/Deepfake_Dissertation/dataset/standardized/kannada/fake/kn_fake_000072.wav,1,0.5566666666666666,1,0.9908692836761476,1
D:/Final_Year_Project/Deepfake_Dissertation/dataset/standardized/kannada/fake/kn_fake_000073.wav,1,0.5366666666666666,1,0.9992916584014891,1
D:/Final_Year_Project/Deepfake_Dissertation/dataset/standardized/kannada/fake/kn_fake_000074.wav,1,0.57,1,0.994612455368042,1
D:/Final_Year_Project/Deepfake_Dissertation/dataset/standardized/kannada/fake/kn_fake_000075.wav,1,0.55,1,0.999392867088318,1
D:/Final_Year_Project/Deepfake_Dissertation/dataset/standardized/kannada/fake/kn_fake_000076.wav,1,0.5566666666666666,1,0.9998536109924316,1
D:/Final_Year_Project/Deepfake_Dissertation/dataset/standardized/kannada/fake/kn_fake_000077.wav,1,0.56,1,0.990623414516449,1
D:/Final_Year_Project/Deepfake_Dissertation/dataset/standardized/kannada/fake/kn_fake_000078.wav,1,0.5866666666666667,1,0.9997039437294006,1
D:/Final_Year_Project/Deepfake_Dissertation/dataset/standardized/kannada/fake/kn_fake_000079.wav,1,0.5533333333333333,1,0.9968926906585692,1
D:/Final_Year_Project/Deepfake_Dissertation/dataset/standardized/kannada/fake/kn_fake_000080.wav,1,0.57,1,0.9887710213661194,1
D:/Final_Year_Project/Deepfake_Dissertation/dataset/standardized/kannada/fake/kn_fake_000081.wav,1,0.55,1,0.9978417158126832,1
D:/Final_Year_Project/Deepfake_Dissertation/dataset/standardized/kannada/fake/kn_fake_000082.wav,1,0.56,1,0.9976315498352052,1
D:/Final_Year_Project/Deepfake_Dissertation/dataset/standardized/kannada/fake/kn_fake_000083.wav,1,0.98,1,0.9998552799224854,1
D:/Final_Year_Project/Deepfake_Dissertation/dataset/standardized/kannada/fake/kn_fake_000084.wav,1,0.5266666666666666,1,0.9951695799827576,1
D:/Final_Year_Project/Deepfake_Dissertation/dataset/standardized/kannada/fake/kn_fake_000085.wav,1,0.57,1,0.999827206134796,1
D:/Final_Year_Project/Deepfake_Dissertation/dataset/standardized/kannada/fake/kn_fake_000086.wav,1,0.5233333333333333,1,0.998076319694519,1
D:/Final_Year_Project/Deepfake_Dissertation/dataset/standardized/kannada/fake/kn_fake_000087.wav,1,0.56,1,0.999864101409912,1
D:/Final_Year_Project/Deepfake_Dissertation/dataset/standardized/kannada/fake/kn_fake_000088.wav,1,0.6066666666666667,1,0.9961808919906616,1
D:/Final_Year_Project/Deepfake_Dissertation/dataset/standardized/kannada/fake/kn_fake_000089.wav,1,0.51,1,0.9991376399993896,1
D:/Final_Year_Project/Deepfake_Dissertation/dataset/standardized/kannada/fake/kn_fake_000090.wav,1,0.5433333333333333,1,0.9977732300758362,1
D:/Final_Year_Project/Deepfake_Dissertation/dataset/standardized/kannada/fake/kn_fake_000091.wav,1,0.5666666666666667,1,0.9870392680168152,1
D:/Final_Year_Project/Deepfake_Dissertation/dataset/standardized/kannada/fake/kn_fake_000092.wav,1,0.5566666666666666,1,0.9998743534088136,1
D:/Final_Year_Project/Deepfake_Dissertation/dataset/standardized/kannada/fake/kn_fake_000093.wav,1,0.5533333333333333,1,0.997744917869568,1
D:/Final_Year_Project/Deepfake_Dissertation/dataset/standardized/kannada/fake/kn_fake_000094.wav,1,0.5466666666666666,1,0.9997047781944276,1
D:/Final_Year_Project/Deepfake_Dissertation/dataset/standardized/kannada/fake/kn_fake_000095.wav,1,0.5566666666666666,1,0.9934606552124025,1
D:/Final_Year_Project/Deepfake_Dissertation/dataset/standardized/kannada/fake/kn_fake_000096.wav,1,0.57,1,0.9997766613960266,1
D:/Final_Year_Project/Deepfake_Dissertation/dataset/standardized/kannada/fake/kn_fake_000097.wav,1,0.5633333333333334,1,0.9988532066345216,1
D:/Final_Year_Project/Deepfake_Dissertation/dataset/standardized/kannada/fake/kn_fake_000098.wav,1,0.56,1,0.9978113770484924,1
D:/Final_Year_Project/Deepfake_Dissertation/dataset/standardized/kannada/fake/kn_fake_000099.wav,1,0.5633333333333334,1,0.9921780228614808,1
D:/Final_Year_Project/Deepfake_Dissertation/dataset/standardized/kannada/fake/kn_fake_000100.wav,1,0.57,1,0.999298095703125,1
D:/Final_Year_Project/Deepfake_Dissertation/dataset/standardized/kannada/fake/kn_fake_000101.wav,1,0.9866666666666668,1,0.9979898929595948,1
D:/Final_Year_Project/Deepfake_Dissertation/dataset/standardized/kannada/fake/kn_fake_000102.wav,1,0.5733333333333334,1,0.99397873878479,1
D:/Final_Year_Project/Deepfake_Dissertation/dataset/standardized/kannada/fake/kn_fake_000103.wav,1,0.9733333333333334,1,0.998641312122345,1
D:/Final_Year_Project/Deepfake_Dissertation/dataset/standardized/kannada/fake/kn_fake_000104.wav,1,0.5666666666666667,1,0.9916449189186096,1
D:/Final_Year_Project/Deepfake_Dissertation/dataset/standardized/kannada/fake/kn_fake_000105.wav,1,0.56,1,0.9965693950653076,1
D:/Final_Year_Project/Deepfake_Dissertation/dataset/standardized/kannada/fake/kn_fake_000106.wav,1,0.5533333333333333,1,0.8904544711112976,1
D:/Final_Year_Project/Deepfake_Dissertation/dataset/standardized/kannada/fake/kn_fake_000107.wav,1,0.5433333333333333,1,0.9980851411819458,1
D:/Final_Year_Project/Deepfake_Dissertation/dataset/standardized/kannada/fake/kn_fake_000108.wav,1,0.5666666666666667,1,0.999226450920105,1
D:/Final_Year_Project/Deepfake_Dissertation/dataset/standardized/kannada/fake/kn_fake_000109.wav,1,0.8866666666666667,1,0.9996052384376526,1
D:/Final_Year_Project/Deepfake_Dissertation/dataset/standardized/kannada/fake/kn_fake_000110.wav,1,0.57,1,0.995949387550354,1
D:/Final_Year_Project/Deepfake_Dissertation/dataset/standardized/kannada/fake/kn_fake_000111.wav,1,0.55,1,0.9876670837402344,1
D:/Final_Year_Project/Deepfake_Dissertation/dataset/standardized/kannada/fake/kn_fake_000112.wav,1,0.5033333333333333,1,0.9940451383590698,1
D:/Final_Year_Project/Deepfake_Dissertation/dataset/standardized/kannada/fake/kn_fake_000113.wav,1,0.62,1,0.709316074848175,1
D:/Final_Year_Project/Deepfake_Dissertation/dataset/standardized/kannada/fake/kn_fake_000114.wav,1,0.5733333333333334,1,0.9991782307624816,1
D:/Final_Year_Project/Deepfake_Dissertation/dataset/standardized/kannada/fake/kn_fake_000115.wav,1,0.5666666666666667,1,0.999698281288147,1
D:/Final_Year_Project/Deepfake_Dissertation/dataset/standardized/kannada/fake/kn_fake_000116.wav,1,0.5533333333333333,1,0.9923720359802246,1
D:/Final_Year_Project/Deepfake_Dissertation/dataset/standardized/kannada/fake/kn_fake_000117.wav,1,0.56,1,0.9976536631584167,1
D:/Final_Year_Project/Deepfake_Dissertation/dataset/standardized/kannada/fake/kn_fake_000118.wav,1,0.5066666666666667,1,0.9518402218818665,1
D:/Final_Year_Project/Deepfake_Dissertation/dataset/standardized/kannada/fake/kn_fake_000119.wav,1,0.5333333333333333,1,0.7888372540473938,1
D:/Final_Year_Project/Deepfake_Dissertation/dataset/standardized/kannada/fake/kn_fake_000120.wav,1,0.5766666666666667,1,0.9972538352012634,1
D:/Final_Year_Project/Deepfake_Dissertation/dataset/standardized/kannada/fake/kn_fake_000121.wav,1,0.5633333333333334,1,0.9995489716529846,1
D:/Final_Year_Project/Deepfake_Dissertation/dataset/standardized/kannada/fake/kn_fake_000122.wav,1,0.56,1,0.9961479902267456,1
D:/Final_Year_Project/Deepfake_Dissertation/dataset/standardized/kannada/fake/kn_fake_000123.wav,1,0.5133333333333333,1,0.9815727472305298,1
D:/Final_Year_Project/Deepfake_Dissertation/dataset/standardized/kannada/fake/kn_fake_000124.wav,1,0.55,1,0.998618483543396,1
D:/Final_Year_Project/Deepfake_Dissertation/dataset/standardized/kannada/fake/kn_fake_000125.wav,1,0.5633333333333334,1,0.9955944418907166,1
D:/Final_Year_Project/Deepfake_Dissertation/dataset/standardized/kannada/fake/kn_fake_000126.wav,1,0.5566666666666666,1,0.99817156791687,1
D:/Final_Year_Project/Deepfake_Dissertation/dataset/standardized/kannada/fake/kn_fake_000127.wav,1,0.6133333333333333,1,0.9447765946388244,1
D:/Final_Year_Project/Deepfake_Dissertation/dataset/standardized/kannada/fake/kn_fake_000128.wav,1,0.5333333333333333,1,0.998636782169342,1
D:/Final_Year_Project/Deepfake_Dissertation/dataset/standardized/kannada/fake/kn_fake_000129.wav,1,0.5633333333333334,1,0.998017430305481,1
D:/Final_Year_Project/Deepfake_Dissertation/dataset/standardized/kannada/fake/kn_fake_000130.wav,1,0.5566666666666666,1,0.9373158812522888,1
D:/Final_Year_Project/Deepfake_Dissertation/dataset/standardized/kannada/fake/kn_fake_000131.wav,1,0.5566666666666666,1,0.9997076392173768,1
D:/Final_Year_Project/Deepfake_Dissertation/dataset/standardized/kannada/fake/kn_fake_000132.wav,1,0.5466666666666666,1,0.9962220191955566,1
D:/Final_Year_Project/Deepfake_Dissertation/dataset/standardized/kannada/fake/kn_fake_000133.wav,1,0.5366666666666666,1,0.9813978672027588,1
D:/Final_Year_Project/Deepfake_Dissertation/dataset/standardized/kannada/fake/kn_fake_000134.wav,1,0.5633333333333334,1,0.9872416257858276,1
D:/Final_Year_Project/Deepfake_Dissertation/dataset/standardized/kannada/fake/kn_fake_000135.wav,1,0.5433333333333333,1,0.9685487151145936,1
D:/Final_Year_Project/Deepfake_Dissertation/dataset/standardized/kannada/fake/kn_fake_000136.wav,1,0.5933333333333334,1,0.9999502897262572,1
D:/Final_Year_Project/Deepfake_Dissertation/dataset/standardized/kannada/fake/kn_fake_000137.wav,1,0.53,1,0.9993059635162354,1
D:/Final_Year_Project/Deepfake_Dissertation/dataset/standardized/kannada/fake/kn_fake_000138.wav,1,0.4633333333333333,0,0.9608445167541504,1
D:/Final_Year_Project/Deepfake_Dissertation/dataset/standardized/kannada/fake/kn_fake_000139.wav,1,0.56,1,0.9998898506164552,1
D:/Final_Year_Project/Deepfake_Dissertation/dataset/standardized/kannada/fake/kn_fake_000140.wav,1,0.5733333333333334,1,0.999601662158966,1
D:/Final_Year_Project/Deepfake_Dissertation/dataset/standardized/kannada/fake/kn_fake_000141.wav,1,0.56,1,0.9991864562034608,1
D:/Final_Year_Project/Deepfake_Dissertation/dataset/standardized/kannada/fake/kn_fake_000142.wav,1,0.5466666666666666,1,0.9990187883377076,1
D:/Final_Year_Project/Deepfake_Dissertation/dataset/standardized/kannada/fake/kn_fake_000143.wav,1,0.54,1,0.9934412240982056,1
D:/Final_Year_Project/Deepfake_Dissertation/dataset/standardized/kannada/fake/kn_fake_000144.wav,1,0.8666666666666667,1,0.9989644289016724,1
D:/Final_Year_Project/Deepfake_Dissertation/dataset/standardized/kannada/fake/kn_fake_000145.wav,1,0.5466666666666666,1,0.9986696243286132,1
D:/Final_Year_Project/Deepfake_Dissertation/dataset/standardized/kannada/fake/kn_fake_000146.wav,1,0.5633333333333334,1,0.9994797110557556,1
D:/Final_Year_Project/Deepfake_Dissertation/dataset/standardized/kannada/fake/kn_fake_000147.wav,1,0.6133333333333333,1,0.9935874938964844,1
D:/Final_Year_Project/Deepfake_Dissertation/dataset/standardized/kannada/fake/kn_fake_000148.wav,1,0.5466666666666666,1,0.9987167119979858,1
D:/Final_Year_Project/Deepfake_Dissertation/dataset/standardized/kannada/fake/kn_fake_000149.wav,1,0.51,1,0.998237133026123,1
D:/Final_Year_Project/Deepfake_Dissertation/dataset/standardized/kannada/fake/kn_fake_000150.wav,1,0.5633333333333334,1,0.9996713399887084,1
D:/Final_Year_Project/Deepfake_Dissertation/dataset/standardized/kannada/fake/kn_fake_000151.wav,1,0.5833333333333334,1,0.999908208847046,1
D:/Final_Year_Project/Deepfake_Dissertation/dataset/standardized/kannada/fake/kn_fake_000152.wav,1,0.5266666666666666,1,0.9957154393196106,1
D:/Final_Year_Project/Deepfake_Dissertation/dataset/standardized/kannada/fake/kn_fake_000153.wav,1,0.9766666666666668,1,0.9994300007820128,1
D:/Final_Year_Project/Deepfake_Dissertation/dataset/standardized/kannada/fake/kn_fake_000154.wav,1,0.5466666666666666,1,0.96989643573761,1
D:/Final_Year_Project/Deepfake_Dissertation/dataset/standardized/kannada/fake/kn_fake_000155.wav,1,0.5466666666666666,1,0.994096040725708,1
D:/Final_Year_Project/Deepfake_Dissertation/dataset/standardized/kannada/fake/kn_fake_000156.wav,1,0.5633333333333334,1,0.9992388486862184,1
D:/Final_Year_Project/Deepfake_Dissertation/dataset/standardized/kannada/fake/kn_fake_000157.wav,1,0.5666666666666667,1,0.999508500099182,1
D:/Final_Year_Project/Deepfake_Dissertation/dataset/standardized/kannada/fake/kn_fake_000158.wav,1,0.8733333333333333,1,0.9991565942764282,1
D:/Final_Year_Project/Deepfake_Dissertation/dataset/standardized/kannada/fake/kn_fake_000159.wav,1,0.55,1,0.9979445338249208,1
D:/Final_Year_Project/Deepfake_Dissertation/dataset/standardized/kannada/fake/kn_fake_000160.wav,1,0.4466666666666666,0,0.992211103439331,1
D:/Final_Year_Project/Deepfake_Dissertation/dataset/standardized/kannada/fake/kn_fake_000161.wav,1,0.56,1,0.9995892643928528,1
D:/Final_Year_Project/Deepfake_Dissertation/dataset/standardized/kannada/fake/kn_fake_000162.wav,1,0.5233333333333333,1,0.9996919631958008,1
D:/Final_Year_Project/Deepfake_Dissertation/dataset/standardized/kannada/fake/kn_fake_000163.wav,1,0.5933333333333334,1,0.9999206066131592,1
D:/Final_Year_Project/Deepfake_Dissertation/dataset/standardized/kannada/fake/kn_fake_000164.wav,1,0.5733333333333334,1,0.9979318380355836,1
D:/Final_Year_Project/Deepfake_Dissertation/dataset/standardized/kannada/fake/kn_fake_000165.wav,1,0.6033333333333334,1,0.9998632669448853,1
D:/Final_Year_Project/Deepfake_Dissertation/dataset/standardized/kannada/fake/kn_fake_000166.wav,1,0.95,1,0.9982362985610962,1
D:/Final_Year_Project/Deepfake_Dissertation/dataset/standardized/kannada/fake/kn_fake_000167.wav,1,0.6266666666666667,1,0.9983966946601868,1
D:/Final_Year_Project/Deepfake_Dissertation/dataset/standardized/kannada/fake/kn_fake_000168.wav,1,0.5533333333333333,1,0.9832220673561096,1
D:/Final_Year_Project/Deepfake_Dissertation/dataset/standardized/kannada/fake/kn_fake_000169.wav,1,0.5466666666666666,1,0.9725672006607056,1
D:/Final_Year_Project/Deepfake_Dissertation/dataset/standardized/kannada/fake/kn_fake_000170.wav,1,0.5533333333333333,1,0.9977521300315856,1
D:/Final_Year_Project/Deepfake_Dissertation/dataset/standardized/kannada/fake/kn_fake_000171.wav,1,0.6433333333333333,1,0.9988700747489928,1
D:/Final_Year_Project/Deepfake_Dissertation/dataset/standardized/kannada/fake/kn_fake_000172.wav,1,0.5333333333333333,1,0.9932594895362854,1
D:/Final_Year_Project/Deepfake_Dissertation/dataset/standardized/kannada/fake/kn_fake_000173.wav,1,0.57,1,0.9820888042449952,1
D:/Final_Year_Project/Deepfake_Dissertation/dataset/standardized/kannada/fake/kn_fake_000174.wav,1,0.5333333333333333,1,0.9786802530288696,1
D:/Final_Year_Project/Deepfake_Dissertation/dataset/standardized/kannada/fake/kn_fake_000175.wav,1,0.56,1,0.9895440340042114,1
D:/Final_Year_Project/Deepfake_Dissertation/dataset/standardized/kannada/fake/kn_fake_000176.wav,1,0.5666666666666667,1,0.996752679347992,1
D:/Final_Year_Project/Deepfake_Dissertation/dataset/standardized/kannada/fake/kn_fake_000177.wav,1,0.56,1,0.9986692667007446,1
D:/Final_Year_Project/Deepfake_Dissertation/dataset/standardized/kannada/fake/kn_fake_000178.wav,1,0.58,1,0.992822766304016,1
D:/Final_Year_Project/Deepfake_Dissertation/dataset/standardized/kannada/fake/kn_fake_000179.wav,1,0.5733333333333334,1,0.9999169111251832,1
D:/Final_Year_Project/Deepfake_Dissertation/dataset/standardized/kannada/fake/kn_fake_000180.wav,1,0.5633333333333334,1,0.9912294149398804,1
D:/Final_Year_Project/Deepfake_Dissertation/dataset/standardized/kannada/fake/kn_fake_000181.wav,1,0.5666666666666667,1,0.9994897842407228,1
D:/Final_Year_Project/Deepfake_Dissertation/dataset/standardized/kannada/fake/kn_fake_000182.wav,1,0.55,1,0.999756634235382,1
D:/Final_Year_Project/Deepfake_Dissertation/dataset/standardized/kannada/fake/kn_fake_000183.wav,1,0.5566666666666666,1,0.997448980808258,1
D:/Final_Year_Project/Deepfake_Dissertation/dataset/standardized/kannada/fake/kn_fake_000184.wav,1,0.5533333333333333,1,0.9781874418258668,1
D:/Final_Year_Project/Deepfake_Dissertation/dataset/standardized/kannada/fake/kn_fake_000185.wav,1,0.5766666666666667,1,0.9963493347167968,1
D:/Final_Year_Project/Deepfake_Dissertation/dataset/standardized/kannada/fake/kn_fake_000186.wav,1,0.57,1,0.9993889331817628,1
D:/Final_Year_Project/Deepfake_Dissertation/dataset/standardized/kannada/fake/kn_fake_000187.wav,1,0.55,1,0.9916456341743468,1
D:/Final_Year_Project/Deepfake_Dissertation/dataset/standardized/kannada/fake/kn_fake_000188.wav,1,0.55,1,0.9997435212135316,1
D:/Final_Year_Project/Deepfake_Dissertation/dataset/standardized/kannada/fake/kn_fake_000189.wav,1,0.5733333333333334,1,0.994326651096344,1
D:/Final_Year_Project/Deepfake_Dissertation/dataset/standardized/kannada/fake/kn_fake_000190.wav,1,0.5633333333333334,1,0.9868423342704772,1
D:/Final_Year_Project/Deepfake_Dissertation/dataset/standardized/kannada/fake/kn_fake_000191.wav,1,0.5566666666666666,1,0.9997367262840272,1
D:/Final_Year_Project/Deepfake_Dissertation/dataset/standardized/kannada/fake/kn_fake_000192.wav,1,0.5633333333333334,1,0.999305009841919,1
D:/Final_Year_Project/Deepfake_Dissertation/dataset/standardized/kannada/fake/kn_fake_000193.wav,1,0.9733333333333334,1,0.9973825812339784,1
D:/Final_Year_Project/Deepfake_Dissertation/dataset/standardized/kannada/fake/kn_fake_000194.wav,1,0.55,1,0.9978761672973632,1
D:/Final_Year_Project/Deepfake_Dissertation/dataset/standardized/kannada/fake/kn_fake_000195.wav,1,0.5533333333333333,1,0.9990901947021484,1
D:/Final_Year_Project/Deepfake_Dissertation/dataset/standardized/kannada/fake/kn_fake_000196.wav,1,0.5733333333333334,1,0.9993378520011902,1
D:/Final_Year_Project/Deepfake_Dissertation/dataset/standardized/kannada/fake/kn_fake_000197.wav,1,0.53,1,0.998456597328186,1
D:/Final_Year_Project/Deepfake_Dissertation/dataset/standardized/kannada/fake/kn_fake_000198.wav,1,0.55,1,0.9998111128807068,1
D:/Final_Year_Project/Deepfake_Dissertation/dataset/standardized/kannada/fake/kn_fake_000199.wav,1,0.49,0,0.9817873239517212,1
D:/Final_Year_Project/Deepfake_Dissertation/dataset/standardized/kannada/fake/kn_fake_000200.wav,1,0.4966666666666666,0,0.987603485584259,1
D:/Final_Year_Project/Deepfake_Dissertation/dataset/standardized/kannada/fake/kn_fake_000201.wav,1,0.72,1,0.9992695450782776,1
D:/Final_Year_Project/Deepfake_Dissertation/dataset/standardized/kannada/fake/kn_fake_000202.wav,1,0.5466666666666666,1,0.9997945427894592,1
D:/Final_Year_Project/Deepfake_Dissertation/dataset/standardized/kannada/fake/kn_fake_000203.wav,1,0.6366666666666667,1,0.9991705417633056,1
D:/Final_Year_Project/Deepfake_Dissertation/dataset/standardized/kannada/fake/kn_fake_000204.wav,1,0.9733333333333334,1,0.9996696710586548,1
D:/Final_Year_Project/Deepfake_Dissertation/dataset/standardized/kannada/fake/kn_fake_000205.wav,1,0.5233333333333333,1,0.9963185787200928,1
D:/Final_Year_Project/Deepfake_Dissertation/dataset/standardized/kannada/fake/kn_fake_000206.wav,1,0.5933333333333334,1,0.9990930557250975,1
D:/Final_Year_Project/Deepfake_Dissertation/dataset/standardized/kannada/fake/kn_fake_000207.wav,1,0.56,1,0.9981654286384584,1
D:/Final_Year_Project/Deepfake_Dissertation/dataset/standardized/kannada/fake/kn_fake_000208.wav,1,0.5666666666666667,1,0.995653748512268,1
D:/Final_Year_Project/Deepfake_Dissertation/dataset/standardized/kannada/fake/kn_fake_000209.wav,1,0.6233333333333333,1,0.9979887008666992,1
D:/Final_Year_Project/Deepfake_Dissertation/dataset/standardized/kannada/fake/kn_fake_000210.wav,1,0.6266666666666667,1,0.997572124004364,1
D:/Final_Year_Project/Deepfake_Dissertation/dataset/standardized/kannada/fake/kn_fake_000211.wav,1,0.55,1,0.9985154271125792,1
D:/Final_Year_Project/Deepfake_Dissertation/dataset/standardized/kannada/fake/kn_fake_000212.wav,1,0.5333333333333333,1,0.9934839606285096,1
D:/Final_Year_Project/Deepfake_Dissertation/dataset/standardized/kannada/fake/kn_fake_000213.wav,1,0.6333333333333333,1,0.9944031238555908,1
D:/Final_Year_Project/Deepfake_Dissertation/dataset/standardized/kannada/fake/kn_fake_000214.wav,1,0.5566666666666666,1,0.998405396938324,1
D:/Final_Year_Project/Deepfake_Dissertation/dataset/standardized/kannada/fake/kn_fake_000215.wav,1,0.5733333333333334,1,0.9969768524169922,1
D:/Final_Year_Project/Deepfake_Dissertation/dataset/standardized/kannada/fake/kn_fake_000216.wav,1,0.5633333333333334,1,0.9994070529937744,1
D:/Final_Year_Project/Deepfake_Dissertation/dataset/standardized/kannada/fake/kn_fake_000217.wav,1,0.57,1,0.9427806735038756,1
D:/Final_Year_Project/Deepfake_Dissertation/dataset/standardized/kannada/fake/kn_fake_000218.wav,1,0.5566666666666666,1,0.9997348189353944,1
D:/Final_Year_Project/Deepfake_Dissertation/dataset/standardized/kannada/fake/kn_fake_000219.wav,1,0.5566666666666666,1,0.9997565150260924,1
D:/Final_Year_Project/Deepfake_Dissertation/dataset/standardized/kannada/fake/kn_fake_000220.wav,1,0.5766666666666667,1,0.9997822642326356,1
D:/Final_Year_Project/Deepfake_Dissertation/dataset/standardized/kannada/fake/kn_fake_000221.wav,1,0.55,1,0.9954428672790528,1
D:/Final_Year_Project/Deepfake_Dissertation/dataset/standardized/kannada/fake/kn_fake_000222.wav,1,0.5633333333333334,1,0.9866418838500975,1
D:/Final_Year_Project/Deepfake_Dissertation/dataset/standardized/kannada/fake/kn_fake_000223.wav,1,0.5633333333333334,1,0.9860454201698304,1
D:/Final_Year_Project/Deepfake_Dissertation/dataset/standardized/kannada/fake/kn_fake_000224.wav,1,0.5666666666666667,1,0.9947269558906556,1
D:/Final_Year_Project/Deepfake_Dissertation/dataset/standardized/kannada/fake/kn_fake_000225.wav,1,0.5666666666666667,1,0.9873136878013612,1
D:/Final_Year_Project/Deepfake_Dissertation/dataset/standardized/kannada/fake/kn_fake_000226.wav,1,0.57,1,0.99941885471344,1
D:/Final_Year_Project/Deepfake_Dissertation/dataset/standardized/kannada/fake/kn_fake_000227.wav,1,0.6,1,0.9989933371543884,1
D:/Final_Year_Project/Deepfake_Dissertation/dataset/standardized/kannada/fake/kn_fake_000228.wav,1,0.6333333333333333,1,0.9995081424713136,1
D:/Final_Year_Project/Deepfake_Dissertation/dataset/standardized/kannada/fake/kn_fake_000229.wav,1,0.5566666666666666,1,0.9984773993492126,1
D:/Final_Year_Project/Deepfake_Dissertation/dataset/standardized/kannada/fake/kn_fake_000230.wav,1,0.56,1,0.9999297857284546,1
D:/Final_Year_Project/Deepfake_Dissertation/dataset/standardized/kannada/fake/kn_fake_000231.wav,1,0.5466666666666666,1,0.9881200790405272,1
D:/Final_Year_Project/Deepfake_Dissertation/dataset/standardized/kannada/fake/kn_fake_000232.wav,1,0.5666666666666667,1,0.9786143898963928,1
D:/Final_Year_Project/Deepfake_Dissertation/dataset/standardized/kannada/fake/kn_fake_000233.wav,1,0.56,1,0.9974246025085448,1
D:/Final_Year_Project/Deepfake_Dissertation/dataset/standardized/kannada/fake/kn_fake_000234.wav,1,0.5533333333333333,1,0.9939438700675964,1
D:/Final_Year_Project/Deepfake_Dissertation/dataset/standardized/kannada/fake/kn_fake_000235.wav,1,0.53,1,0.9905389547348022,1
D:/Final_Year_Project/Deepfake_Dissertation/dataset/standardized/kannada/fake/kn_fake_000236.wav,1,0.9333333333333332,1,0.9934686422348022,1
D:/Final_Year_Project/Deepfake_Dissertation/dataset/standardized/kannada/fake/kn_fake_000237.wav,1,0.5566666666666666,1,0.9742164015769958,1
D:/Final_Year_Project/Deepfake_Dissertation/dataset/standardized/kannada/fake/kn_fake_000238.wav,1,0.5566666666666666,1,0.9993939399719238,1
D:/Final_Year_Project/Deepfake_Dissertation/dataset/standardized/kannada/fake/kn_fake_000239.wav,1,0.5233333333333333,1,0.981716811656952,1
D:/Final_Year_Project/Deepfake_Dissertation/dataset/standardized/kannada/fake/kn_fake_000240.wav,1,0.5666666666666667,1,0.9998339414596558,1
D:/Final_Year_Project/Deepfake_Dissertation/dataset/standardized/kannada/fake/kn_fake_000241.wav,1,0.5633333333333334,1,0.9993883371353148,1
D:/Final_Year_Project/Deepfake_Dissertation/dataset/standardized/kannada/fake/kn_fake_000242.wav,1,0.54,1,0.9978354573249816,1
D:/Final_Year_Project/Deepfake_Dissertation/dataset/standardized/kannada/fake/kn_fake_000243.wav,1,0.62,1,0.9998447895050048,1
D:/Final_Year_Project/Deepfake_Dissertation/dataset/standardized/kannada/fake/kn_fake_000244.wav,1,0.5766666666666667,1,0.998153269290924,1
D:/Final_Year_Project/Deepfake_Dissertation/dataset/standardized/kannada/fake/kn_fake_000245.wav,1,0.6433333333333333,1,0.9995276927947998,1
D:/Final_Year_Project/Deepfake_Dissertation/dataset/standardized/kannada/fake/kn_fake_000246.wav,1,0.5366666666666666,1,0.9933961033821106,1
D:/Final_Year_Project/Deepfake_Dissertation/dataset/standardized/kannada/fake/kn_fake_000247.wav,1,0.5633333333333334,1,0.9999083280563354,1
D:/Final_Year_Project/Deepfake_Dissertation/dataset/standardized/kannada/fake/kn_fake_000248.wav,1,0.53,1,0.9914896488189696,1
D:/Final_Year_Project/Deepfake_Dissertation/dataset/standardized/kannada/fake/kn_fake_000249.wav,1,0.5566666666666666,1,0.9999405145645142,1
D:/Final_Year_Project/Deepfake_Dissertation/dataset/standardized/kannada/fake/kn_fake_000250.wav,1,0.5433333333333333,1,0.9988008737564088,1
D:/Final_Year_Project/Deepfake_Dissertation/dataset/standardized/kannada/fake/kn_fake_000251.wav,1,0.5433333333333333,1,0.994465172290802,1
D:/Final_Year_Project/Deepfake_Dissertation/dataset/standardized/kannada/fake/kn_fake_000252.wav,1,0.9866666666666668,1,0.9996808767318726,1
D:/Final_Year_Project/Deepfake_Dissertation/dataset/standardized/kannada/fake/kn_fake_000253.wav,1,0.9766666666666668,1,0.9939789772033693,1
D:/Final_Year_Project/Deepfake_Dissertation/dataset/standardized/kannada/fake/kn_fake_000254.wav,1,0.5566666666666666,1,0.9994751811027528,1
D:/Final_Year_Project/Deepfake_Dissertation/dataset/standardized/kannada/fake/kn_fake_000255.wav,1,0.5466666666666666,1,0.9995562434196472,1
D:/Final_Year_Project/Deepfake_Dissertation/dataset/standardized/kannada/fake/kn_fake_000256.wav,1,0.6166666666666667,1,0.9918312430381776,1
D:/Final_Year_Project/Deepfake_Dissertation/dataset/standardized/kannada/fake/kn_fake_000257.wav,1,0.55,1,0.9791836738586426,1
D:/Final_Year_Project/Deepfake_Dissertation/dataset/standardized/kannada/fake/kn_fake_000258.wav,1,0.5233333333333333,1,0.999813973903656,1
D:/Final_Year_Project/Deepfake_Dissertation/dataset/standardized/kannada/fake/kn_fake_000259.wav,1,0.5633333333333334,1,0.9892955422401428,1
D:/Final_Year_Project/Deepfake_Dissertation/dataset/standardized/kannada/fake/kn_fake_000260.wav,1,0.5533333333333333,1,0.9972912669181824,1
D:/Final_Year_Project/Deepfake_Dissertation/dataset/standardized/kannada/fake/kn_fake_000261.wav,1,0.5433333333333333,1,0.996590495109558,1
D:/Final_Year_Project/Deepfake_Dissertation/dataset/standardized/kannada/fake/kn_fake_000262.wav,1,0.56,1,0.9993029832839966,1
D:/Final_Year_Project/Deepfake_Dissertation/dataset/standardized/kannada/fake/kn_fake_000263.wav,1,0.5666666666666667,1,0.9997687935829164,1
D:/Final_Year_Project/Deepfake_Dissertation/dataset/standardized/kannada/fake/kn_fake_000264.wav,1,0.5666666666666667,1,0.9987061023712158,1
D:/Final_Year_Project/Deepfake_Dissertation/dataset/standardized/kannada/fake/kn_fake_000265.wav,1,0.5166666666666667,1,0.9987757802009584,1
D:/Final_Year_Project/Deepfake_Dissertation/dataset/standardized/kannada/fake/kn_fake_000266.wav,1,0.5833333333333334,1,0.9960748553276062,1
D:/Final_Year_Project/Deepfake_Dissertation/dataset/standardized/kannada/fake/kn_fake_000267.wav,1,0.5133333333333333,1,0.9846603274345398,1
D:/Final_Year_Project/Deepfake_Dissertation/dataset/standardized/kannada/fake/kn_fake_000268.wav,1,0.5733333333333334,1,0.9993348717689514,1
D:/Final_Year_Project/Deepfake_Dissertation/dataset/standardized/kannada/fake/kn_fake_000269.wav,1,0.6333333333333333,1,0.9987314343452454,1
D:/Final_Year_Project/Deepfake_Dissertation/dataset/standardized/kannada/fake/kn_fake_000270.wav,1,0.5933333333333334,1,0.998192012310028,1
D:/Final_Year_Project/Deepfake_Dissertation/dataset/standardized/kannada/fake/kn_fake_000271.wav,1,0.56,1,0.9999772310256958,1
D:/Final_Year_Project/Deepfake_Dissertation/dataset/standardized/kannada/fake/kn_fake_000272.wav,1,0.6466666666666666,1,0.9965463280677797,1
D:/Final_Year_Project/Deepfake_Dissertation/dataset/standardized/kannada/fake/kn_fake_000273.wav,1,0.5533333333333333,1,0.9851573705673218,1
D:/Final_Year_Project/Deepfake_Dissertation/dataset/standardized/kannada/fake/kn_fake_000274.wav,1,0.5666666666666667,1,0.9907066226005554,1
D:/Final_Year_Project/Deepfake_Dissertation/dataset/standardized/kannada/fake/kn_fake_000275.wav,1,0.8233333333333334,1,0.999637246131897,1
D:/Final_Year_Project/Deepfake_Dissertation/dataset/standardized/kannada/fake/kn_fake_000276.wav,1,0.52,1,0.9797741770744324,1
D:/Final_Year_Project/Deepfake_Dissertation/dataset/standardized/kannada/fake/kn_fake_000277.wav,1,0.5733333333333334,1,0.998566210269928,1
D:/Final_Year_Project/Deepfake_Dissertation/dataset/standardized/kannada/fake/kn_fake_000278.wav,1,0.55,1,0.9898176789283752,1
D:/Final_Year_Project/Deepfake_Dissertation/dataset/standardized/kannada/fake/kn_fake_000279.wav,1,0.5633333333333334,1,0.9963750243186952,1
D:/Final_Year_Project/Deepfake_Dissertation/dataset/standardized/kannada/fake/kn_fake_000280.wav,1,0.53,1,0.9976308345794678,1
D:/Final_Year_Project/Deepfake_Dissertation/dataset/standardized/kannada/fake/kn_fake_000281.wav,1,0.57,1,0.9995502829551696,1
D:/Final_Year_Project/Deepfake_Dissertation/dataset/standardized/kannada/fake/kn_fake_000282.wav,1,0.5766666666666667,1,0.981858491897583,1
D:/Final_Year_Project/Deepfake_Dissertation/dataset/standardized/kannada/fake/kn_fake_000283.wav,1,0.55,1,0.9046227335929872,1
D:/Final_Year_Project/Deepfake_Dissertation/dataset/standardized/kannada/fake/kn_fake_000284.wav,1,0.56,1,0.998353123664856,1
D:/Final_Year_Project/Deepfake_Dissertation/dataset/standardized/kannada/fake/kn_fake_000285.wav,1,0.56,1,0.9822112917900084,1
D:/Final_Year_Project/Deepfake_Dissertation/dataset/standardized/kannada/fake/kn_fake_000286.wav,1,0.5333333333333333,1,0.9972199201583862,1
D:/Final_Year_Project/Deepfake_Dissertation/dataset/standardized/kannada/fake/kn_fake_000287.wav,1,0.4666666666666667,0,0.9978891015052797,1
D:/Final_Year_Project/Deepfake_Dissertation/dataset/standardized/kannada/fake/kn_fake_000288.wav,1,0.4733333333333333,0,0.671695351600647,1
D:/Final_Year_Project/Deepfake_Dissertation/dataset/standardized/kannada/fake/kn_fake_000289.wav,1,0.5433333333333333,1,0.9898030757904052,1
D:/Final_Year_Project/Deepfake_Dissertation/dataset/standardized/kannada/fake/kn_fake_000290.wav,1,0.5866666666666667,1,0.9996086955070496,1
D:/Final_Year_Project/Deepfake_Dissertation/dataset/standardized/kannada/fake/kn_fake_000291.wav,1,0.57,1,0.9748361110687256,1
D:/Final_Year_Project/Deepfake_Dissertation/dataset/standardized/kannada/fake/kn_fake_000292.wav,1,0.56,1,0.9957031607627868,1
D:/Final_Year_Project/Deepfake_Dissertation/dataset/standardized/kannada/fake/kn_fake_000293.wav,1,0.55,1,0.8687320947647095,1
D:/Final_Year_Project/Deepfake_Dissertation/dataset/standardized/kannada/fake/kn_fake_000294.wav,1,0.5,0,0.9333730340003968,1
D:/Final_Year_Project/Deepfake_Dissertation/dataset/standardized/kannada/fake/kn_fake_000295.wav,1,0.57,1,0.9993721842765808,1
D:/Final_Year_Project/Deepfake_Dissertation/dataset/standardized/kannada/fake/kn_fake_000296.wav,1,0.4666666666666667,0,0.9116256833076476,1
D:/Final_Year_Project/Deepfake_Dissertation/dataset/standardized/kannada/fake/kn_fake_000297.wav,1,0.5433333333333333,1,0.9872531294822692,1
D:/Final_Year_Project/Deepfake_Dissertation/dataset/standardized/kannada/fake/kn_fake_000298.wav,1,0.5866666666666667,1,0.9999376535415648,1
D:/Final_Year_Project/Deepfake_Dissertation/dataset/standardized/kannada/fake/kn_fake_000299.wav,1,0.8166666666666667,1,0.9995096921920776,1
D:/Final_Year_Project/Deepfake_Dissertation/dataset/standardized/kannada/fake/kn_fake_000300.wav,1,0.54,1,0.9958957433700562,1
D:/Final_Year_Project/Deepfake_Dissertation/dataset/standardized/kannada/fake/kn_fake_000301.wav,1,0.8266666666666667,1,0.8782649636268616,1
D:/Final_Year_Project/Deepfake_Dissertation/dataset/standardized/kannada/fake/kn_fake_000302.wav,1,0.5266666666666666,1,0.9997187256813048,1
D:/Final_Year_Project/Deepfake_Dissertation/dataset/standardized/kannada/fake/kn_fake_000303.wav,1,0.5466666666666666,1,0.9786391258239746,1
D:/Final_Year_Project/Deepfake_Dissertation/dataset/standardized/kannada/fake/kn_fake_000304.wav,1,0.55,1,0.997072696685791,1
D:/Final_Year_Project/Deepfake_Dissertation/dataset/standardized/kannada/fake/kn_fake_000305.wav,1,0.5466666666666666,1,0.9988455772399902,1
D:/Final_Year_Project/Deepfake_Dissertation/dataset/standardized/kannada/fake/kn_fake_000306.wav,1,0.4866666666666667,0,0.9748470783233644,1
D:/Final_Year_Project/Deepfake_Dissertation/dataset/standardized/kannada/fake/kn_fake_000307.wav,1,0.5566666666666666,1,0.9985051155090332,1
D:/Final_Year_Project/Deepfake_Dissertation/dataset/standardized/kannada/fake/kn_fake_000308.wav,1,0.5533333333333333,1,0.9980254173278807,1
D:/Final_Year_Project/Deepfake_Dissertation/dataset/standardized/kannada/fake/kn_fake_000309.wav,1,0.5533333333333333,1,0.9965881109237672,1
D:/Final_Year_Project/Deepfake_Dissertation/dataset/standardized/kannada/fake/kn_fake_000310.wav,1,0.5233333333333333,1,0.9998775720596312,1
D:/Final_Year_Project/Deepfake_Dissertation/dataset/standardized/kannada/fake/kn_fake_000311.wav,1,0.5666666666666667,1,0.9992706179618835,1
D:/Final_Year_Project/Deepfake_Dissertation/dataset/standardized/kannada/fake/kn_fake_000312.wav,1,0.55,1,0.9981221556663512,1
D:/Final_Year_Project/Deepfake_Dissertation/dataset/standardized/kannada/fake/kn_fake_000313.wav,1,0.5333333333333333,1,0.9991865754127502,1
D:/Final_Year_Project/Deepfake_Dissertation/dataset/standardized/kannada/fake/kn_fake_000314.wav,1,0.5533333333333333,1,0.9896161556243896,1
D:/Final_Year_Project/Deepfake_Dissertation/dataset/standardized/kannada/fake/kn_fake_000315.wav,1,0.5766666666666667,1,0.9995018243789672,1
D:/Final_Year_Project/Deepfake_Dissertation/dataset/standardized/kannada/fake/kn_fake_000316.wav,1,0.5366666666666666,1,0.9937357902526855,1
D:/Final_Year_Project/Deepfake_Dissertation/dataset/standardized/kannada/fake/kn_fake_000317.wav,1,0.5433333333333333,1,0.9891420602798462,1
D:/Final_Year_Project/Deepfake_Dissertation/dataset/standardized/kannada/fake/kn_fake_000318.wav,1,0.5533333333333333,1,0.9987937211990356,1
D:/Final_Year_Project/Deepfake_Dissertation/dataset/standardized/kannada/fake/kn_fake_000319.wav,1,0.5666666666666667,1,0.999940037727356,1
D:/Final_Year_Project/Deepfake_Dissertation/dataset/standardized/kannada/fake/kn_fake_000320.wav,1,0.54,1,0.9938218593597412,1
D:/Final_Year_Project/Deepfake_Dissertation/dataset/standardized/kannada/fake/kn_fake_000321.wav,1,0.5533333333333333,1,0.9993762373924256,1
D:/Final_Year_Project/Deepfake_Dissertation/dataset/standardized/kannada/fake/kn_fake_000322.wav,1,0.59,1,0.9990000128746032,1
D:/Final_Year_Project/Deepfake_Dissertation/dataset/standardized/kannada/fake/kn_fake_000323.wav,1,0.5633333333333334,1,0.8116174936294556,1
D:/Final_Year_Project/Deepfake_Dissertation/dataset/standardized/kannada/fake/kn_fake_000324.wav,1,0.5533333333333333,1,0.9991098046302797,1
D:/Final_Year_Project/Deepfake_Dissertation/dataset/standardized/kannada/fake/kn_fake_000325.wav,1,0.64,1,0.999789535999298,1
D:/Final_Year_Project/Deepfake_Dissertation/dataset/standardized/kannada/fake/kn_fake_000326.wav,1,0.6333333333333333,1,0.9956359267234802,1
D:/Final_Year_Project/Deepfake_Dissertation/dataset/standardized/kannada/fake/kn_fake_000327.wav,1,0.57,1,0.9997153878211976,1
D:/Final_Year_Project/Deepfake_Dissertation/dataset/standardized/kannada/fake/kn_fake_000328.wav,1,0.5533333333333333,1,0.9935321807861328,1
D:/Final_Year_Project/Deepfake_Dissertation/dataset/standardized/kannada/fake/kn_fake_000329.wav,1,0.6533333333333333,1,0.9996349811553956,1
D:/Final_Year_Project/Deepfake_Dissertation/dataset/standardized/kannada/fake/kn_fake_000330.wav,1,0.5233333333333333,1,0.9981841444969176,1
D:/Final_Year_Project/Deepfake_Dissertation/dataset/standardized/kannada/fake/kn_fake_000331.wav,1,0.6066666666666667,1,0.9973824620246888,1
D:/Final_Year_Project/Deepfake_Dissertation/dataset/standardized/kannada/fake/kn_fake_000332.wav,1,0.5533333333333333,1,0.9976518750190736,1
D:/Final_Year_Project/Deepfake_Dissertation/dataset/standardized/kannada/fake/kn_fake_000333.wav,1,0.5466666666666666,1,0.9996009469032288,1
D:/Final_Year_Project/Deepfake_Dissertation/dataset/standardized/kannada/fake/kn_fake_000334.wav,1,0.5366666666666666,1,0.9990666508674622,1
D:/Final_Year_Project/Deepfake_Dissertation/dataset/standardized/kannada/fake/kn_fake_000335.wav,1,0.64,1,0.9635530710220336,1
D:/Final_Year_Project/Deepfake_Dissertation/dataset/standardized/kannada/fake/kn_fake_000336.wav,1,0.5333333333333333,1,0.9586553573608398,1
D:/Final_Year_Project/Deepfake_Dissertation/dataset/standardized/kannada/fake/kn_fake_000337.wav,1,0.5066666666666667,1,0.9988086223602296,1
D:/Final_Year_Project/Deepfake_Dissertation/dataset/standardized/kannada/fake/kn_fake_000338.wav,1,0.5166666666666667,1,0.9979549646377563,1
D:/Final_Year_Project/Deepfake_Dissertation/dataset/standardized/kannada/fake/kn_fake_000339.wav,1,0.5833333333333334,1,0.998433530330658,1
D:/Final_Year_Project/Deepfake_Dissertation/dataset/standardized/kannada/fake/kn_fake_000340.wav,1,0.63,1,0.9980071187019348,1
D:/Final_Year_Project/Deepfake_Dissertation/dataset/standardized/kannada/fake/kn_fake_000341.wav,1,0.5633333333333334,1,0.996253490447998,1
D:/Final_Year_Project/Deepfake_Dissertation/dataset/standardized/kannada/fake/kn_fake_000342.wav,1,0.5433333333333333,1,0.9353673458099364,1
D:/Final_Year_Project/Deepfake_Dissertation/dataset/standardized/kannada/fake/kn_fake_000343.wav,1,0.57,1,0.9992458820343018,1
D:/Final_Year_Project/Deepfake_Dissertation/dataset/standardized/kannada/fake/kn_fake_000344.wav,1,0.53,1,0.9961563944816588,1
D:/Final_Year_Project/Deepfake_Dissertation/dataset/standardized/kannada/fake/kn_fake_000345.wav,1,0.5,0,0.987832009792328,1
D:/Final_Year_Project/Deepfake_Dissertation/dataset/standardized/kannada/fake/kn_fake_000346.wav,1,0.5433333333333333,1,0.997477114200592,1
D:/Final_Year_Project/Deepfake_Dissertation/dataset/standardized/kannada/fake/kn_fake_000347.wav,1,0.4966666666666666,0,0.8872860074043274,1
D:/Final_Year_Project/Deepfake_Dissertation/dataset/standardized/kannada/fake/kn_fake_000348.wav,1,0.4666666666666667,0,0.9963780045509338,1
D:/Final_Year_Project/Deepfake_Dissertation/dataset/standardized/kannada/fake/kn_fake_000349.wav,1,0.5533333333333333,1,0.99970144033432,1
D:/Final_Year_Project/Deepfake_Dissertation/dataset/standardized/kannada/fake/kn_fake_000350.wav,1,0.5233333333333333,1,0.9985357522964478,1
D:/Final_Year_Project/Deepfake_Dissertation/dataset/standardized/kannada/fake/kn_fake_000351.wav,1,0.53,1,0.9954705238342284,1
D:/Final_Year_Project/Deepfake_Dissertation/dataset/standardized/kannada/fake/kn_fake_000352.wav,1,0.5333333333333333,1,0.9997158646583556,1
D:/Final_Year_Project/Deepfake_Dissertation/dataset/standardized/kannada/fake/kn_fake_000353.wav,1,0.55,1,0.9995902180671692,1
D:/Final_Year_Project/Deepfake_Dissertation/dataset/standardized/kannada/fake/kn_fake_000354.wav,1,0.5633333333333334,1,0.9998780488967896,1
D:/Final_Year_Project/Deepfake_Dissertation/dataset/standardized/kannada/fake/kn_fake_000355.wav,1,0.57,1,0.9835336804389954,1
D:/Final_Year_Project/Deepfake_Dissertation/dataset/standardized/kannada/fake/kn_fake_000356.wav,1,0.5566666666666666,1,0.9991984963417052,1
D:/Final_Year_Project/Deepfake_Dissertation/dataset/standardized/kannada/fake/kn_fake_000357.wav,1,0.5066666666666667,1,0.993950366973877,1
D:/Final_Year_Project/Deepfake_Dissertation/dataset/standardized/kannada/fake/kn_fake_000358.wav,1,0.6166666666666667,1,0.9943261742591858,1
D:/Final_Year_Project/Deepfake_Dissertation/dataset/standardized/kannada/fake/kn_fake_000359.wav,1,0.5766666666666667,1,0.998529314994812,1
D:/Final_Year_Project/Deepfake_Dissertation/dataset/standardized/kannada/fake/kn_fake_000360.wav,1,0.56,1,0.998680293560028,1
D:/Final_Year_Project/Deepfake_Dissertation/dataset/standardized/kannada/fake/kn_fake_000361.wav,1,0.5566666666666666,1,0.9938503503799438,1
D:/Final_Year_Project/Deepfake_Dissertation/dataset/standardized/kannada/fake/kn_fake_000362.wav,1,0.56,1,0.996948540210724,1
D:/Final_Year_Project/Deepfake_Dissertation/dataset/standardized/kannada/fake/kn_fake_000363.wav,1,0.6266666666666667,1,0.9875478744506836,1
D:/Final_Year_Project/Deepfake_Dissertation/dataset/standardized/kannada/fake/kn_fake_000364.wav,1,0.5633333333333334,1,0.9987133741378784,1
D:/Final_Year_Project/Deepfake_Dissertation/dataset/standardized/kannada/fake/kn_fake_000365.wav,1,0.5566666666666666,1,0.8925585746765137,1
D:/Final_Year_Project/Deepfake_Dissertation/dataset/standardized/kannada/fake/kn_fake_000366.wav,1,0.52,1,0.9575017690658568,1
D:/Final_Year_Project/Deepfake_Dissertation/dataset/standardized/kannada/fake/kn_fake_000367.wav,1,0.5666666666666667,1,0.9982518553733826,1
D:/Final_Year_Project/Deepfake_Dissertation/dataset/standardized/kannada/fake/kn_fake_000368.wav,1,0.57,1,0.9974544644355774,1
D:/Final_Year_Project/Deepfake_Dissertation/dataset/standardized/kannada/fake/kn_fake_000369.wav,1,0.5733333333333334,1,0.9997164607048036,1
D:/Final_Year_Project/Deepfake_Dissertation/dataset/standardized/kannada/fake/kn_fake_000370.wav,1,0.5766666666666667,1,0.9996060729026794,1
D:/Final_Year_Project/Deepfake_Dissertation/dataset/standardized/kannada/fake/kn_fake_000371.wav,1,0.58,1,0.9994497895240784,1
D:/Final_Year_Project/Deepfake_Dissertation/dataset/standardized/kannada/fake/kn_fake_000372.wav,1,0.5733333333333334,1,0.9992353916168212,1
D:/Final_Year_Project/Deepfake_Dissertation/dataset/standardized/kannada/fake/kn_fake_000373.wav,1,0.9633333333333334,1,0.9964710474014282,1
D:/Final_Year_Project/Deepfake_Dissertation/dataset/standardized/kannada/fake/kn_fake_000374.wav,1,0.58,1,0.999212384223938,1
D:/Final_Year_Project/Deepfake_Dissertation/dataset/standardized/kannada/fake/kn_fake_000375.wav,1,0.5533333333333333,1,0.9139950275421144,1
D:/Final_Year_Project/Deepfake_Dissertation/dataset/standardized/kannada/fake/kn_fake_000376.wav,1,0.9833333333333332,1,0.9994845390319824,1
D:/Final_Year_Project/Deepfake_Dissertation/dataset/standardized/kannada/fake/kn_fake_000377.wav,1,0.5966666666666667,1,0.9996612071990968,1
D:/Final_Year_Project/Deepfake_Dissertation/dataset/standardized/kannada/fake/kn_fake_000378.wav,1,0.62,1,0.9944792985916138,1
D:/Final_Year_Project/Deepfake_Dissertation/dataset/standardized/kannada/fake/kn_fake_000379.wav,1,0.5566666666666666,1,0.9988351464271544,1
D:/Final_Year_Project/Deepfake_Dissertation/dataset/standardized/kannada/fake/kn_fake_000380.wav,1,0.57,1,0.9986457228660583,1
D:/Final_Year_Project/Deepfake_Dissertation/dataset/standardized/kannada/fake/kn_fake_000381.wav,1,0.5433333333333333,1,0.9994639754295348,1
D:/Final_Year_Project/Deepfake_Dissertation/dataset/standardized/kannada/fake/kn_fake_000382.wav,1,0.5666666666666667,1,0.9966589212417604,1
D:/Final_Year_Project/Deepfake_Dissertation/dataset/standardized/kannada/fake/kn_fake_000383.wav,1,0.6,1,0.9981544613838196,1
D:/Final_Year_Project/Deepfake_Dissertation/dataset/standardized/kannada/fake/kn_fake_000384.wav,1,0.5466666666666666,1,0.9991363883018494,1
D:/Final_Year_Project/Deepfake_Dissertation/dataset/standardized/kannada/fake/kn_fake_000385.wav,1,0.5466666666666666,1,0.99583637714386,1
D:/Final_Year_Project/Deepfake_Dissertation/dataset/standardized/kannada/fake/kn_fake_000386.wav,1,0.55,1,0.9949939846992492,1
D:/Final_Year_Project/Deepfake_Dissertation/dataset/standardized/kannada/fake/kn_fake_000387.wav,1,0.6133333333333333,1,0.999525547027588,1
D:/Final_Year_Project/Deepfake_Dissertation/dataset/standardized/kannada/fake/kn_fake_000388.wav,1,0.5533333333333333,1,0.997311234474182,1
D:/Final_Year_Project/Deepfake_Dissertation/dataset/standardized/kannada/fake/kn_fake_000389.wav,1,0.4966666666666666,0,0.99558687210083,1
D:/Final_Year_Project/Deepfake_Dissertation/dataset/standardized/kannada/fake/kn_fake_000390.wav,1,0.52,1,0.9975505471229552,1
D:/Final_Year_Project/Deepfake_Dissertation/dataset/standardized/kannada/fake/kn_fake_000391.wav,1,0.5666666666666667,1,0.992168128490448,1
D:/Final_Year_Project/Deepfake_Dissertation/dataset/standardized/kannada/fake/kn_fake_000392.wav,1,0.58,1,0.913782238960266,1
D:/Final_Year_Project/Deepfake_Dissertation/dataset/standardized/kannada/fake/kn_fake_000393.wav,1,0.5666666666666667,1,0.9983808994293212,1
D:/Final_Year_Project/Deepfake_Dissertation/dataset/standardized/kannada/fake/kn_fake_000394.wav,1,0.5466666666666666,1,0.9920479655265808,1
D:/Final_Year_Project/Deepfake_Dissertation/dataset/standardized/kannada/fake/kn_fake_000395.wav,1,0.53,1,0.9562795162200928,1
D:/Final_Year_Project/Deepfake_Dissertation/dataset/standardized/kannada/fake/kn_fake_000396.wav,1,0.5266666666666666,1,0.9825714230537416,1
D:/Final_Year_Project/Deepfake_Dissertation/dataset/standardized/kannada/fake/kn_fake_000397.wav,1,0.5533333333333333,1,0.999894380569458,1
D:/Final_Year_Project/Deepfake_Dissertation/dataset/standardized/kannada/fake/kn_fake_000398.wav,1,0.54,1,0.9995716214179992,1
D:/Final_Year_Project/Deepfake_Dissertation/dataset/standardized/kannada/fake/kn_fake_000399.wav,1,0.4733333333333333,0,0.9825619459152222,1
D:/Final_Year_Project/Deepfake_Dissertation/dataset/standardized/kannada/fake/kn_fake_000400.wav,1,0.54,1,0.9658742547035216,1
D:/Final_Year_Project/Deepfake_Dissertation/dataset/standardized/kannada/fake/kn_fake_000401.wav,1,0.5066666666666667,1,0.9982210993766784,1
D:/Final_Year_Project/Deepfake_Dissertation/dataset/standardized/kannada/fake/kn_fake_000402.wav,1,0.5566666666666666,1,0.9973987340927124,1
D:/Final_Year_Project/Deepfake_Dissertation/dataset/standardized/kannada/fake/kn_fake_000403.wav,1,0.5766666666666667,1,0.9538064002990724,1
D:/Final_Year_Project/Deepfake_Dissertation/dataset/standardized/kannada/fake/kn_fake_000404.wav,1,0.5566666666666666,1,0.998884379863739,1
D:/Final_Year_Project/Deepfake_Dissertation/dataset/standardized/kannada/fake/kn_fake_000405.wav,1,0.5466666666666666,1,0.3806797564029693,0
D:/Final_Year_Project/Deepfake_Dissertation/dataset/standardized/kannada/fake/kn_fake_000406.wav,1,0.5566666666666666,1,0.9993723034858704,1
D:/Final_Year_Project/Deepfake_Dissertation/dataset/standardized/kannada/fake/kn_fake_000407.wav,1,0.57,1,0.998793125152588,1
D:/Final_Year_Project/Deepfake_Dissertation/dataset/standardized/kannada/fake/kn_fake_000408.wav,1,0.5533333333333333,1,0.9778708219528198,1
D:/Final_Year_Project/Deepfake_Dissertation/dataset/standardized/kannada/fake/kn_fake_000409.wav,1,0.5233333333333333,1,0.992591381072998,1
D:/Final_Year_Project/Deepfake_Dissertation/dataset/standardized/kannada/fake/kn_fake_000410.wav,1,0.5433333333333333,1,0.9989981055259703,1
D:/Final_Year_Project/Deepfake_Dissertation/dataset/standardized/kannada/fake/kn_fake_000411.wav,1,0.93,1,0.9957471489906312,1
D:/Final_Year_Project/Deepfake_Dissertation/dataset/standardized/kannada/fake/kn_fake_000412.wav,1,0.5666666666666667,1,0.999727189540863,1
D:/Final_Year_Project/Deepfake_Dissertation/dataset/standardized/kannada/fake/kn_fake_000413.wav,1,0.5366666666666666,1,0.9881879687309264,1
D:/Final_Year_Project/Deepfake_Dissertation/dataset/standardized/kannada/fake/kn_fake_000414.wav,1,0.5366666666666666,1,0.9958749413490297,1
D:/Final_Year_Project/Deepfake_Dissertation/dataset/standardized/kannada/fake/kn_fake_000415.wav,1,0.52,1,0.9670668840408324,1
D:/Final_Year_Project/Deepfake_Dissertation/dataset/standardized/kannada/fake/kn_fake_000416.wav,1,0.5833333333333334,1,0.9996157884597778,1
D:/Final_Year_Project/Deepfake_Dissertation/dataset/standardized/kannada/fake/kn_fake_000417.wav,1,0.5466666666666666,1,0.9909406900405884,1
D:/Final_Year_Project/Deepfake_Dissertation/dataset/standardized/kannada/fake/kn_fake_000418.wav,1,0.59,1,0.9986200332641602,1
D:/Final_Year_Project/Deepfake_Dissertation/dataset/standardized/kannada/fake/kn_fake_000419.wav,1,0.56,1,0.9962755441665648,1
D:/Final_Year_Project/Deepfake_Dissertation/dataset/standardized/kannada/fake/kn_fake_000420.wav,1,0.6466666666666666,1,0.9994574189186096,1
D:/Final_Year_Project/Deepfake_Dissertation/dataset/standardized/kannada/fake/kn_fake_000421.wav,1,0.6166666666666667,1,0.9989562034606934,1
D:/Final_Year_Project/Deepfake_Dissertation/dataset/standardized/kannada/fake/kn_fake_000422.wav,1,1.0,1,0.9995926022529602,1
D:/Final_Year_Project/Deepfake_Dissertation/dataset/standardized/kannada/fake/kn_fake_000423.wav,1,0.5933333333333334,1,0.8442309498786926,1
D:/Final_Year_Project/Deepfake_Dissertation/dataset/standardized/kannada/fake/kn_fake_000424.wav,1,0.6,1,0.9646875262260436,1
D:/Final_Year_Project/Deepfake_Dissertation/dataset/standardized/kannada/fake/kn_fake_000425.wav,1,0.9166666666666666,1,0.9987806677818298,1
D:/Final_Year_Project/Deepfake_Dissertation/dataset/standardized/kannada/fake/kn_fake_000426.wav,1,0.55,1,0.9994495511054992,1
D:/Final_Year_Project/Deepfake_Dissertation/dataset/standardized/kannada/fake/kn_fake_000427.wav,1,0.5533333333333333,1,0.9979681372642516,1
D:/Final_Year_Project/Deepfake_Dissertation/dataset/standardized/kannada/fake/kn_fake_000428.wav,1,0.56,1,0.9931402802467346,1
D:/Final_Year_Project/Deepfake_Dissertation/dataset/standardized/kannada/fake/kn_fake_000429.wav,1,0.6366666666666667,1,0.995876133441925,1
D:/Final_Year_Project/Deepfake_Dissertation/dataset/standardized/kannada/fake/kn_fake_000430.wav,1,0.56,1,0.99613755941391,1
D:/Final_Year_Project/Deepfake_Dissertation/dataset/standardized/kannada/fake/kn_fake_000431.wav,1,0.56,1,0.9732872247695924,1
D:/Final_Year_Project/Deepfake_Dissertation/dataset/standardized/kannada/fake/kn_fake_000432.wav,1,0.48,0,0.951356828212738,1
D:/Final_Year_Project/Deepfake_Dissertation/dataset/standardized/kannada/fake/kn_fake_000433.wav,1,0.5433333333333333,1,0.9987159967422484,1
D:/Final_Year_Project/Deepfake_Dissertation/dataset/standardized/kannada/fake/kn_fake_000434.wav,1,0.5133333333333333,1,0.9731103181838988,1
D:/Final_Year_Project/Deepfake_Dissertation/dataset/standardized/kannada/fake/kn_fake_000435.wav,1,0.5366666666666666,1,0.9894586801528932,1
D:/Final_Year_Project/Deepfake_Dissertation/dataset/standardized/kannada/fake/kn_fake_000436.wav,1,0.5466666666666666,1,0.99627423286438,1
D:/Final_Year_Project/Deepfake_Dissertation/dataset/standardized/kannada/fake/kn_fake_000437.wav,1,0.4733333333333333,0,0.9656652808189392,1
D:/Final_Year_Project/Deepfake_Dissertation/dataset/standardized/kannada/fake/kn_fake_000438.wav,1,0.5333333333333333,1,0.9919381737709044,1
D:/Final_Year_Project/Deepfake_Dissertation/dataset/standardized/kannada/fake/kn_fake_000439.wav,1,0.5366666666666666,1,0.991474986076355,1
D:/Final_Year_Project/Deepfake_Dissertation/dataset/standardized/kannada/fake/kn_fake_000440.wav,1,0.5366666666666666,1,0.9971482157707214,1
D:/Final_Year_Project/Deepfake_Dissertation/dataset/standardized/kannada/fake/kn_fake_000441.wav,1,0.4933333333333333,0,0.9881857633590698,1
D:/Final_Year_Project/Deepfake_Dissertation/dataset/standardized/kannada/fake/kn_fake_000442.wav,1,0.5733333333333334,1,0.9975847005844116,1
D:/Final_Year_Project/Deepfake_Dissertation/dataset/standardized/kannada/fake/kn_fake_000443.wav,1,0.57,1,0.999559223651886,1
D:/Final_Year_Project/Deepfake_Dissertation/dataset/standardized/kannada/fake/kn_fake_000444.wav,1,0.4933333333333333,0,0.9783465266227722,1
D:/Final_Year_Project/Deepfake_Dissertation/dataset/standardized/kannada/fake/kn_fake_000445.wav,1,0.9433333333333334,1,0.99924635887146,1
D:/Final_Year_Project/Deepfake_Dissertation/dataset/standardized/kannada/fake/kn_fake_000446.wav,1,0.58,1,0.9913158416748048,1
D:/Final_Year_Project/Deepfake_Dissertation/dataset/standardized/kannada/fake/kn_fake_000447.wav,1,0.5666666666666667,1,0.9925063252449036,1
D:/Final_Year_Project/Deepfake_Dissertation/dataset/standardized/kannada/fake/kn_fake_000448.wav,1,0.6166666666666667,1,0.9997372031211852,1
D:/Final_Year_Project/Deepfake_Dissertation/dataset/standardized/kannada/fake/kn_fake_000449.wav,1,0.5733333333333334,1,0.9994495511054992,1
D:/Final_Year_Project/Deepfake_Dissertation/dataset/standardized/kannada/fake/kn_fake_000450.wav,1,0.55,1,0.9981213212013244,1
D:/Final_Year_Project/Deepfake_Dissertation/dataset/standardized/kannada/fake/kn_fake_000451.wav,1,0.5633333333333334,1,0.9979844093322754,1
D:/Final_Year_Project/Deepfake_Dissertation/dataset/standardized/kannada/fake/kn_fake_000452.wav,1,0.5633333333333334,1,0.9980223178863524,1
D:/Final_Year_Project/Deepfake_Dissertation/dataset/standardized/kannada/fake/kn_fake_000453.wav,1,0.5733333333333334,1,0.999563992023468,1
D:/Final_Year_Project/Deepfake_Dissertation/dataset/standardized/kannada/fake/kn_fake_000454.wav,1,0.86,1,0.9990546107292176,1
D:/Final_Year_Project/Deepfake_Dissertation/dataset/standardized/kannada/fake/kn_fake_000455.wav,1,0.57,1,0.999170184135437,1
D:/Final_Year_Project/Deepfake_Dissertation/dataset/standardized/kannada/fake/kn_fake_000456.wav,1,0.6466666666666666,1,0.999803364276886,1
D:/Final_Year_Project/Deepfake_Dissertation/dataset/standardized/kannada/fake/kn_fake_000457.wav,1,0.49,0,0.996392548084259,1
D:/Final_Year_Project/Deepfake_Dissertation/dataset/standardized/kannada/fake/kn_fake_000458.wav,1,0.5833333333333334,1,0.9988967180252076,1
D:/Final_Year_Project/Deepfake_Dissertation/dataset/standardized/kannada/fake/kn_fake_000459.wav,1,0.5433333333333333,1,0.9950330257415771,1
D:/Final_Year_Project/Deepfake_Dissertation/dataset/standardized/kannada/fake/kn_fake_000460.wav,1,0.5933333333333334,1,0.9973944425582886,1
D:/Final_Year_Project/Deepfake_Dissertation/dataset/standardized/kannada/fake/kn_fake_000461.wav,1,0.6333333333333333,1,0.9996404647827148,1
D:/Final_Year_Project/Deepfake_Dissertation/dataset/standardized/kannada/fake/kn_fake_000462.wav,1,0.5633333333333334,1,0.9988414645195008,1
D:/Final_Year_Project/Deepfake_Dissertation/dataset/standardized/kannada/fake/kn_fake_000463.wav,1,0.5566666666666666,1,0.9913143515586852,1
D:/Final_Year_Project/Deepfake_Dissertation/dataset/standardized/kannada/fake/kn_fake_000464.wav,1,0.5466666666666666,1,0.9935758709907532,1
D:/Final_Year_Project/Deepfake_Dissertation/dataset/standardized/kannada/fake/kn_fake_000465.wav,1,0.5533333333333333,1,0.9997788071632384,1
D:/Final_Year_Project/Deepfake_Dissertation/dataset/standardized/kannada/fake/kn_fake_000466.wav,1,0.5566666666666666,1,0.9910427331924438,1
D:/Final_Year_Project/Deepfake_Dissertation/dataset/standardized/kannada/fake/kn_fake_000467.wav,1,0.5466666666666666,1,0.9891800880432128,1
D:/Final_Year_Project/Deepfake_Dissertation/dataset/standardized/kannada/fake/kn_fake_000468.wav,1,0.5566666666666666,1,0.9969841837882996,1
D:/Final_Year_Project/Deepfake_Dissertation/dataset/standardized/kannada/fake/kn_fake_000469.wav,1,0.53,1,0.9977706670761108,1
D:/Final_Year_Project/Deepfake_Dissertation/dataset/standardized/kannada/fake/kn_fake_000470.wav,1,0.5333333333333333,1,0.9761205315589904,1
D:/Final_Year_Project/Deepfake_Dissertation/dataset/standardized/kannada/fake/kn_fake_000471.wav,1,0.55,1,0.999777376651764,1
D:/Final_Year_Project/Deepfake_Dissertation/dataset/standardized/kannada/fake/kn_fake_000472.wav,1,0.5633333333333334,1,0.9945806860923768,1
D:/Final_Year_Project/Deepfake_Dissertation/dataset/standardized/kannada/fake/kn_fake_000473.wav,1,0.62,1,0.9961029291152954,1
D:/Final_Year_Project/Deepfake_Dissertation/dataset/standardized/kannada/fake/kn_fake_000474.wav,1,0.56,1,0.998630166053772,1
D:/Final_Year_Project/Deepfake_Dissertation/dataset/standardized/kannada/fake/kn_fake_000475.wav,1,0.5633333333333334,1,0.979506254196167,1
D:/Final_Year_Project/Deepfake_Dissertation/dataset/standardized/kannada/fake/kn_fake_000476.wav,1,0.5766666666666667,1,0.9996035695075988,1
D:/Final_Year_Project/Deepfake_Dissertation/dataset/standardized/kannada/fake/kn_fake_000477.wav,1,0.5466666666666666,1,0.9917340278625488,1
D:/Final_Year_Project/Deepfake_Dissertation/dataset/standardized/kannada/fake/kn_fake_000478.wav,1,0.4933333333333333,0,0.9919479489326476,1
D:/Final_Year_Project/Deepfake_Dissertation/dataset/standardized/kannada/fake/kn_fake_000479.wav,1,0.6266666666666667,1,0.999977707862854,1
D:/Final_Year_Project/Deepfake_Dissertation/dataset/standardized/kannada/fake/kn_fake_000480.wav,1,0.5466666666666666,1,0.9998290538787842,1
D:/Final_Year_Project/Deepfake_Dissertation/dataset/standardized/kannada/fake/kn_fake_000481.wav,1,0.56,1,0.9848376512527466,1
D:/Final_Year_Project/Deepfake_Dissertation/dataset/standardized/kannada/fake/kn_fake_000482.wav,1,0.58,1,0.998753547668457,1
D:/Final_Year_Project/Deepfake_Dissertation/dataset/standardized/kannada/fake/kn_fake_000483.wav,1,0.5533333333333333,1,0.9928659200668336,1
D:/Final_Year_Project/Deepfake_Dissertation/dataset/standardized/kannada/fake/kn_fake_000484.wav,1,0.5733333333333334,1,0.996669590473175,1
D:/Final_Year_Project/Deepfake_Dissertation/dataset/standardized/kannada/fake/kn_fake_000485.wav,1,0.5466666666666666,1,0.9841057658195496,1
D:/Final_Year_Project/Deepfake_Dissertation/dataset/standardized/kannada/fake/kn_fake_000486.wav,1,0.5566666666666666,1,0.9966639876365662,1
D:/Final_Year_Project/Deepfake_Dissertation/dataset/standardized/kannada/fake/kn_fake_000487.wav,1,0.5366666666666666,1,0.9923009872436525,1
D:/Final_Year_Project/Deepfake_Dissertation/dataset/standardized/kannada/fake/kn_fake_000488.wav,1,0.46,0,0.9937421679496764,1
D:/Final_Year_Project/Deepfake_Dissertation/dataset/standardized/kannada/fake/kn_fake_000489.wav,1,0.5466666666666666,1,0.9954438209533693,1
D:/Final_Year_Project/Deepfake_Dissertation/dataset/standardized/kannada/fake/kn_fake_000490.wav,1,0.4733333333333333,0,0.9919992089271544,1
D:/Final_Year_Project/Deepfake_Dissertation/dataset/standardized/kannada/fake/kn_fake_000491.wav,1,0.55,1,0.982445478439331,1
D:/Final_Year_Project/Deepfake_Dissertation/dataset/standardized/kannada/fake/kn_fake_000492.wav,1,0.5566666666666666,1,0.1455234736204147,0
D:/Final_Year_Project/Deepfake_Dissertation/dataset/standardized/kannada/fake/kn_fake_000493.wav,1,0.4933333333333333,0,0.8403100967407227,1
D:/Final_Year_Project/Deepfake_Dissertation/dataset/standardized/kannada/fake/kn_fake_000494.wav,1,0.5566666666666666,1,0.9938219785690308,1
D:/Final_Year_Project/Deepfake_Dissertation/dataset/standardized/kannada/fake/kn_fake_000495.wav,1,0.5,0,0.9880470037460328,1
D:/Final_Year_Project/Deepfake_Dissertation/dataset/standardized/kannada/fake/kn_fake_000496.wav,1,0.5566666666666666,1,0.9994134902954102,1
D:/Final_Year_Project/Deepfake_Dissertation/dataset/standardized/kannada/fake/kn_fake_000497.wav,1,0.57,1,0.9974275231361388,1
D:/Final_Year_Project/Deepfake_Dissertation/dataset/standardized/kannada/fake/kn_fake_000498.wav,1,0.52,1,0.999159336090088,1
D:/Final_Year_Project/Deepfake_Dissertation/dataset/standardized/kannada/fake/kn_fake_000499.wav,1,0.54,1,0.9974358677864076,1
D:/Final_Year_Project/Deepfake_Dissertation/dataset/standardized/kannada/fake/kn_fake_000500.wav,1,0.6466666666666666,1,0.998695433139801,1
D:/Final_Year_Project/Deepfake_Dissertation/dataset/standardized/malayalam/fake/ml_fake_000001.wav,1,0.56,1,0.9959064722061156,1
D:/Final_Year_Project/Deepfake_Dissertation/dataset/standardized/malayalam/fake/ml_fake_000002.wav,1,0.55,1,0.9978740215301514,1
D:/Final_Year_Project/Deepfake_Dissertation/dataset/standardized/malayalam/fake/ml_fake_000003.wav,1,0.5766666666666667,1,0.9984709620475768,1
D:/Final_Year_Project/Deepfake_Dissertation/dataset/standardized/malayalam/fake/ml_fake_000004.wav,1,0.5633333333333334,1,0.9951387643814088,1
D:/Final_Year_Project/Deepfake_Dissertation/dataset/standardized/malayalam/fake/ml_fake_000005.wav,1,0.5633333333333334,1,0.9825034737586976,1
D:/Final_Year_Project/Deepfake_Dissertation/dataset/standardized/malayalam/fake/ml_fake_000006.wav,1,0.5633333333333334,1,0.9995195865631104,1
D:/Final_Year_Project/Deepfake_Dissertation/dataset/standardized/malayalam/fake/ml_fake_000007.wav,1,0.57,1,0.9997850060462952,1
D:/Final_Year_Project/Deepfake_Dissertation/dataset/standardized/malayalam/fake/ml_fake_000008.wav,1,0.6266666666666667,1,0.9994542002677916,1
D:/Final_Year_Project/Deepfake_Dissertation/dataset/standardized/malayalam/fake/ml_fake_000009.wav,1,0.5666666666666667,1,0.9998419284820556,1
D:/Final_Year_Project/Deepfake_Dissertation/dataset/standardized/malayalam/fake/ml_fake_000010.wav,1,0.5733333333333334,1,0.999821126461029,1
D:/Final_Year_Project/Deepfake_Dissertation/dataset/standardized/malayalam/fake/ml_fake_000011.wav,1,0.5833333333333334,1,0.9962349534034728,1
D:/Final_Year_Project/Deepfake_Dissertation/dataset/standardized/malayalam/fake/ml_fake_000012.wav,1,0.5666666666666667,1,0.9988508224487304,1
D:/Final_Year_Project/Deepfake_Dissertation/dataset/standardized/malayalam/fake/ml_fake_000013.wav,1,0.5833333333333334,1,0.9998452663421632,1
D:/Final_Year_Project/Deepfake_Dissertation/dataset/standardized/malayalam/fake/ml_fake_000014.wav,1,0.58,1,0.9997814297676086,1
D:/Final_Year_Project/Deepfake_Dissertation/dataset/standardized/malayalam/fake/ml_fake_000015.wav,1,0.5433333333333333,1,0.998885214328766,1
D:/Final_Year_Project/Deepfake_Dissertation/dataset/standardized/malayalam/fake/ml_fake_000016.wav,1,0.5533333333333333,1,0.999526858329773,1
D:/Final_Year_Project/Deepfake_Dissertation/dataset/standardized/malayalam/fake/ml_fake_000017.wav,1,0.61,1,0.9998635053634644,1
D:/Final_Year_Project/Deepfake_Dissertation/dataset/standardized/malayalam/fake/ml_fake_000018.wav,1,0.5566666666666666,1,0.9998372793197632,1
D:/Final_Year_Project/Deepfake_Dissertation/dataset/standardized/malayalam/fake/ml_fake_000019.wav,1,0.5633333333333334,1,0.999990463256836,1
D:/Final_Year_Project/Deepfake_Dissertation/dataset/standardized/malayalam/fake/ml_fake_000020.wav,1,0.5833333333333334,1,0.9992151260375975,1
D:/Final_Year_Project/Deepfake_Dissertation/dataset/standardized/malayalam/fake/ml_fake_000021.wav,1,0.96,1,0.9996392726898192,1
D:/Final_Year_Project/Deepfake_Dissertation/dataset/standardized/malayalam/fake/ml_fake_000022.wav,1,0.9733333333333334,1,0.9996706247329712,1
D:/Final_Year_Project/Deepfake_Dissertation/dataset/standardized/malayalam/fake/ml_fake_000023.wav,1,0.97,1,0.9997240900993348,1
D:/Final_Year_Project/Deepfake_Dissertation/dataset/standardized/malayalam/fake/ml_fake_000024.wav,1,0.5733333333333334,1,0.9996459484100342,1
D:/Final_Year_Project/Deepfake_Dissertation/dataset/standardized/malayalam/fake/ml_fake_000025.wav,1,0.57,1,0.9460521936416626,1
D:/Final_Year_Project/Deepfake_Dissertation/dataset/standardized/malayalam/fake/ml_fake_000026.wav,1,0.5933333333333334,1,0.999935269355774,1
D:/Final_Year_Project/Deepfake_Dissertation/dataset/standardized/malayalam/fake/ml_fake_000027.wav,1,0.5333333333333333,1,0.9995502829551696,1
D:/Final_Year_Project/Deepfake_Dissertation/dataset/standardized/malayalam/fake/ml_fake_000028.wav,1,0.5033333333333333,1,0.9995157718658448,1
D:/Final_Year_Project/Deepfake_Dissertation/dataset/standardized/malayalam/fake/ml_fake_000029.wav,1,0.5533333333333333,1,0.9997127652168274,1
D:/Final_Year_Project/Deepfake_Dissertation/dataset/standardized/malayalam/fake/ml_fake_000030.wav,1,0.56,1,0.996565282344818,1
D:/Final_Year_Project/Deepfake_Dissertation/dataset/standardized/malayalam/fake/ml_fake_000031.wav,1,0.58,1,0.999948263168335,1
D:/Final_Year_Project/Deepfake_Dissertation/dataset/standardized/malayalam/fake/ml_fake_000032.wav,1,0.5466666666666666,1,0.9985129237174988,1
D:/Final_Year_Project/Deepfake_Dissertation/dataset/standardized/malayalam/fake/ml_fake_000033.wav,1,0.54,1,0.9996784925460817,1
D:/Final_Year_Project/Deepfake_Dissertation/dataset/standardized/malayalam/fake/ml_fake_000034.wav,1,0.5466666666666666,1,0.998262345790863,1
D:/Final_Year_Project/Deepfake_Dissertation/dataset/standardized/malayalam/fake/ml_fake_000035.wav,1,0.5633333333333334,1,0.991509199142456,1
D:/Final_Year_Project/Deepfake_Dissertation/dataset/standardized/malayalam/fake/ml_fake_000036.wav,1,0.5466666666666666,1,0.9994046688079834,1
D:/Final_Year_Project/Deepfake_Dissertation/dataset/standardized/malayalam/fake/ml_fake_000037.wav,1,0.54,1,0.9739248156547546,1
D:/Final_Year_Project/Deepfake_Dissertation/dataset/standardized/malayalam/fake/ml_fake_000038.wav,1,0.5366666666666666,1,0.9971428513526917,1
D:/Final_Year_Project/Deepfake_Dissertation/dataset/standardized/malayalam/fake/ml_fake_000039.wav,1,0.5466666666666666,1,0.9992679953575134,1
D:/Final_Year_Project/Deepfake_Dissertation/dataset/standardized/malayalam/fake/ml_fake_000040.wav,1,0.5466666666666666,1,0.9998571872711182,1
D:/Final_Year_Project/Deepfake_Dissertation/dataset/standardized/malayalam/fake/ml_fake_000041.wav,1,0.5866666666666667,1,0.9999639987945556,1
D:/Final_Year_Project/Deepfake_Dissertation/dataset/standardized/malayalam/fake/ml_fake_000042.wav,1,0.5666666666666667,1,0.9986421465873718,1
D:/Final_Year_Project/Deepfake_Dissertation/dataset/standardized/malayalam/fake/ml_fake_000043.wav,1,0.5833333333333334,1,0.9987136125564576,1
D:/Final_Year_Project/Deepfake_Dissertation/dataset/standardized/malayalam/fake/ml_fake_000044.wav,1,0.5733333333333334,1,0.998493790626526,1
D:/Final_Year_Project/Deepfake_Dissertation/dataset/standardized/malayalam/fake/ml_fake_000045.wav,1,0.55,1,0.9997993111610411,1
D:/Final_Year_Project/Deepfake_Dissertation/dataset/standardized/malayalam/fake/ml_fake_000046.wav,1,0.5833333333333334,1,0.9998468160629272,1
D:/Final_Year_Project/Deepfake_Dissertation/dataset/standardized/malayalam/fake/ml_fake_000047.wav,1,0.55,1,0.9990563988685608,1
D:/Final_Year_Project/Deepfake_Dissertation/dataset/standardized/malayalam/fake/ml_fake_000048.wav,1,0.5666666666666667,1,0.999790370464325,1
D:/Final_Year_Project/Deepfake_Dissertation/dataset/standardized/malayalam/fake/ml_fake_000049.wav,1,0.5733333333333334,1,0.9998539686203004,1
D:/Final_Year_Project/Deepfake_Dissertation/dataset/standardized/malayalam/fake/ml_fake_000050.wav,1,0.5566666666666666,1,0.9998507499694824,1
D:/Final_Year_Project/Deepfake_Dissertation/dataset/standardized/malayalam/fake/ml_fake_000051.wav,1,0.5566666666666666,1,0.9999241828918456,1
D:/Final_Year_Project/Deepfake_Dissertation/dataset/standardized/malayalam/fake/ml_fake_000052.wav,1,0.5533333333333333,1,0.9999241828918456,1
D:/Final_Year_Project/Deepfake_Dissertation/dataset/standardized/malayalam/fake/ml_fake_000053.wav,1,0.5533333333333333,1,0.9993218183517456,1
D:/Final_Year_Project/Deepfake_Dissertation/dataset/standardized/malayalam/fake/ml_fake_000054.wav,1,0.86,1,0.9982559084892272,1
D:/Final_Year_Project/Deepfake_Dissertation/dataset/standardized/malayalam/fake/ml_fake_000055.wav,1,0.57,1,0.999976634979248,1
D:/Final_Year_Project/Deepfake_Dissertation/dataset/standardized/malayalam/fake/ml_fake_000056.wav,1,0.57,1,0.9999539852142334,1
D:/Final_Year_Project/Deepfake_Dissertation/dataset/standardized/malayalam/fake/ml_fake_000057.wav,1,0.57,1,0.999606192111969,1
D:/Final_Year_Project/Deepfake_Dissertation/dataset/standardized/malayalam/fake/ml_fake_000058.wav,1,0.5866666666666667,1,0.9993627667427064,1
D:/Final_Year_Project/Deepfake_Dissertation/dataset/standardized/malayalam/fake/ml_fake_000059.wav,1,0.56,1,0.9998996257781982,1
D:/Final_Year_Project/Deepfake_Dissertation/dataset/standardized/malayalam/fake/ml_fake_000060.wav,1,0.5466666666666666,1,0.994031012058258,1
D:/Final_Year_Project/Deepfake_Dissertation/dataset/standardized/malayalam/fake/ml_fake_000061.wav,1,0.5533333333333333,1,0.9991851449012756,1
D:/Final_Year_Project/Deepfake_Dissertation/dataset/standardized/malayalam/fake/ml_fake_000062.wav,1,0.56,1,0.9998612403869628,1
D:/Final_Year_Project/Deepfake_Dissertation/dataset/standardized/malayalam/fake/ml_fake_000063.wav,1,0.54,1,0.9996306896209716,1
D:/Final_Year_Project/Deepfake_Dissertation/dataset/standardized/malayalam/fake/ml_fake_000064.wav,1,0.55,1,0.9984155893325806,1
D:/Final_Year_Project/Deepfake_Dissertation/dataset/standardized/malayalam/fake/ml_fake_000065.wav,1,0.54,1,0.968525528907776,1
D:/Final_Year_Project/Deepfake_Dissertation/dataset/standardized/malayalam/fake/ml_fake_000066.wav,1,0.53,1,0.99471914768219,1
D:/Final_Year_Project/Deepfake_Dissertation/dataset/standardized/malayalam/fake/ml_fake_000067.wav,1,0.5066666666666667,1,0.994086503982544,1
D:/Final_Year_Project/Deepfake_Dissertation/dataset/standardized/malayalam/fake/ml_fake_000068.wav,1,0.5933333333333334,1,0.9988139867782592,1
D:/Final_Year_Project/Deepfake_Dissertation/dataset/standardized/malayalam/fake/ml_fake_000069.wav,1,0.57,1,0.998206377029419,1
D:/Final_Year_Project/Deepfake_Dissertation/dataset/standardized/malayalam/fake/ml_fake_000070.wav,1,0.57,1,0.9970632195472716,1
D:/Final_Year_Project/Deepfake_Dissertation/dataset/standardized/malayalam/fake/ml_fake_000071.wav,1,0.54,1,0.9983558058738708,1
D:/Final_Year_Project/Deepfake_Dissertation/dataset/standardized/malayalam/fake/ml_fake_000072.wav,1,0.56,1,0.9961125254631042,1
D:/Final_Year_Project/Deepfake_Dissertation/dataset/standardized/malayalam/fake/ml_fake_000073.wav,1,0.5733333333333334,1,0.9995619654655457,1
D:/Final_Year_Project/Deepfake_Dissertation/dataset/standardized/malayalam/fake/ml_fake_000074.wav,1,0.55,1,0.998769462108612,1
D:/Final_Year_Project/Deepfake_Dissertation/dataset/standardized/malayalam/fake/ml_fake_000075.wav,1,0.5433333333333333,1,0.9995641112327576,1
D:/Final_Year_Project/Deepfake_Dissertation/dataset/standardized/malayalam/fake/ml_fake_000076.wav,1,0.57,1,0.999574601650238,1
D:/Final_Year_Project/Deepfake_Dissertation/dataset/standardized/malayalam/fake/ml_fake_000077.wav,1,0.6033333333333334,1,0.9957919120788574,1
D:/Final_Year_Project/Deepfake_Dissertation/dataset/standardized/malayalam/fake/ml_fake_000078.wav,1,0.5566666666666666,1,0.9996127486228944,1
D:/Final_Year_Project/Deepfake_Dissertation/dataset/standardized/malayalam/fake/ml_fake_000079.wav,1,0.6333333333333333,1,0.9998094439506532,1
D:/Final_Year_Project/Deepfake_Dissertation/dataset/standardized/malayalam/fake/ml_fake_000080.wav,1,0.5633333333333334,1,0.999727189540863,1
D:/Final_Year_Project/Deepfake_Dissertation/dataset/standardized/malayalam/fake/ml_fake_000081.wav,1,0.5433333333333333,1,0.9992570281028748,1
D:/Final_Year_Project/Deepfake_Dissertation/dataset/standardized/malayalam/fake/ml_fake_000082.wav,1,0.5366666666666666,1,0.9998005032539368,1
D:/Final_Year_Project/Deepfake_Dissertation/dataset/standardized/malayalam/fake/ml_fake_000083.wav,1,0.63,1,0.999833345413208,1
D:/Final_Year_Project/Deepfake_Dissertation/dataset/standardized/malayalam/fake/ml_fake_000084.wav,1,0.5533333333333333,1,0.9955321550369264,1
D:/Final_Year_Project/Deepfake_Dissertation/dataset/standardized/malayalam/fake/ml_fake_000085.wav,1,0.59,1,0.9999668598175048,1
D:/Final_Year_Project/Deepfake_Dissertation/dataset/standardized/malayalam/fake/ml_fake_000086.wav,1,0.5733333333333334,1,0.9996620416641236,1
D:/Final_Year_Project/Deepfake_Dissertation/dataset/standardized/malayalam/fake/ml_fake_000087.wav,1,0.5833333333333334,1,0.99997878074646,1
D:/Final_Year_Project/Deepfake_Dissertation/dataset/standardized/malayalam/fake/ml_fake_000088.wav,1,0.5733333333333334,1,0.9998942613601683,1
D:/Final_Year_Project/Deepfake_Dissertation/dataset/standardized/malayalam/fake/ml_fake_000089.wav,1,0.56,1,0.9997076392173768,1
D:/Final_Year_Project/Deepfake_Dissertation/dataset/standardized/malayalam/fake/ml_fake_000090.wav,1,0.5633333333333334,1,0.9996355772018432,1
D:/Final_Year_Project/Deepfake_Dissertation/dataset/standardized/malayalam/fake/ml_fake_000091.wav,1,0.56,1,0.9993632435798644,1
D:/Final_Year_Project/Deepfake_Dissertation/dataset/standardized/malayalam/fake/ml_fake_000092.wav,1,0.61,1,0.9987388253211976,1
D:/Final_Year_Project/Deepfake_Dissertation/dataset/standardized/malayalam/fake/ml_fake_000093.wav,1,0.5566666666666666,1,0.996208906173706,1
D:/Final_Year_Project/Deepfake_Dissertation/dataset/standardized/malayalam/fake/ml_fake_000094.wav,1,0.5366666666666666,1,0.9993242025375366,1
D:/Final_Year_Project/Deepfake_Dissertation/dataset/standardized/malayalam/fake/ml_fake_000095.wav,1,0.58,1,0.998981773853302,1
D:/Final_Year_Project/Deepfake_Dissertation/dataset/standardized/malayalam/fake/ml_fake_000096.wav,1,0.5666666666666667,1,0.9977385997772216,1
D:/Final_Year_Project/Deepfake_Dissertation/dataset/standardized/malayalam/fake/ml_fake_000097.wav,1,0.55,1,0.9991451501846312,1
D:/Final_Year_Project/Deepfake_Dissertation/dataset/standardized/malayalam/fake/ml_fake_000098.wav,1,0.5666666666666667,1,0.995261013507843,1
D:/Final_Year_Project/Deepfake_Dissertation/dataset/standardized/malayalam/fake/ml_fake_000099.wav,1,0.5666666666666667,1,0.9997170567512512,1
D:/Final_Year_Project/Deepfake_Dissertation/dataset/standardized/malayalam/fake/ml_fake_000100.wav,1,0.94,1,0.9983558058738708,1
D:/Final_Year_Project/Deepfake_Dissertation/dataset/standardized/malayalam/fake/ml_fake_000101.wav,1,0.94,1,0.9994295239448548,1
D:/Final_Year_Project/Deepfake_Dissertation/dataset/standardized/malayalam/fake/ml_fake_000102.wav,1,0.5666666666666667,1,0.998400866985321,1
D:/Final_Year_Project/Deepfake_Dissertation/dataset/standardized/malayalam/fake/ml_fake_000103.wav,1,0.5633333333333334,1,0.9994649291038512,1
D:/Final_Year_Project/Deepfake_Dissertation/dataset/standardized/malayalam/fake/ml_fake_000104.wav,1,0.57,1,0.9997238516807556,1
D:/Final_Year_Project/Deepfake_Dissertation/dataset/standardized/malayalam/fake/ml_fake_000105.wav,1,0.5366666666666666,1,0.9987366795539856,1
D:/Final_Year_Project/Deepfake_Dissertation/dataset/standardized/malayalam/fake/ml_fake_000106.wav,1,0.6366666666666667,1,0.9998960494995116,1
D:/Final_Year_Project/Deepfake_Dissertation/dataset/standardized/malayalam/fake/ml_fake_000107.wav,1,0.5333333333333333,1,0.9993646740913392,1
D:/Final_Year_Project/Deepfake_Dissertation/dataset/standardized/malayalam/fake/ml_fake_000108.wav,1,0.5533333333333333,1,0.9998801946640016,1
D:/Final_Year_Project/Deepfake_Dissertation/dataset/standardized/malayalam/fake/ml_fake_000109.wav,1,0.5166666666666667,1,0.9989067316055298,1
D:/Final_Year_Project/Deepfake_Dissertation/dataset/standardized/malayalam/fake/ml_fake_000110.wav,1,0.55,1,0.998760461807251,1
D:/Final_Year_Project/Deepfake_Dissertation/dataset/standardized/malayalam/fake/ml_fake_000111.wav,1,0.6333333333333333,1,0.9998204112052916,1
D:/Final_Year_Project/Deepfake_Dissertation/dataset/standardized/malayalam/fake/ml_fake_000112.wav,1,0.5633333333333334,1,0.998916506767273,1
D:/Final_Year_Project/Deepfake_Dissertation/dataset/standardized/malayalam/fake/ml_fake_000113.wav,1,0.57,1,0.9987327456474304,1
D:/Final_Year_Project/Deepfake_Dissertation/dataset/standardized/malayalam/fake/ml_fake_000114.wav,1,0.5466666666666666,1,0.9924715757369996,1
D:/Final_Year_Project/Deepfake_Dissertation/dataset/standardized/malayalam/fake/ml_fake_000115.wav,1,0.5333333333333333,1,0.998967170715332,1
D:/Final_Year_Project/Deepfake_Dissertation/dataset/standardized/malayalam/fake/ml_fake_000116.wav,1,0.5566666666666666,1,0.9998897314071656,1
D:/Final_Year_Project/Deepfake_Dissertation/dataset/standardized/malayalam/fake/ml_fake_000117.wav,1,0.5733333333333334,1,0.999855637550354,1
D:/Final_Year_Project/Deepfake_Dissertation/dataset/standardized/malayalam/fake/ml_fake_000118.wav,1,0.6166666666666667,1,0.9999585151672364,1
D:/Final_Year_Project/Deepfake_Dissertation/dataset/standardized/malayalam/fake/ml_fake_000119.wav,1,0.57,1,0.9998741149902344,1
D:/Final_Year_Project/Deepfake_Dissertation/dataset/standardized/malayalam/fake/ml_fake_000120.wav,1,0.54,1,0.9999719858169556,1
D:/Final_Year_Project/Deepfake_Dissertation/dataset/standardized/malayalam/fake/ml_fake_000121.wav,1,0.5433333333333333,1,0.9987163543701172,1
D:/Final_Year_Project/Deepfake_Dissertation/dataset/standardized/malayalam/fake/ml_fake_000122.wav,1,0.4766666666666667,0,0.9995915293693542,1
D:/Final_Year_Project/Deepfake_Dissertation/dataset/standardized/malayalam/fake/ml_fake_000123.wav,1,0.57,1,0.999847173690796,1
D:/Final_Year_Project/Deepfake_Dissertation/dataset/standardized/malayalam/fake/ml_fake_000124.wav,1,0.5866666666666667,1,0.9986066222190856,1
D:/Final_Year_Project/Deepfake_Dissertation/dataset/standardized/malayalam/fake/ml_fake_000125.wav,1,0.58,1,0.9994944334030152,1
D:/Final_Year_Project/Deepfake_Dissertation/dataset/standardized/malayalam/fake/ml_fake_000126.wav,1,0.6133333333333333,1,0.999923586845398,1
D:/Final_Year_Project/Deepfake_Dissertation/dataset/standardized/malayalam/fake/ml_fake_000127.wav,1,0.5933333333333334,1,0.9978635907173156,1
D:/Final_Year_Project/Deepfake_Dissertation/dataset/standardized/malayalam/fake/ml_fake_000128.wav,1,0.5666666666666667,1,0.9999428987503052,1
D:/Final_Year_Project/Deepfake_Dissertation/dataset/standardized/malayalam/fake/ml_fake_000129.wav,1,0.5566666666666666,1,0.9999127388000488,1
D:/Final_Year_Project/Deepfake_Dissertation/dataset/standardized/malayalam/fake/ml_fake_000130.wav,1,0.5533333333333333,1,0.999735414981842,1
D:/Final_Year_Project/Deepfake_Dissertation/dataset/standardized/malayalam/fake/ml_fake_000131.wav,1,0.5466666666666666,1,0.9993170499801636,1
D:/Final_Year_Project/Deepfake_Dissertation/dataset/standardized/malayalam/fake/ml_fake_000132.wav,1,0.56,1,0.9945695996284484,1
D:/Final_Year_Project/Deepfake_Dissertation/dataset/standardized/malayalam/fake/ml_fake_000133.wav,1,0.5433333333333333,1,0.9979477524757384,1
D:/Final_Year_Project/Deepfake_Dissertation/dataset/standardized/malayalam/fake/ml_fake_000134.wav,1,0.5533333333333333,1,0.99942809343338,1
D:/Final_Year_Project/Deepfake_Dissertation/dataset/standardized/malayalam/fake/ml_fake_000135.wav,1,0.5666666666666667,1,0.999860405921936,1
D:/Final_Year_Project/Deepfake_Dissertation/dataset/standardized/malayalam/fake/ml_fake_000136.wav,1,0.56,1,0.9997997879981996,1
D:/Final_Year_Project/Deepfake_Dissertation/dataset/standardized/malayalam/fake/ml_fake_000137.wav,1,0.5633333333333334,1,0.9999631643295288,1
D:/Final_Year_Project/Deepfake_Dissertation/dataset/standardized/malayalam/fake/ml_fake_000138.wav,1,0.5633333333333334,1,0.9992527365684508,1
D:/Final_Year_Project/Deepfake_Dissertation/dataset/standardized/malayalam/fake/ml_fake_000139.wav,1,0.5733333333333334,1,0.99960595369339,1
D:/Final_Year_Project/Deepfake_Dissertation/dataset/standardized/malayalam/fake/ml_fake_000140.wav,1,0.57,1,0.999991774559021,1
D:/Final_Year_Project/Deepfake_Dissertation/dataset/standardized/malayalam/fake/ml_fake_000141.wav,1,0.5666666666666667,1,0.9998618364334106,1
D:/Final_Year_Project/Deepfake_Dissertation/dataset/standardized/malayalam/fake/ml_fake_000142.wav,1,0.5533333333333333,1,0.99792742729187,1
D:/Final_Year_Project/Deepfake_Dissertation/dataset/standardized/malayalam/fake/ml_fake_000143.wav,1,0.5633333333333334,1,0.9997841715812684,1
D:/Final_Year_Project/Deepfake_Dissertation/dataset/standardized/malayalam/fake/ml_fake_000144.wav,1,0.5466666666666666,1,0.9999064207077026,1
D:/Final_Year_Project/Deepfake_Dissertation/dataset/standardized/malayalam/fake/ml_fake_000145.wav,1,0.59,1,0.999883770942688,1
D:/Final_Year_Project/Deepfake_Dissertation/dataset/standardized/malayalam/fake/ml_fake_000146.wav,1,0.58,1,0.9975705742836,1
D:/Final_Year_Project/Deepfake_Dissertation/dataset/standardized/malayalam/fake/ml_fake_000147.wav,1,0.5266666666666666,1,0.9690192937850952,1
D:/Final_Year_Project/Deepfake_Dissertation/dataset/standardized/malayalam/fake/ml_fake_000148.wav,1,0.55,1,0.9994468092918396,1
D:/Final_Year_Project/Deepfake_Dissertation/dataset/standardized/malayalam/fake/ml_fake_000149.wav,1,0.5566666666666666,1,0.99925297498703,1
D:/Final_Year_Project/Deepfake_Dissertation/dataset/standardized/malayalam/fake/ml_fake_000150.wav,1,0.5766666666666667,1,0.9995456337928772,1
D:/Final_Year_Project/Deepfake_Dissertation/dataset/standardized/malayalam/fake/ml_fake_000151.wav,1,0.55,1,0.9996160268783568,1
D:/Final_Year_Project/Deepfake_Dissertation/dataset/standardized/malayalam/fake/ml_fake_000152.wav,1,0.5666666666666667,1,0.9999592304229736,1
D:/Final_Year_Project/Deepfake_Dissertation/dataset/standardized/malayalam/fake/ml_fake_000153.wav,1,0.9733333333333334,1,0.9995265007019044,1
D:/Final_Year_Project/Deepfake_Dissertation/dataset/standardized/malayalam/fake/ml_fake_000154.wav,1,0.5466666666666666,1,0.9997389912605286,1
D:/Final_Year_Project/Deepfake_Dissertation/dataset/standardized/malayalam/fake/ml_fake_000155.wav,1,0.5066666666666667,1,0.9992265701293944,1
D:/Final_Year_Project/Deepfake_Dissertation/dataset/standardized/malayalam/fake/ml_fake_000156.wav,1,0.9466666666666668,1,0.9992666840553284,1
D:/Final_Year_Project/Deepfake_Dissertation/dataset/standardized/malayalam/fake/ml_fake_000157.wav,1,0.58,1,0.9975587129592896,1
D:/Final_Year_Project/Deepfake_Dissertation/dataset/standardized/malayalam/fake/ml_fake_000158.wav,1,0.5433333333333333,1,0.9997674822807312,1
D:/Final_Year_Project/Deepfake_Dissertation/dataset/standardized/malayalam/fake/ml_fake_000159.wav,1,0.55,1,0.9993855953216552,1
D:/Final_Year_Project/Deepfake_Dissertation/dataset/standardized/malayalam/fake/ml_fake_000160.wav,1,0.5666666666666667,1,0.9992559552192688,1
D:/Final_Year_Project/Deepfake_Dissertation/dataset/standardized/malayalam/fake/ml_fake_000161.wav,1,0.57,1,0.999873161315918,1
D:/Final_Year_Project/Deepfake_Dissertation/dataset/standardized/malayalam/fake/ml_fake_000162.wav,1,0.5766666666666667,1,0.9998691082000732,1
D:/Final_Year_Project/Deepfake_Dissertation/dataset/standardized/malayalam/fake/ml_fake_000163.wav,1,0.5566666666666666,1,0.9998168349266052,1
D:/Final_Year_Project/Deepfake_Dissertation/dataset/standardized/malayalam/fake/ml_fake_000164.wav,1,0.4966666666666666,0,0.9957705140113832,1
D:/Final_Year_Project/Deepfake_Dissertation/dataset/standardized/malayalam/fake/ml_fake_000165.wav,1,0.5766666666666667,1,0.9966772794723512,1
D:/Final_Year_Project/Deepfake_Dissertation/dataset/standardized/malayalam/fake/ml_fake_000166.wav,1,0.56,1,0.999832272529602,1
D:/Final_Year_Project/Deepfake_Dissertation/dataset/standardized/malayalam/fake/ml_fake_000167.wav,1,0.55,1,0.9998934268951416,1
D:/Final_Year_Project/Deepfake_Dissertation/dataset/standardized/malayalam/fake/ml_fake_000168.wav,1,0.5633333333333334,1,0.999901294708252,1
D:/Final_Year_Project/Deepfake_Dissertation/dataset/standardized/malayalam/fake/ml_fake_000169.wav,1,0.5666666666666667,1,0.9991594552993774,1
D:/Final_Year_Project/Deepfake_Dissertation/dataset/standardized/malayalam/fake/ml_fake_000170.wav,1,0.5733333333333334,1,0.9996070265769958,1
D:/Final_Year_Project/Deepfake_Dissertation/dataset/standardized/malayalam/fake/ml_fake_000171.wav,1,0.5633333333333334,1,0.9999464750289916,1
D:/Final_Year_Project/Deepfake_Dissertation/dataset/standardized/malayalam/fake/ml_fake_000172.wav,1,0.5766666666666667,1,0.9973353743553162,1
D:/Final_Year_Project/Deepfake_Dissertation/dataset/standardized/malayalam/fake/ml_fake_000173.wav,1,0.5633333333333334,1,0.99906986951828,1
D:/Final_Year_Project/Deepfake_Dissertation/dataset/standardized/malayalam/fake/ml_fake_000174.wav,1,0.5833333333333334,1,0.9998832941055298,1
D:/Final_Year_Project/Deepfake_Dissertation/dataset/standardized/malayalam/fake/ml_fake_000175.wav,1,0.97,1,0.9998729228973388,1
D:/Final_Year_Project/Deepfake_Dissertation/dataset/standardized/malayalam/fake/ml_fake_000176.wav,1,0.9333333333333332,1,0.9998039603233336,1
D:/Final_Year_Project/Deepfake_Dissertation/dataset/standardized/malayalam/fake/ml_fake_000177.wav,1,0.5233333333333333,1,0.9912273287773132,1
D:/Final_Year_Project/Deepfake_Dissertation/dataset/standardized/malayalam/fake/ml_fake_000178.wav,1,0.5533333333333333,1,0.9995338916778564,1
D:/Final_Year_Project/Deepfake_Dissertation/dataset/standardized/malayalam/fake/ml_fake_000179.wav,1,0.5566666666666666,1,0.9996668100357056,1
D:/Final_Year_Project/Deepfake_Dissertation/dataset/standardized/malayalam/fake/ml_fake_000180.wav,1,0.54,1,0.999930739402771,1
D:/Final_Year_Project/Deepfake_Dissertation/dataset/standardized/malayalam/fake/ml_fake_000181.wav,1,0.5633333333333334,1,0.9996325969696044,1
D:/Final_Year_Project/Deepfake_Dissertation/dataset/standardized/malayalam/fake/ml_fake_000182.wav,1,0.58,1,0.9999091625213624,1
D:/Final_Year_Project/Deepfake_Dissertation/dataset/standardized/malayalam/fake/ml_fake_000183.wav,1,0.56,1,0.9977007508277892,1
D:/Final_Year_Project/Deepfake_Dissertation/dataset/standardized/malayalam/fake/ml_fake_000184.wav,1,0.5633333333333334,1,0.989879846572876,1
D:/Final_Year_Project/Deepfake_Dissertation/dataset/standardized/malayalam/fake/ml_fake_000185.wav,1,0.5666666666666667,1,0.99700266122818,1
D:/Final_Year_Project/Deepfake_Dissertation/dataset/standardized/malayalam/fake/ml_fake_000186.wav,1,0.5666666666666667,1,0.9999768733978271,1
D:/Final_Year_Project/Deepfake_Dissertation/dataset/standardized/malayalam/fake/ml_fake_000187.wav,1,0.5566666666666666,1,0.9999278783798218,1
D:/Final_Year_Project/Deepfake_Dissertation/dataset/standardized/malayalam/fake/ml_fake_000188.wav,1,0.5666666666666667,1,0.9633601903915404,1
D:/Final_Year_Project/Deepfake_Dissertation/dataset/standardized/malayalam/fake/ml_fake_000189.wav,1,0.5766666666666667,1,0.9991674423217772,1
D:/Final_Year_Project/Deepfake_Dissertation/dataset/standardized/malayalam/fake/ml_fake_000190.wav,1,0.5166666666666667,1,0.9973299503326416,1
D:/Final_Year_Project/Deepfake_Dissertation/dataset/standardized/malayalam/fake/ml_fake_000191.wav,1,0.5666666666666667,1,0.9997861981391908,1
D:/Final_Year_Project/Deepfake_Dissertation/dataset/standardized/malayalam/fake/ml_fake_000192.wav,1,0.63,1,0.9993701577186584,1
D:/Final_Year_Project/Deepfake_Dissertation/dataset/standardized/malayalam/fake/ml_fake_000193.wav,1,0.5833333333333334,1,0.9982717037200928,1
D:/Final_Year_Project/Deepfake_Dissertation/dataset/standardized/malayalam/fake/ml_fake_000194.wav,1,0.5533333333333333,1,0.9956289529800416,1
D:/Final_Year_Project/Deepfake_Dissertation/dataset/standardized/malayalam/fake/ml_fake_000195.wav,1,0.56,1,0.999866247177124,1
D:/Final_Year_Project/Deepfake_Dissertation/dataset/standardized/malayalam/fake/ml_fake_000196.wav,1,0.5833333333333334,1,0.9998798370361328,1
D:/Final_Year_Project/Deepfake_Dissertation/dataset/standardized/malayalam/fake/ml_fake_000197.wav,1,0.57,1,0.9995998740196228,1
D:/Final_Year_Project/Deepfake_Dissertation/dataset/standardized/malayalam/fake/ml_fake_000198.wav,1,0.58,1,0.9998502731323242,1
D:/Final_Year_Project/Deepfake_Dissertation/dataset/standardized/malayalam/fake/ml_fake_000199.wav,1,0.5633333333333334,1,0.9997480511665344,1
D:/Final_Year_Project/Deepfake_Dissertation/dataset/standardized/malayalam/fake/ml_fake_000200.wav,1,0.5866666666666667,1,0.997159481048584,1
D:/Final_Year_Project/Deepfake_Dissertation/dataset/standardized/malayalam/fake/ml_fake_000201.wav,1,0.5533333333333333,1,0.9999467134475708,1
D:/Final_Year_Project/Deepfake_Dissertation/dataset/standardized/malayalam/fake/ml_fake_000202.wav,1,0.5633333333333334,1,0.9995875954627992,1
D:/Final_Year_Project/Deepfake_Dissertation/dataset/standardized/malayalam/fake/ml_fake_000203.wav,1,0.6333333333333333,1,0.9988389611244202,1
D:/Final_Year_Project/Deepfake_Dissertation/dataset/standardized/malayalam/fake/ml_fake_000204.wav,1,0.5166666666666667,1,0.9993122816085817,1
D:/Final_Year_Project/Deepfake_Dissertation/dataset/standardized/malayalam/fake/ml_fake_000205.wav,1,0.5566666666666666,1,0.9993755221366882,1
D:/Final_Year_Project/Deepfake_Dissertation/dataset/standardized/malayalam/fake/ml_fake_000206.wav,1,0.56,1,0.9979907274246216,1
D:/Final_Year_Project/Deepfake_Dissertation/dataset/standardized/malayalam/fake/ml_fake_000207.wav,1,0.5666666666666667,1,0.9691113233566284,1
D:/Final_Year_Project/Deepfake_Dissertation/dataset/standardized/malayalam/fake/ml_fake_000208.wav,1,0.5566666666666666,1,0.9997321963310242,1
D:/Final_Year_Project/Deepfake_Dissertation/dataset/standardized/malayalam/fake/ml_fake_000209.wav,1,0.54,1,0.9997696280479432,1
D:/Final_Year_Project/Deepfake_Dissertation/dataset/standardized/malayalam/fake/ml_fake_000210.wav,1,0.5766666666666667,1,0.9957066178321838,1
D:/Final_Year_Project/Deepfake_Dissertation/dataset/standardized/malayalam/fake/ml_fake_000211.wav,1,0.5733333333333334,1,0.9939303398132324,1
D:/Final_Year_Project/Deepfake_Dissertation/dataset/standardized/malayalam/fake/ml_fake_000212.wav,1,0.98,1,0.9990724325180054,1
D:/Final_Year_Project/Deepfake_Dissertation/dataset/standardized/malayalam/fake/ml_fake_000213.wav,1,0.55,1,0.9995444416999816,1
D:/Final_Year_Project/Deepfake_Dissertation/dataset/standardized/malayalam/fake/ml_fake_000214.wav,1,0.5666666666666667,1,0.9951173067092896,1
D:/Final_Year_Project/Deepfake_Dissertation/dataset/standardized/malayalam/fake/ml_fake_000215.wav,1,0.51,1,0.9985169768333436,1
D:/Final_Year_Project/Deepfake_Dissertation/dataset/standardized/malayalam/fake/ml_fake_000216.wav,1,0.5633333333333334,1,0.999933123588562,1
D:/Final_Year_Project/Deepfake_Dissertation/dataset/standardized/malayalam/fake/ml_fake_000217.wav,1,0.5766666666666667,1,0.999946355819702,1
D:/Final_Year_Project/Deepfake_Dissertation/dataset/standardized/malayalam/fake/ml_fake_000218.wav,1,0.6166666666666667,1,0.9998350143432616,1
D:/Final_Year_Project/Deepfake_Dissertation/dataset/standardized/malayalam/fake/ml_fake_000219.wav,1,0.6,1,0.9954866766929626,1
D:/Final_Year_Project/Deepfake_Dissertation/dataset/standardized/malayalam/fake/ml_fake_000220.wav,1,0.59,1,0.999812662601471,1
D:/Final_Year_Project/Deepfake_Dissertation/dataset/standardized/malayalam/fake/ml_fake_000221.wav,1,0.5666666666666667,1,0.999880313873291,1
D:/Final_Year_Project/Deepfake_Dissertation/dataset/standardized/malayalam/fake/ml_fake_000222.wav,1,0.58,1,0.9999758005142212,1
D:/Final_Year_Project/Deepfake_Dissertation/dataset/standardized/malayalam/fake/ml_fake_000223.wav,1,0.5866666666666667,1,0.9988526105880736,1
D:/Final_Year_Project/Deepfake_Dissertation/dataset/standardized/malayalam/fake/ml_fake_000224.wav,1,0.57,1,0.9987706542015076,1
D:/Final_Year_Project/Deepfake_Dissertation/dataset/standardized/malayalam/fake/ml_fake_000225.wav,1,0.57,1,0.9988532066345216,1
D:/Final_Year_Project/Deepfake_Dissertation/dataset/standardized/malayalam/fake/ml_fake_000226.wav,1,0.5533333333333333,1,0.9998096823692322,1
D:/Final_Year_Project/Deepfake_Dissertation/dataset/standardized/malayalam/fake/ml_fake_000227.wav,1,0.6266666666666667,1,0.9991310238838196,1
D:/Final_Year_Project/Deepfake_Dissertation/dataset/standardized/malayalam/fake/ml_fake_000228.wav,1,0.5166666666666667,1,0.995696783065796,1
D:/Final_Year_Project/Deepfake_Dissertation/dataset/standardized/malayalam/fake/ml_fake_000229.wav,1,0.5766666666666667,1,0.9996143579483032,1
D:/Final_Year_Project/Deepfake_Dissertation/dataset/standardized/malayalam/fake/ml_fake_000230.wav,1,0.5666666666666667,1,0.9994218349456788,1
D:/Final_Year_Project/Deepfake_Dissertation/dataset/standardized/malayalam/fake/ml_fake_000231.wav,1,0.5666666666666667,1,0.9997081160545348,1
D:/Final_Year_Project/Deepfake_Dissertation/dataset/standardized/malayalam/fake/ml_fake_000232.wav,1,0.5766666666666667,1,0.9996113181114196,1
D:/Final_Year_Project/Deepfake_Dissertation/dataset/standardized/malayalam/fake/ml_fake_000233.wav,1,0.9566666666666668,1,0.9997245669364928,1
D:/Final_Year_Project/Deepfake_Dissertation/dataset/standardized/malayalam/fake/ml_fake_000234.wav,1,0.56,1,0.9998698234558104,1
D:/Final_Year_Project/Deepfake_Dissertation/dataset/standardized/malayalam/fake/ml_fake_000235.wav,1,0.61,1,0.9998698234558104,1
D:/Final_Year_Project/Deepfake_Dissertation/dataset/standardized/malayalam/fake/ml_fake_000236.wav,1,0.54,1,0.9984081387519836,1
D:/Final_Year_Project/Deepfake_Dissertation/dataset/standardized/malayalam/fake/ml_fake_000237.wav,1,0.9433333333333334,1,0.9996844530105592,1
D:/Final_Year_Project/Deepfake_Dissertation/dataset/standardized/malayalam/fake/ml_fake_000238.wav,1,0.57,1,0.9975196719169616,1
D:/Final_Year_Project/Deepfake_Dissertation/dataset/standardized/malayalam/fake/ml_fake_000239.wav,1,0.63,1,0.9999009370803832,1
D:/Final_Year_Project/Deepfake_Dissertation/dataset/standardized/malayalam/fake/ml_fake_000240.wav,1,0.5666666666666667,1,0.9993054866790771,1
D:/Final_Year_Project/Deepfake_Dissertation/dataset/standardized/malayalam/fake/ml_fake_000241.wav,1,0.5766666666666667,1,0.999479591846466,1
D:/Final_Year_Project/Deepfake_Dissertation/dataset/standardized/malayalam/fake/ml_fake_000242.wav,1,0.5666666666666667,1,0.9994471669197084,1
D:/Final_Year_Project/Deepfake_Dissertation/dataset/standardized/malayalam/fake/ml_fake_000243.wav,1,0.55,1,0.9999269247055054,1
D:/Final_Year_Project/Deepfake_Dissertation/dataset/standardized/malayalam/fake/ml_fake_000244.wav,1,0.5566666666666666,1,0.9976822137832642,1
D:/Final_Year_Project/Deepfake_Dissertation/dataset/standardized/malayalam/fake/ml_fake_000245.wav,1,0.5666666666666667,1,0.9989768266677856,1
D:/Final_Year_Project/Deepfake_Dissertation/dataset/standardized/malayalam/fake/ml_fake_000246.wav,1,0.5633333333333334,1,0.9981377124786376,1
D:/Final_Year_Project/Deepfake_Dissertation/dataset/standardized/malayalam/fake/ml_fake_000247.wav,1,0.5266666666666666,1,0.9998685121536256,1
D:/Final_Year_Project/Deepfake_Dissertation/dataset/standardized/malayalam/fake/ml_fake_000248.wav,1,0.5733333333333334,1,0.9994957447052002,1
D:/Final_Year_Project/Deepfake_Dissertation/dataset/standardized/malayalam/fake/ml_fake_000249.wav,1,0.5433333333333333,1,0.9995030164718628,1
D:/Final_Year_Project/Deepfake_Dissertation/dataset/standardized/malayalam/fake/ml_fake_000250.wav,1,0.58,1,0.9998173117637634,1
D:/Final_Year_Project/Deepfake_Dissertation/dataset/standardized/malayalam/fake/ml_fake_000251.wav,1,0.7666666666666667,1,0.9992799162864684,1
D:/Final_Year_Project/Deepfake_Dissertation/dataset/standardized/malayalam/fake/ml_fake_000252.wav,1,0.5533333333333333,1,0.9999476671218872,1
D:/Final_Year_Project/Deepfake_Dissertation/dataset/standardized/malayalam/fake/ml_fake_000253.wav,1,0.5466666666666666,1,0.9997653365135192,1
D:/Final_Year_Project/Deepfake_Dissertation/dataset/standardized/malayalam/fake/ml_fake_000254.wav,1,1.0,1,0.9998766183853148,1
D:/Final_Year_Project/Deepfake_Dissertation/dataset/standardized/malayalam/fake/ml_fake_000255.wav,1,0.5566666666666666,1,0.9984857439994812,1
D:/Final_Year_Project/Deepfake_Dissertation/dataset/standardized/malayalam/fake/ml_fake_000256.wav,1,0.5466666666666666,1,0.9997053742408752,1
D:/Final_Year_Project/Deepfake_Dissertation/dataset/standardized/malayalam/fake/ml_fake_000257.wav,1,0.5533333333333333,1,0.9999078512191772,1
D:/Final_Year_Project/Deepfake_Dissertation/dataset/standardized/malayalam/fake/ml_fake_000258.wav,1,0.56,1,0.9999761581420898,1
D:/Final_Year_Project/Deepfake_Dissertation/dataset/standardized/malayalam/fake/ml_fake_000259.wav,1,0.63,1,0.9997556805610656,1
D:/Final_Year_Project/Deepfake_Dissertation/dataset/standardized/malayalam/fake/ml_fake_000260.wav,1,0.5166666666666667,1,0.9996538162231444,1
D:/Final_Year_Project/Deepfake_Dissertation/dataset/standardized/malayalam/fake/ml_fake_000261.wav,1,0.93,1,0.9996227025985718,1
D:/Final_Year_Project/Deepfake_Dissertation/dataset/standardized/malayalam/fake/ml_fake_000262.wav,1,0.92,1,0.9952438473701476,1
D:/Final_Year_Project/Deepfake_Dissertation/dataset/standardized/malayalam/fake/ml_fake_000263.wav,1,0.5433333333333333,1,0.9999548196792604,1
D:/Final_Year_Project/Deepfake_Dissertation/dataset/standardized/malayalam/fake/ml_fake_000264.wav,1,0.9666666666666668,1,0.9990800619125366,1
D:/Final_Year_Project/Deepfake_Dissertation/dataset/standardized/malayalam/fake/ml_fake_000265.wav,1,0.5533333333333333,1,0.9780229926109314,1
D:/Final_Year_Project/Deepfake_Dissertation/dataset/standardized/malayalam/fake/ml_fake_000266.wav,1,0.5266666666666666,1,0.9965968728065492,1
D:/Final_Year_Project/Deepfake_Dissertation/dataset/standardized/malayalam/fake/ml_fake_000267.wav,1,0.56,1,0.999409317970276,1
D:/Final_Year_Project/Deepfake_Dissertation/dataset/standardized/malayalam/fake/ml_fake_000268.wav,1,0.5733333333333334,1,0.99606055021286,1
D:/Final_Year_Project/Deepfake_Dissertation/dataset/standardized/malayalam/fake/ml_fake_000269.wav,1,0.5466666666666666,1,0.9997393488883972,1
D:/Final_Year_Project/Deepfake_Dissertation/dataset/standardized/malayalam/fake/ml_fake_000270.wav,1,0.57,1,0.9993557333946228,1
D:/Final_Year_Project/Deepfake_Dissertation/dataset/standardized/malayalam/fake/ml_fake_000271.wav,1,0.6266666666666667,1,0.9999891519546508,1
D:/Final_Year_Project/Deepfake_Dissertation/dataset/standardized/malayalam/fake/ml_fake_000272.wav,1,0.5933333333333334,1,0.9999338388442992,1
D:/Final_Year_Project/Deepfake_Dissertation/dataset/standardized/malayalam/fake/ml_fake_000273.wav,1,0.5566666666666666,1,0.9990816116333008,1
D:/Final_Year_Project/Deepfake_Dissertation/dataset/standardized/malayalam/fake/ml_fake_000274.wav,1,0.5366666666666666,1,0.9997032284736632,1
D:/Final_Year_Project/Deepfake_Dissertation/dataset/standardized/malayalam/fake/ml_fake_000275.wav,1,0.55,1,0.9999371767044068,1
D:/Final_Year_Project/Deepfake_Dissertation/dataset/standardized/malayalam/fake/ml_fake_000276.wav,1,0.5533333333333333,1,0.9998100399971008,1
D:/Final_Year_Project/Deepfake_Dissertation/dataset/standardized/malayalam/fake/ml_fake_000277.wav,1,0.5633333333333334,1,0.9997825026512146,1
D:/Final_Year_Project/Deepfake_Dissertation/dataset/standardized/malayalam/fake/ml_fake_000278.wav,1,0.5666666666666667,1,0.9891700148582458,1
D:/Final_Year_Project/Deepfake_Dissertation/dataset/standardized/malayalam/fake/ml_fake_000279.wav,1,0.5566666666666666,1,0.995137631893158,1
D:/Final_Year_Project/Deepfake_Dissertation/dataset/standardized/malayalam/fake/ml_fake_000280.wav,1,0.53,1,0.9863898158073424,1
D:/Final_Year_Project/Deepfake_Dissertation/dataset/standardized/malayalam/fake/ml_fake_000281.wav,1,0.5633333333333334,1,0.9933810234069824,1
D:/Final_Year_Project/Deepfake_Dissertation/dataset/standardized/malayalam/fake/ml_fake_000282.wav,1,0.56,1,0.999211311340332,1
D:/Final_Year_Project/Deepfake_Dissertation/dataset/standardized/malayalam/fake/ml_fake_000283.wav,1,0.5433333333333333,1,0.9990824460983276,1
D:/Final_Year_Project/Deepfake_Dissertation/dataset/standardized/malayalam/fake/ml_fake_000284.wav,1,0.5866666666666667,1,0.9997914433479308,1
D:/Final_Year_Project/Deepfake_Dissertation/dataset/standardized/malayalam/fake/ml_fake_000285.wav,1,0.56,1,0.9992358684539796,1
D:/Final_Year_Project/Deepfake_Dissertation/dataset/standardized/malayalam/fake/ml_fake_000286.wav,1,0.5533333333333333,1,0.999930739402771,1
D:/Final_Year_Project/Deepfake_Dissertation/dataset/standardized/malayalam/fake/ml_fake_000287.wav,1,0.57,1,0.9988721013069152,1
D:/Final_Year_Project/Deepfake_Dissertation/dataset/standardized/malayalam/fake/ml_fake_000288.wav,1,0.57,1,0.9999356269836426,1
D:/Final_Year_Project/Deepfake_Dissertation/dataset/standardized/malayalam/fake/ml_fake_000289.wav,1,0.5866666666666667,1,0.9966174960136414,1
D:/Final_Year_Project/Deepfake_Dissertation/dataset/standardized/malayalam/fake/ml_fake_000290.wav,1,0.5733333333333334,1,0.9894070029258728,1
D:/Final_Year_Project/Deepfake_Dissertation/dataset/standardized/malayalam/fake/ml_fake_000291.wav,1,0.5533333333333333,1,0.9933370351791382,1
D:/Final_Year_Project/Deepfake_Dissertation/dataset/standardized/malayalam/fake/ml_fake_000292.wav,1,0.6333333333333333,1,0.9995166063308716,1
D:/Final_Year_Project/Deepfake_Dissertation/dataset/standardized/malayalam/fake/ml_fake_000293.wav,1,0.56,1,0.9998818635940552,1
D:/Final_Year_Project/Deepfake_Dissertation/dataset/standardized/malayalam/fake/ml_fake_000294.wav,1,0.5666666666666667,1,0.999386191368103,1
D:/Final_Year_Project/Deepfake_Dissertation/dataset/standardized/malayalam/fake/ml_fake_000295.wav,1,0.5566666666666666,1,0.999891996383667,1
D:/Final_Year_Project/Deepfake_Dissertation/dataset/standardized/malayalam/fake/ml_fake_000296.wav,1,0.6166666666666667,1,0.998804807662964,1
D:/Final_Year_Project/Deepfake_Dissertation/dataset/standardized/malayalam/fake/ml_fake_000297.wav,1,0.5533333333333333,1,0.9780071377754213,1
D:/Final_Year_Project/Deepfake_Dissertation/dataset/standardized/malayalam/fake/ml_fake_000298.wav,1,0.56,1,0.9938845038414,1
D:/Final_Year_Project/Deepfake_Dissertation/dataset/standardized/malayalam/fake/ml_fake_000299.wav,1,0.5566666666666666,1,0.9999682903289796,1
D:/Final_Year_Project/Deepfake_Dissertation/dataset/standardized/malayalam/fake/ml_fake_000300.wav,1,0.54,1,0.996674418449402,1
D:/Final_Year_Project/Deepfake_Dissertation/dataset/standardized/malayalam/fake/ml_fake_000301.wav,1,0.55,1,0.9964879751205444,1
D:/Final_Year_Project/Deepfake_Dissertation/dataset/standardized/malayalam/fake/ml_fake_000302.wav,1,0.5466666666666666,1,0.9996138215065002,1
D:/Final_Year_Project/Deepfake_Dissertation/dataset/standardized/malayalam/fake/ml_fake_000303.wav,1,0.5466666666666666,1,0.9940872192382812,1
D:/Final_Year_Project/Deepfake_Dissertation/dataset/standardized/malayalam/fake/ml_fake_000304.wav,1,0.5866666666666667,1,0.999958872795105,1
D:/Final_Year_Project/Deepfake_Dissertation/dataset/standardized/malayalam/fake/ml_fake_000305.wav,1,0.57,1,0.9951736330986024,1
D:/Final_Year_Project/Deepfake_Dissertation/dataset/standardized/malayalam/fake/ml_fake_000306.wav,1,0.5766666666666667,1,0.9995187520980836,1
D:/Final_Year_Project/Deepfake_Dissertation/dataset/standardized/malayalam/fake/ml_fake_000307.wav,1,0.54,1,0.9993270635604858,1
D:/Final_Year_Project/Deepfake_Dissertation/dataset/standardized/malayalam/fake/ml_fake_000308.wav,1,0.56,1,0.9993902444839478,1
D:/Final_Year_Project/Deepfake_Dissertation/dataset/standardized/malayalam/fake/ml_fake_000309.wav,1,0.5533333333333333,1,0.999929428100586,1
D:/Final_Year_Project/Deepfake_Dissertation/dataset/standardized/malayalam/fake/ml_fake_000310.wav,1,0.59,1,0.999584138393402,1
D:/Final_Year_Project/Deepfake_Dissertation/dataset/standardized/malayalam/fake/ml_fake_000311.wav,1,0.5533333333333333,1,0.999567210674286,1
D:/Final_Year_Project/Deepfake_Dissertation/dataset/standardized/malayalam/fake/ml_fake_000312.wav,1,0.5833333333333334,1,0.9981430768966676,1
D:/Final_Year_Project/Deepfake_Dissertation/dataset/standardized/malayalam/fake/ml_fake_000313.wav,1,0.6266666666666667,1,0.9996509552001952,1
D:/Final_Year_Project/Deepfake_Dissertation/dataset/standardized/malayalam/fake/ml_fake_000314.wav,1,0.5566666666666666,1,0.9796901941299438,1
D:/Final_Year_Project/Deepfake_Dissertation/dataset/standardized/malayalam/fake/ml_fake_000315.wav,1,0.5666666666666667,1,0.9904618859291076,1
D:/Final_Year_Project/Deepfake_Dissertation/dataset/standardized/malayalam/fake/ml_fake_000316.wav,1,0.6166666666666667,1,0.9996254444122314,1
D:/Final_Year_Project/Deepfake_Dissertation/dataset/standardized/malayalam/fake/ml_fake_000317.wav,1,0.5366666666666666,1,0.9998167157173156,1
D:/Final_Year_Project/Deepfake_Dissertation/dataset/standardized/malayalam/fake/ml_fake_000318.wav,1,0.5433333333333333,1,0.9993391633033752,1
D:/Final_Year_Project/Deepfake_Dissertation/dataset/standardized/malayalam/fake/ml_fake_000319.wav,1,0.5733333333333334,1,0.9998981952667236,1
D:/Final_Year_Project/Deepfake_Dissertation/dataset/standardized/malayalam/fake/ml_fake_000320.wav,1,0.58,1,0.9997685551643372,1
D:/Final_Year_Project/Deepfake_Dissertation/dataset/standardized/malayalam/fake/ml_fake_000321.wav,1,0.63,1,0.9996896982192992,1
D:/Final_Year_Project/Deepfake_Dissertation/dataset/standardized/malayalam/fake/ml_fake_000322.wav,1,0.5433333333333333,1,0.9994157552719116,1
D:/Final_Year_Project/Deepfake_Dissertation/dataset/standardized/malayalam/fake/ml_fake_000323.wav,1,0.5866666666666667,1,0.9984489679336548,1
D:/Final_Year_Project/Deepfake_Dissertation/dataset/standardized/malayalam/fake/ml_fake_000324.wav,1,0.5333333333333333,1,0.9996795654296876,1
D:/Final_Year_Project/Deepfake_Dissertation/dataset/standardized/malayalam/fake/ml_fake_000325.wav,1,0.5433333333333333,1,0.9998096823692322,1
D:/Final_Year_Project/Deepfake_Dissertation/dataset/standardized/malayalam/fake/ml_fake_000326.wav,1,0.6166666666666667,1,0.99997079372406,1
D:/Final_Year_Project/Deepfake_Dissertation/dataset/standardized/malayalam/fake/ml_fake_000327.wav,1,0.5766666666666667,1,0.9997695088386536,1
D:/Final_Year_Project/Deepfake_Dissertation/dataset/standardized/malayalam/fake/ml_fake_000328.wav,1,0.5366666666666666,1,0.9969419836997986,1
D:/Final_Year_Project/Deepfake_Dissertation/dataset/standardized/malayalam/fake/ml_fake_000329.wav,1,0.5633333333333334,1,0.9998893737792968,1
D:/Final_Year_Project/Deepfake_Dissertation/dataset/standardized/malayalam/fake/ml_fake_000330.wav,1,0.6166666666666667,1,0.9995535016059875,1
D:/Final_Year_Project/Deepfake_Dissertation/dataset/standardized/malayalam/fake/ml_fake_000331.wav,1,0.5366666666666666,1,0.9960612654685974,1
D:/Final_Year_Project/Deepfake_Dissertation/dataset/standardized/malayalam/fake/ml_fake_000332.wav,1,0.5766666666666667,1,0.99998939037323,1
D:/Final_Year_Project/Deepfake_Dissertation/dataset/standardized/malayalam/fake/ml_fake_000333.wav,1,0.6366666666666667,1,0.9998714923858644,1
D:/Final_Year_Project/Deepfake_Dissertation/dataset/standardized/malayalam/fake/ml_fake_000334.wav,1,0.57,1,0.9995459914207458,1
D:/Final_Year_Project/Deepfake_Dissertation/dataset/standardized/malayalam/fake/ml_fake_000335.wav,1,0.5566666666666666,1,0.9999752044677734,1
D:/Final_Year_Project/Deepfake_Dissertation/dataset/standardized/malayalam/fake/ml_fake_000336.wav,1,0.56,1,0.9998989105224608,1
D:/Final_Year_Project/Deepfake_Dissertation/dataset/standardized/malayalam/fake/ml_fake_000337.wav,1,0.56,1,0.996941864490509,1
D:/Final_Year_Project/Deepfake_Dissertation/dataset/standardized/malayalam/fake/ml_fake_000338.wav,1,0.5633333333333334,1,0.9905338287353516,1
D:/Final_Year_Project/Deepfake_Dissertation/dataset/standardized/malayalam/fake/ml_fake_000339.wav,1,0.5766666666666667,1,0.9963054656982422,1
D:/Final_Year_Project/Deepfake_Dissertation/dataset/standardized/malayalam/fake/ml_fake_000340.wav,1,0.56,1,0.9994980096817015,1
D:/Final_Year_Project/Deepfake_Dissertation/dataset/standardized/malayalam/fake/ml_fake_000341.wav,1,0.5566666666666666,1,0.9806411266326904,1
D:/Final_Year_Project/Deepfake_Dissertation/dataset/standardized/malayalam/fake/ml_fake_000342.wav,1,0.5533333333333333,1,0.9998112320899964,1
D:/Final_Year_Project/Deepfake_Dissertation/dataset/standardized/malayalam/fake/ml_fake_000343.wav,1,0.5733333333333334,1,0.9896308779716492,1
D:/Final_Year_Project/Deepfake_Dissertation/dataset/standardized/malayalam/fake/ml_fake_000344.wav,1,0.5833333333333334,1,0.9996566772460938,1
D:/Final_Year_Project/Deepfake_Dissertation/dataset/standardized/malayalam/fake/ml_fake_000345.wav,1,0.57,1,0.99993896484375,1
D:/Final_Year_Project/Deepfake_Dissertation/dataset/standardized/malayalam/fake/ml_fake_000346.wav,1,0.5766666666666667,1,0.9983371496200562,1
D:/Final_Year_Project/Deepfake_Dissertation/dataset/standardized/malayalam/fake/ml_fake_000347.wav,1,0.55,1,0.9843749403953552,1
D:/Final_Year_Project/Deepfake_Dissertation/dataset/standardized/malayalam/fake/ml_fake_000348.wav,1,0.5766666666666667,1,0.9994433522224426,1
D:/Final_Year_Project/Deepfake_Dissertation/dataset/standardized/malayalam/fake/ml_fake_000349.wav,1,0.5566666666666666,1,0.9998966455459596,1
D:/Final_Year_Project/Deepfake_Dissertation/dataset/standardized/malayalam/fake/ml_fake_000350.wav,1,0.5566666666666666,1,0.9997538924217224,1
D:/Final_Year_Project/Deepfake_Dissertation/dataset/standardized/malayalam/fake/ml_fake_000351.wav,1,0.56,1,0.9991094470024108,1
D:/Final_Year_Project/Deepfake_Dissertation/dataset/standardized/malayalam/fake/ml_fake_000352.wav,1,0.55,1,0.9957230091094972,1
D:/Final_Year_Project/Deepfake_Dissertation/dataset/standardized/malayalam/fake/ml_fake_000353.wav,1,0.61,1,0.9997538924217224,1
D:/Final_Year_Project/Deepfake_Dissertation/dataset/standardized/malayalam/fake/ml_fake_000354.wav,1,0.5733333333333334,1,0.9986698627471924,1
D:/Final_Year_Project/Deepfake_Dissertation/dataset/standardized/malayalam/fake/ml_fake_000355.wav,1,0.6133333333333333,1,0.9998804330825806,1
D:/Final_Year_Project/Deepfake_Dissertation/dataset/standardized/malayalam/fake/ml_fake_000356.wav,1,0.56,1,0.9991106390953064,1
D:/Final_Year_Project/Deepfake_Dissertation/dataset/standardized/malayalam/fake/ml_fake_000357.wav,1,0.5766666666666667,1,0.9999030828475952,1
D:/Final_Year_Project/Deepfake_Dissertation/dataset/standardized/malayalam/fake/ml_fake_000358.wav,1,0.5333333333333333,1,0.9998137354850768,1
D:/Final_Year_Project/Deepfake_Dissertation/dataset/standardized/malayalam/fake/ml_fake_000359.wav,1,0.56,1,0.9998422861099244,1
D:/Final_Year_Project/Deepfake_Dissertation/dataset/standardized/malayalam/fake/ml_fake_000360.wav,1,0.5366666666666666,1,0.9994814991950988,1
D:/Final_Year_Project/Deepfake_Dissertation/dataset/standardized/malayalam/fake/ml_fake_000361.wav,1,0.5566666666666666,1,0.9998794794082642,1
D:/Final_Year_Project/Deepfake_Dissertation/dataset/standardized/malayalam/fake/ml_fake_000362.wav,1,0.56,1,0.9995642304420472,1
D:/Final_Year_Project/Deepfake_Dissertation/dataset/standardized/malayalam/fake/ml_fake_000363.wav,1,0.9933333333333332,1,0.9998058676719666,1
D:/Final_Year_Project/Deepfake_Dissertation/dataset/standardized/malayalam/fake/ml_fake_000364.wav,1,0.59,1,0.998728334903717,1
D:/Final_Year_Project/Deepfake_Dissertation/dataset/standardized/malayalam/fake/ml_fake_000365.wav,1,0.9366666666666666,1,0.9980543851852416,1
D:/Final_Year_Project/Deepfake_Dissertation/dataset/standardized/malayalam/fake/ml_fake_000366.wav,1,0.57,1,0.9996731281280518,1
D:/Final_Year_Project/Deepfake_Dissertation/dataset/standardized/malayalam/fake/ml_fake_000367.wav,1,0.6,1,0.999439299106598,1
D:/Final_Year_Project/Deepfake_Dissertation/dataset/standardized/malayalam/fake/ml_fake_000368.wav,1,0.5566666666666666,1,0.998528003692627,1
D:/Final_Year_Project/Deepfake_Dissertation/dataset/standardized/malayalam/fake/ml_fake_000369.wav,1,0.9366666666666666,1,0.9995949864387512,1
D:/Final_Year_Project/Deepfake_Dissertation/dataset/standardized/malayalam/fake/ml_fake_000370.wav,1,0.55,1,0.999645471572876,1
D:/Final_Year_Project/Deepfake_Dissertation/dataset/standardized/malayalam/fake/ml_fake_000371.wav,1,0.62,1,0.9995142221450806,1
D:/Final_Year_Project/Deepfake_Dissertation/dataset/standardized/malayalam/fake/ml_fake_000372.wav,1,0.5966666666666667,1,0.999601423740387,1
D:/Final_Year_Project/Deepfake_Dissertation/dataset/standardized/malayalam/fake/ml_fake_000373.wav,1,0.56,1,0.9992212057113647,1
D:/Final_Year_Project/Deepfake_Dissertation/dataset/standardized/malayalam/fake/ml_fake_000374.wav,1,0.5933333333333334,1,0.999926209449768,1
D:/Final_Year_Project/Deepfake_Dissertation/dataset/standardized/malayalam/fake/ml_fake_000375.wav,1,0.5566666666666666,1,0.999919056892395,1
D:/Final_Year_Project/Deepfake_Dissertation/dataset/standardized/malayalam/fake/ml_fake_000376.wav,1,0.56,1,0.99896502494812,1
D:/Final_Year_Project/Deepfake_Dissertation/dataset/standardized/malayalam/fake/ml_fake_000377.wav,1,0.9666666666666668,1,0.9998779296875,1
D:/Final_Year_Project/Deepfake_Dissertation/dataset/standardized/malayalam/fake/ml_fake_000378.wav,1,0.65,1,0.9987980127334596,1
D:/Final_Year_Project/Deepfake_Dissertation/dataset/standardized/malayalam/fake/ml_fake_000379.wav,1,0.57,1,0.9995100498199464,1
D:/Final_Year_Project/Deepfake_Dissertation/dataset/standardized/malayalam/fake/ml_fake_000380.wav,1,0.62,1,0.9997654557228088,1
D:/Final_Year_Project/Deepfake_Dissertation/dataset/standardized/malayalam/fake/ml_fake_000381.wav,1,0.57,1,0.996595561504364,1
D:/Final_Year_Project/Deepfake_Dissertation/dataset/standardized/malayalam/fake/ml_fake_000382.wav,1,0.9833333333333332,1,0.9999405145645142,1
D:/Final_Year_Project/Deepfake_Dissertation/dataset/standardized/malayalam/fake/ml_fake_000383.wav,1,0.6366666666666667,1,0.9999567270278932,1
D:/Final_Year_Project/Deepfake_Dissertation/dataset/standardized/malayalam/fake/ml_fake_000384.wav,1,0.6,1,0.9992283582687378,1
D:/Final_Year_Project/Deepfake_Dissertation/dataset/standardized/malayalam/fake/ml_fake_000385.wav,1,0.95,1,0.9992017149925232,1
D:/Final_Year_Project/Deepfake_Dissertation/dataset/standardized/malayalam/fake/ml_fake_000386.wav,1,0.5633333333333334,1,0.999578893184662,1
D:/Final_Year_Project/Deepfake_Dissertation/dataset/standardized/malayalam/fake/ml_fake_000387.wav,1,0.63,1,0.9880395531654358,1
D:/Final_Year_Project/Deepfake_Dissertation/dataset/standardized/malayalam/fake/ml_fake_000388.wav,1,0.5633333333333334,1,0.9997623562812804,1
D:/Final_Year_Project/Deepfake_Dissertation/dataset/standardized/malayalam/fake/ml_fake_000389.wav,1,0.5666666666666667,1,0.9996907711029052,1
D:/Final_Year_Project/Deepfake_Dissertation/dataset/standardized/malayalam/fake/ml_fake_000390.wav,1,0.56,1,0.9998735189437866,1
D:/Final_Year_Project/Deepfake_Dissertation/dataset/standardized/malayalam/fake/ml_fake_000391.wav,1,0.55,1,0.9984340071678162,1
D:/Final_Year_Project/Deepfake_Dissertation/dataset/standardized/malayalam/fake/ml_fake_000392.wav,1,0.5633333333333334,1,0.9998283386230468,1
D:/Final_Year_Project/Deepfake_Dissertation/dataset/standardized/malayalam/fake/ml_fake_000393.wav,1,0.5466666666666666,1,0.9979756474494934,1
D:/Final_Year_Project/Deepfake_Dissertation/dataset/standardized/malayalam/fake/ml_fake_000394.wav,1,0.5433333333333333,1,0.998654007911682,1
D:/Final_Year_Project/Deepfake_Dissertation/dataset/standardized/malayalam/fake/ml_fake_000395.wav,1,0.5733333333333334,1,0.999617338180542,1
D:/Final_Year_Project/Deepfake_Dissertation/dataset/standardized/malayalam/fake/ml_fake_000396.wav,1,0.5866666666666667,1,0.9999433755874634,1
D:/Final_Year_Project/Deepfake_Dissertation/dataset/standardized/malayalam/fake/ml_fake_000397.wav,1,0.5566666666666666,1,0.999727189540863,1
D:/Final_Year_Project/Deepfake_Dissertation/dataset/standardized/malayalam/fake/ml_fake_000398.wav,1,0.5566666666666666,1,0.9998027682304382,1
D:/Final_Year_Project/Deepfake_Dissertation/dataset/standardized/malayalam/fake/ml_fake_000399.wav,1,0.5666666666666667,1,0.9994933605194092,1
D:/Final_Year_Project/Deepfake_Dissertation/dataset/standardized/malayalam/fake/ml_fake_000400.wav,1,0.56,1,0.9999765157699584,1
D:/Final_Year_Project/Deepfake_Dissertation/dataset/standardized/malayalam/fake/ml_fake_000401.wav,1,0.5566666666666666,1,0.99892657995224,1
D:/Final_Year_Project/Deepfake_Dissertation/dataset/standardized/malayalam/fake/ml_fake_000402.wav,1,0.57,1,0.9998431205749512,1
D:/Final_Year_Project/Deepfake_Dissertation/dataset/standardized/malayalam/fake/ml_fake_000403.wav,1,0.5433333333333333,1,0.9990317821502686,1
D:/Final_Year_Project/Deepfake_Dissertation/dataset/standardized/malayalam/fake/ml_fake_000404.wav,1,0.5566666666666666,1,0.9964654445648192,1
D:/Final_Year_Project/Deepfake_Dissertation/dataset/standardized/malayalam/fake/ml_fake_000405.wav,1,0.5766666666666667,1,0.9925528168678284,1
D:/Final_Year_Project/Deepfake_Dissertation/dataset/standardized/malayalam/fake/ml_fake_000406.wav,1,0.5866666666666667,1,0.999586284160614,1
D:/Final_Year_Project/Deepfake_Dissertation/dataset/standardized/malayalam/fake/ml_fake_000407.wav,1,0.5566666666666666,1,0.9999386072158812,1
D:/Final_Year_Project/Deepfake_Dissertation/dataset/standardized/malayalam/fake/ml_fake_000408.wav,1,0.5433333333333333,1,0.9990112781524658,1
D:/Final_Year_Project/Deepfake_Dissertation/dataset/standardized/malayalam/fake/ml_fake_000409.wav,1,0.5533333333333333,1,0.9953500032424928,1
D:/Final_Year_Project/Deepfake_Dissertation/dataset/standardized/malayalam/fake/ml_fake_000410.wav,1,0.56,1,0.999629020690918,1
D:/Final_Year_Project/Deepfake_Dissertation/dataset/standardized/malayalam/fake/ml_fake_000411.wav,1,0.5566666666666666,1,0.9940440058708192,1
D:/Final_Year_Project/Deepfake_Dissertation/dataset/standardized/malayalam/fake/ml_fake_000412.wav,1,0.5766666666666667,1,0.9998058676719666,1
D:/Final_Year_Project/Deepfake_Dissertation/dataset/standardized/malayalam/fake/ml_fake_000413.wav,1,0.6266666666666667,1,0.9986386895179749,1
D:/Final_Year_Project/Deepfake_Dissertation/dataset/standardized/malayalam/fake/ml_fake_000414.wav,1,0.5966666666666667,1,0.9996482133865356,1
D:/Final_Year_Project/Deepfake_Dissertation/dataset/standardized/malayalam/fake/ml_fake_000415.wav,1,0.5666666666666667,1,0.9997866749763488,1
D:/Final_Year_Project/Deepfake_Dissertation/dataset/standardized/malayalam/fake/ml_fake_000416.wav,1,0.57,1,0.9999758005142212,1
D:/Final_Year_Project/Deepfake_Dissertation/dataset/standardized/malayalam/fake/ml_fake_000417.wav,1,0.5333333333333333,1,0.9996277093887328,1
D:/Final_Year_Project/Deepfake_Dissertation/dataset/standardized/malayalam/fake/ml_fake_000418.wav,1,0.5666666666666667,1,0.9991014003753662,1
D:/Final_Year_Project/Deepfake_Dissertation/dataset/standardized/malayalam/fake/ml_fake_000419.wav,1,0.5633333333333334,1,0.9999022483825684,1
D:/Final_Year_Project/Deepfake_Dissertation/dataset/standardized/malayalam/fake/ml_fake_000420.wav,1,0.5133333333333333,1,0.9995656609535216,1
D:/Final_Year_Project/Deepfake_Dissertation/dataset/standardized/malayalam/fake/ml_fake_000421.wav,1,0.57,1,0.997102439403534,1
D:/Final_Year_Project/Deepfake_Dissertation/dataset/standardized/malayalam/fake/ml_fake_000422.wav,1,0.5533333333333333,1,0.9952675104141236,1
D:/Final_Year_Project/Deepfake_Dissertation/dataset/standardized/malayalam/fake/ml_fake_000423.wav,1,0.56,1,0.9998698234558104,1
D:/Final_Year_Project/Deepfake_Dissertation/dataset/standardized/malayalam/fake/ml_fake_000424.wav,1,0.5833333333333334,1,0.9998754262924194,1
D:/Final_Year_Project/Deepfake_Dissertation/dataset/standardized/malayalam/fake/ml_fake_000425.wav,1,0.5866666666666667,1,0.999922513961792,1
D:/Final_Year_Project/Deepfake_Dissertation/dataset/standardized/malayalam/fake/ml_fake_000426.wav,1,0.55,1,0.9998399019241332,1
D:/Final_Year_Project/Deepfake_Dissertation/dataset/standardized/malayalam/fake/ml_fake_000427.wav,1,0.54,1,0.9957512617111206,1
D:/Final_Year_Project/Deepfake_Dissertation/dataset/standardized/malayalam/fake/ml_fake_000428.wav,1,0.5933333333333334,1,0.9999393224716188,1
D:/Final_Year_Project/Deepfake_Dissertation/dataset/standardized/malayalam/fake/ml_fake_000429.wav,1,0.56,1,0.998267412185669,1
D:/Final_Year_Project/Deepfake_Dissertation/dataset/standardized/malayalam/fake/ml_fake_000430.wav,1,0.55,1,0.999495267868042,1
D:/Final_Year_Project/Deepfake_Dissertation/dataset/standardized/malayalam/fake/ml_fake_000431.wav,1,0.5533333333333333,1,0.9962158799171448,1
D:/Final_Year_Project/Deepfake_Dissertation/dataset/standardized/malayalam/fake/ml_fake_000432.wav,1,0.5733333333333334,1,0.9999154806137084,1
D:/Final_Year_Project/Deepfake_Dissertation/dataset/standardized/malayalam/fake/ml_fake_000433.wav,1,0.5766666666666667,1,0.9997362494468688,1
D:/Final_Year_Project/Deepfake_Dissertation/dataset/standardized/malayalam/fake/ml_fake_000434.wav,1,0.5633333333333334,1,0.9970857501029968,1
D:/Final_Year_Project/Deepfake_Dissertation/dataset/standardized/malayalam/fake/ml_fake_000435.wav,1,0.96,1,0.9987412095069884,1
D:/Final_Year_Project/Deepfake_Dissertation/dataset/standardized/malayalam/fake/ml_fake_000436.wav,1,0.57,1,0.9997578263282776,1
D:/Final_Year_Project/Deepfake_Dissertation/dataset/standardized/malayalam/fake/ml_fake_000437.wav,1,0.59,1,0.9999103546142578,1
D:/Final_Year_Project/Deepfake_Dissertation/dataset/standardized/malayalam/fake/ml_fake_000438.wav,1,0.5666666666666667,1,0.9976153373718262,1
D:/Final_Year_Project/Deepfake_Dissertation/dataset/standardized/malayalam/fake/ml_fake_000439.wav,1,0.5533333333333333,1,0.9998890161514282,1
D:/Final_Year_Project/Deepfake_Dissertation/dataset/standardized/malayalam/fake/ml_fake_000440.wav,1,0.5633333333333334,1,0.9990549683570862,1
D:/Final_Year_Project/Deepfake_Dissertation/dataset/standardized/malayalam/fake/ml_fake_000441.wav,1,0.5533333333333333,1,0.999903440475464,1
D:/Final_Year_Project/Deepfake_Dissertation/dataset/standardized/malayalam/fake/ml_fake_000442.wav,1,0.5966666666666667,1,0.9997542500495912,1
D:/Final_Year_Project/Deepfake_Dissertation/dataset/standardized/malayalam/fake/ml_fake_000443.wav,1,0.56,1,0.9986847043037416,1
D:/Final_Year_Project/Deepfake_Dissertation/dataset/standardized/malayalam/fake/ml_fake_000444.wav,1,0.5466666666666666,1,0.9963451027870178,1
D:/Final_Year_Project/Deepfake_Dissertation/dataset/standardized/malayalam/fake/ml_fake_000445.wav,1,0.5566666666666666,1,0.9998615980148317,1
D:/Final_Year_Project/Deepfake_Dissertation/dataset/standardized/malayalam/fake/ml_fake_000446.wav,1,0.6133333333333333,1,0.9978917241096495,1
D:/Final_Year_Project/Deepfake_Dissertation/dataset/standardized/malayalam/fake/ml_fake_000447.wav,1,0.5666666666666667,1,0.9999878406524658,1
D:/Final_Year_Project/Deepfake_Dissertation/dataset/standardized/malayalam/fake/ml_fake_000448.wav,1,0.5933333333333334,1,0.9997091889381408,1
D:/Final_Year_Project/Deepfake_Dissertation/dataset/standardized/malayalam/fake/ml_fake_000449.wav,1,0.56,1,0.996471643447876,1
D:/Final_Year_Project/Deepfake_Dissertation/dataset/standardized/malayalam/fake/ml_fake_000450.wav,1,0.5666666666666667,1,0.9976275563240052,1
D:/Final_Year_Project/Deepfake_Dissertation/dataset/standardized/malayalam/fake/ml_fake_000451.wav,1,0.5833333333333334,1,0.9996838569641112,1
D:/Final_Year_Project/Deepfake_Dissertation/dataset/standardized/malayalam/fake/ml_fake_000452.wav,1,0.5633333333333334,1,0.9999120235443116,1
D:/Final_Year_Project/Deepfake_Dissertation/dataset/standardized/malayalam/fake/ml_fake_000453.wav,1,0.91,1,0.998621940612793,1
D:/Final_Year_Project/Deepfake_Dissertation/dataset/standardized/malayalam/fake/ml_fake_000454.wav,1,0.55,1,0.9906486868858336,1
D:/Final_Year_Project/Deepfake_Dissertation/dataset/standardized/malayalam/fake/ml_fake_000455.wav,1,0.5533333333333333,1,0.996542751789093,1
D:/Final_Year_Project/Deepfake_Dissertation/dataset/standardized/malayalam/fake/ml_fake_000456.wav,1,0.5733333333333334,1,0.99771249294281,1
D:/Final_Year_Project/Deepfake_Dissertation/dataset/standardized/malayalam/fake/ml_fake_000457.wav,1,0.56,1,0.9995765089988708,1
D:/Final_Year_Project/Deepfake_Dissertation/dataset/standardized/malayalam/fake/ml_fake_000458.wav,1,0.59,1,0.9996460676193236,1
D:/Final_Year_Project/Deepfake_Dissertation/dataset/standardized/malayalam/fake/ml_fake_000459.wav,1,0.56,1,0.9996907711029052,1
D:/Final_Year_Project/Deepfake_Dissertation/dataset/standardized/malayalam/fake/ml_fake_000460.wav,1,0.56,1,0.9994304776191713,1
D:/Final_Year_Project/Deepfake_Dissertation/dataset/standardized/malayalam/fake/ml_fake_000461.wav,1,0.55,1,0.9975112676620485,1
D:/Final_Year_Project/Deepfake_Dissertation/dataset/standardized/malayalam/fake/ml_fake_000462.wav,1,0.93,1,0.9988390803337096,1
D:/Final_Year_Project/Deepfake_Dissertation/dataset/standardized/malayalam/fake/ml_fake_000463.wav,1,0.99,1,0.999710738658905,1
D:/Final_Year_Project/Deepfake_Dissertation/dataset/standardized/malayalam/fake/ml_fake_000464.wav,1,0.5466666666666666,1,0.9996213912963868,1
D:/Final_Year_Project/Deepfake_Dissertation/dataset/standardized/malayalam/fake/ml_fake_000465.wav,1,0.5666666666666667,1,0.9999250173568726,1
D:/Final_Year_Project/Deepfake_Dissertation/dataset/standardized/malayalam/fake/ml_fake_000466.wav,1,0.5666666666666667,1,0.998097598552704,1
D:/Final_Year_Project/Deepfake_Dissertation/dataset/standardized/malayalam/fake/ml_fake_000467.wav,1,0.52,1,0.9993029832839966,1
D:/Final_Year_Project/Deepfake_Dissertation/dataset/standardized/malayalam/fake/ml_fake_000468.wav,1,0.62,1,0.999669909477234,1
D:/Final_Year_Project/Deepfake_Dissertation/dataset/standardized/malayalam/fake/ml_fake_000469.wav,1,0.57,1,0.9999338388442992,1
D:/Final_Year_Project/Deepfake_Dissertation/dataset/standardized/malayalam/fake/ml_fake_000470.wav,1,0.5633333333333334,1,0.9992220401763916,1
D:/Final_Year_Project/Deepfake_Dissertation/dataset/standardized/malayalam/fake/ml_fake_000471.wav,1,0.5633333333333334,1,0.9784958958625792,1
D:/Final_Year_Project/Deepfake_Dissertation/dataset/standardized/malayalam/fake/ml_fake_000472.wav,1,0.5766666666666667,1,0.999783217906952,1
D:/Final_Year_Project/Deepfake_Dissertation/dataset/standardized/malayalam/fake/ml_fake_000473.wav,1,0.5566666666666666,1,0.9996073842048644,1
D:/Final_Year_Project/Deepfake_Dissertation/dataset/standardized/malayalam/fake/ml_fake_000474.wav,1,0.5633333333333334,1,0.9994649291038512,1
D:/Final_Year_Project/Deepfake_Dissertation/dataset/standardized/malayalam/fake/ml_fake_000475.wav,1,0.5666666666666667,1,0.9993698000907898,1
D:/Final_Year_Project/Deepfake_Dissertation/dataset/standardized/malayalam/fake/ml_fake_000476.wav,1,0.5833333333333334,1,0.9843425750732422,1
D:/Final_Year_Project/Deepfake_Dissertation/dataset/standardized/malayalam/fake/ml_fake_000477.wav,1,0.5766666666666667,1,0.9999268054962158,1
D:/Final_Year_Project/Deepfake_Dissertation/dataset/standardized/malayalam/fake/ml_fake_000478.wav,1,0.57,1,0.9998288154602052,1
D:/Final_Year_Project/Deepfake_Dissertation/dataset/standardized/malayalam/fake/ml_fake_000479.wav,1,0.57,1,0.9980499744415284,1
D:/Final_Year_Project/Deepfake_Dissertation/dataset/standardized/malayalam/fake/ml_fake_000480.wav,1,0.5533333333333333,1,0.9995473027229308,1
D:/Final_Year_Project/Deepfake_Dissertation/dataset/standardized/malayalam/fake/ml_fake_000481.wav,1,0.5533333333333333,1,0.999294638633728,1
D:/Final_Year_Project/Deepfake_Dissertation/dataset/standardized/malayalam/fake/ml_fake_000482.wav,1,0.56,1,0.9999645948410034,1
D:/Final_Year_Project/Deepfake_Dissertation/dataset/standardized/malayalam/fake/ml_fake_000483.wav,1,0.54,1,0.9985180497169496,1
D:/Final_Year_Project/Deepfake_Dissertation/dataset/standardized/malayalam/fake/ml_fake_000484.wav,1,0.5933333333333334,1,0.9995101690292358,1
D:/Final_Year_Project/Deepfake_Dissertation/dataset/standardized/malayalam/fake/ml_fake_000485.wav,1,0.57,1,0.993675172328949,1
D:/Final_Year_Project/Deepfake_Dissertation/dataset/standardized/malayalam/fake/ml_fake_000486.wav,1,0.5333333333333333,1,0.999159574508667,1
D:/Final_Year_Project/Deepfake_Dissertation/dataset/standardized/malayalam/fake/ml_fake_000487.wav,1,0.5433333333333333,1,0.9965835213661194,1
D:/Final_Year_Project/Deepfake_Dissertation/dataset/standardized/malayalam/fake/ml_fake_000488.wav,1,0.56,1,0.9999057054519652,1
D:/Final_Year_Project/Deepfake_Dissertation/dataset/standardized/malayalam/fake/ml_fake_000489.wav,1,0.57,1,0.9986507296562196,1
D:/Final_Year_Project/Deepfake_Dissertation/dataset/standardized/malayalam/fake/ml_fake_000490.wav,1,0.5566666666666666,1,0.9989213943481444,1
D:/Final_Year_Project/Deepfake_Dissertation/dataset/standardized/malayalam/fake/ml_fake_000491.wav,1,0.5766666666666667,1,0.9999817609786988,1
D:/Final_Year_Project/Deepfake_Dissertation/dataset/standardized/malayalam/fake/ml_fake_000492.wav,1,0.6366666666666667,1,0.9998658895492554,1
D:/Final_Year_Project/Deepfake_Dissertation/dataset/standardized/malayalam/fake/ml_fake_000493.wav,1,0.5366666666666666,1,0.9878145456314088,1
D:/Final_Year_Project/Deepfake_Dissertation/dataset/standardized/malayalam/fake/ml_fake_000494.wav,1,0.5533333333333333,1,0.9998089671134948,1
D:/Final_Year_Project/Deepfake_Dissertation/dataset/standardized/malayalam/fake/ml_fake_000495.wav,1,0.5433333333333333,1,0.9957979321479796,1
D:/Final_Year_Project/Deepfake_Dissertation/dataset/standardized/malayalam/fake/ml_fake_000496.wav,1,0.5733333333333334,1,0.99956077337265,1
D:/Final_Year_Project/Deepfake_Dissertation/dataset/standardized/malayalam/fake/ml_fake_000497.wav,1,0.5633333333333334,1,0.9998894929885864,1
D:/Final_Year_Project/Deepfake_Dissertation/dataset/standardized/malayalam/fake/ml_fake_000498.wav,1,0.5633333333333334,1,0.9997583031654358,1
D:/Final_Year_Project/Deepfake_Dissertation/dataset/standardized/malayalam/fake/ml_fake_000499.wav,1,0.5466666666666666,1,0.999601662158966,1
D:/Final_Year_Project/Deepfake_Dissertation/dataset/standardized/malayalam/fake/ml_fake_000500.wav,1,0.5566666666666666,1,0.9906249642372132,1
